2026-08-28 19:59:13,888 [INFO] Cargados 11 proyectos de analysis_db_clean.json
2026-08-28 19:59:13,888 [INFO] === Proyecto: bikesharing ===
2026-08-28 19:59:13,888 [INFO]   tema:          bikesharing
2026-08-28 19:59:13,888 [INFO]   output_folder: /home/rrss/proyecto_web/Project_OLD/RRSS_version_stance/project_web/Web_Proyecto/datos/admin/bikesharing
2026-08-28 19:59:13,888 [INFO]   sources:       ['youtube', 'reddit', 'bluesky']
2026-08-28 19:59:13,889 [INFO]   subtopic_registry: 350 subtopics cargados de sesión anterior
2026-08-28 19:59:13,889 [INFO]   → Procesando: bluesky_global_dataset.csv
2026-08-28 19:59:13,889 [INFO]   ♻️  Reanudando desde output parcial: bluesky_global_dataset_reanalizado_schema.csv
2026-08-28 19:59:13,900 [INFO] Primera fila pendiente: 0
2026-08-28 19:59:13,900 [INFO] bluesky_global_dataset.csv: 210 filas pendientes de 210 totales
2026-08-28 20:00:13,153 [INFO] HTTP Request: POST http://localhost:8001/v1/chat/completions "HTTP/1.1 200 OK"
2026-08-28 20:00:14,732 [INFO] HTTP Request: POST http://localhost:8001/v1/chat/completions "HTTP/1.1 200 OK"
2026-08-28 20:00:16,521 [INFO] HTTP Request: POST http://localhost:8001/v1/chat/completions "HTTP/1.1 200 OK"
2026-08-28 20:00:17,900 [INFO] HTTP Request: POST http://localhost:8001/v1/chat/completions "HTTP/1.1 200 OK"
2026-08-28 20:00:19,881 [INFO] HTTP Request: POST http://localhost:8001/v1/chat/completions "HTTP/1.1 200 OK"
2026-08-28 20:00:19,983 [INFO] HTTP Request: POST http://localhost:8001/v1/chat/completions "HTTP/1.1 200 OK"
2026-08-28 20:00:21,284 [INFO] HTTP Request: POST http://localhost:8001/v1/chat/completions "HTTP/1.1 200 OK"
2026-08-28 20:00:24,038 [INFO] HTTP Request: POST http://localhost:8001/v1/chat/completions "HTTP/1.1 200 OK"
2026-08-28 20:00:24,565 [INFO] HTTP Request: POST http://localhost:8001/v1/chat/completions "HTTP/1.1 200 OK"
2026-08-28 20:00:25,013 [INFO] HTTP Request: POST http://localhost:8001/v1/chat/completions "HTTP/1.1 200 OK"
2026-08-28 20:00:26,763 [INFO] HTTP Request: POST http://localhost:8001/v1/chat/completions "HTTP/1.1 200 OK"
2026-08-28 20:00:27,078 [INFO] HTTP Request: POST http://localhost:8001/v1/chat/completions "HTTP/1.1 200 OK"
2026-08-28 20:00:27,501 [INFO] HTTP Request: POST http://localhost:8001/v1/chat/completions "HTTP/1.1 200 OK"
2026-08-28 20:00:30,863 [INFO] HTTP Request: POST http://localhost:8001/v1/chat/completions "HTTP/1.1 200 OK"
2026-08-28 20:00:34,289 [INFO] HTTP Request: POST http://localhost:8001/v1/chat/completions "HTTP/1.1 200 OK"
2026-08-28 20:00:37,448 [INFO] HTTP Request: POST http://localhost:8001/v1/chat/completions "HTTP/1.1 200 OK"
2026-08-28 20:00:39,455 [INFO] HTTP Request: POST http://localhost:8001/v1/chat/completions "HTTP/1.1 200 OK"
2026-08-28 20:00:40,251 [INFO] HTTP Request: POST http://localhost:8001/v1/chat/completions "HTTP/1.1 200 OK"
2026-08-28 20:01:06,906 [INFO] HTTP Request: POST http://localhost:8001/v1/chat/completions "HTTP/1.1 200 OK"
2026-08-28 20:01:06,907 [INFO] HTTP Request: POST http://localhost:8001/v1/chat/completions "HTTP/1.1 200 OK"
2026-08-28 20:01:07,788 [INFO] HTTP Request: POST http://localhost:8001/v1/chat/completions "HTTP/1.1 200 OK"
2026-08-28 20:01:09,447 [INFO] HTTP Request: POST http://localhost:8001/v1/chat/completions "HTTP/1.1 200 OK"
2026-08-28 20:01:09,544 [INFO] HTTP Request: POST http://localhost:8001/v1/chat/completions "HTTP/1.1 200 OK"
2026-08-28 20:01:10,610 [INFO] HTTP Request: POST http://localhost:8001/v1/chat/completions "HTTP/1.1 200 OK"
2026-08-28 20:01:10,993 [INFO] HTTP Request: POST http://localhost:8001/v1/chat/completions "HTTP/1.1 200 OK"
2026-08-28 20:01:13,542 [INFO] HTTP Request: POST http://localhost:8001/v1/chat/completions "HTTP/1.1 200 OK"
2026-08-28 20:01:13,729 [INFO] HTTP Request: POST http://localhost:8001/v1/chat/completions "HTTP/1.1 200 OK"
2026-08-28 20:01:14,011 [INFO] HTTP Request: POST http://localhost:8001/v1/chat/completions "HTTP/1.1 200 OK"
2026-08-28 20:01:14,656 [INFO] HTTP Request: POST http://localhost:8001/v1/chat/completions "HTTP/1.1 200 OK"
2026-08-28 20:01:14,930 [INFO] HTTP Request: POST http://localhost:8001/v1/chat/completions "HTTP/1.1 200 OK"
2026-08-28 20:01:16,560 [INFO] HTTP Request: POST http://localhost:8001/v1/chat/completions "HTTP/1.1 200 OK"
2026-08-28 20:01:19,304 [INFO] HTTP Request: POST http://localhost:8001/v1/chat/completions "HTTP/1.1 200 OK"
2026-08-28 20:01:19,323 [INFO]   💾 32/210  [ok=32 skip=0 error=0]
2026-08-28 20:02:15,041 [INFO] HTTP Request: POST http://localhost:8001/v1/chat/completions "HTTP/1.1 200 OK"
2026-08-28 20:02:19,708 [INFO] HTTP Request: POST http://localhost:8001/v1/chat/completions "HTTP/1.1 200 OK"
2026-08-28 20:02:20,235 [INFO] HTTP Request: POST http://localhost:8001/v1/chat/completions "HTTP/1.1 200 OK"
2026-08-28 20:02:22,965 [INFO] HTTP Request: POST http://localhost:8001/v1/chat/completions "HTTP/1.1 200 OK"
2026-08-28 20:02:23,494 [INFO] HTTP Request: POST http://localhost:8001/v1/chat/completions "HTTP/1.1 200 OK"
2026-08-28 20:02:25,080 [INFO] HTTP Request: POST http://localhost:8001/v1/chat/completions "HTTP/1.1 200 OK"
2026-08-28 20:02:25,081 [INFO] HTTP Request: POST http://localhost:8001/v1/chat/completions "HTTP/1.1 200 OK"
2026-08-28 20:02:25,180 [INFO] HTTP Request: POST http://localhost:8001/v1/chat/completions "HTTP/1.1 200 OK"
2026-08-28 20:02:25,606 [INFO] HTTP Request: POST http://localhost:8001/v1/chat/completions "HTTP/1.1 200 OK"
2026-08-28 20:02:26,922 [INFO] HTTP Request: POST http://localhost:8001/v1/chat/completions "HTTP/1.1 200 OK"
2026-08-28 20:02:29,122 [INFO] HTTP Request: POST http://localhost:8001/v1/chat/completions "HTTP/1.1 200 OK"
2026-08-28 20:02:31,182 [INFO] HTTP Request: POST http://localhost:8001/v1/chat/completions "HTTP/1.1 200 OK"
2026-08-28 20:02:32,524 [INFO] HTTP Request: POST http://localhost:8001/v1/chat/completions "HTTP/1.1 200 OK"
2026-08-28 20:02:34,217 [INFO] HTTP Request: POST http://localhost:8001/v1/chat/completions "HTTP/1.1 200 OK"
2026-08-28 20:02:34,625 [INFO] HTTP Request: POST http://localhost:8001/v1/chat/completions "HTTP/1.1 200 OK"
2026-08-28 20:02:37,276 [INFO] HTTP Request: POST http://localhost:8001/v1/chat/completions "HTTP/1.1 200 OK"
2026-08-28 20:02:40,379 [INFO] HTTP Request: POST http://localhost:8001/v1/chat/completions "HTTP/1.1 200 OK"
2026-08-28 20:02:45,067 [INFO] HTTP Request: POST http://localhost:8001/v1/chat/completions "HTTP/1.1 200 OK"
2026-08-28 20:03:11,665 [INFO] HTTP Request: POST http://localhost:8001/v1/chat/completions "HTTP/1.1 200 OK"
2026-08-28 20:03:14,151 [INFO] HTTP Request: POST http://localhost:8001/v1/chat/completions "HTTP/1.1 200 OK"
2026-08-28 20:03:14,740 [INFO] HTTP Request: POST http://localhost:8001/v1/chat/completions "HTTP/1.1 200 OK"
2026-08-28 20:03:14,838 [INFO] HTTP Request: POST http://localhost:8001/v1/chat/completions "HTTP/1.1 200 OK"
2026-08-28 20:03:15,032 [INFO] HTTP Request: POST http://localhost:8001/v1/chat/completions "HTTP/1.1 200 OK"
2026-08-28 20:03:15,130 [INFO] HTTP Request: POST http://localhost:8001/v1/chat/completions "HTTP/1.1 200 OK"
2026-08-28 20:03:15,985 [INFO] HTTP Request: POST http://localhost:8001/v1/chat/completions "HTTP/1.1 200 OK"
2026-08-28 20:03:17,022 [INFO] HTTP Request: POST http://localhost:8001/v1/chat/completions "HTTP/1.1 200 OK"
2026-08-28 20:03:18,623 [INFO] HTTP Request: POST http://localhost:8001/v1/chat/completions "HTTP/1.1 200 OK"
2026-08-28 20:03:18,717 [INFO] HTTP Request: POST http://localhost:8001/v1/chat/completions "HTTP/1.1 200 OK"
2026-08-28 20:03:18,995 [INFO] HTTP Request: POST http://localhost:8001/v1/chat/completions "HTTP/1.1 200 OK"
2026-08-28 20:03:19,270 [INFO] HTTP Request: POST http://localhost:8001/v1/chat/completions "HTTP/1.1 200 OK"
2026-08-28 20:03:19,814 [INFO] HTTP Request: POST http://localhost:8001/v1/chat/completions "HTTP/1.1 200 OK"
2026-08-28 20:03:20,377 [INFO] HTTP Request: POST http://localhost:8001/v1/chat/completions "HTTP/1.1 200 OK"
2026-08-28 20:03:20,398 [INFO]   💾 64/210  [ok=64 skip=0 error=0]
2026-08-28 20:04:21,668 [INFO] HTTP Request: POST http://localhost:8001/v1/chat/completions "HTTP/1.1 200 OK"
2026-08-28 20:04:22,651 [INFO] HTTP Request: POST http://localhost:8001/v1/chat/completions "HTTP/1.1 200 OK"
2026-08-28 20:04:24,128 [INFO] HTTP Request: POST http://localhost:8001/v1/chat/completions "HTTP/1.1 200 OK"
2026-08-28 20:04:25,304 [INFO] HTTP Request: POST http://localhost:8001/v1/chat/completions "HTTP/1.1 200 OK"
2026-08-28 20:04:27,642 [INFO] HTTP Request: POST http://localhost:8001/v1/chat/completions "HTTP/1.1 200 OK"
2026-08-28 20:04:30,265 [INFO] HTTP Request: POST http://localhost:8001/v1/chat/completions "HTTP/1.1 200 OK"
2026-08-28 20:04:31,547 [INFO] HTTP Request: POST http://localhost:8001/v1/chat/completions "HTTP/1.1 200 OK"
2026-08-28 20:04:31,548 [INFO] HTTP Request: POST http://localhost:8001/v1/chat/completions "HTTP/1.1 200 OK"
2026-08-28 20:04:33,685 [INFO] HTTP Request: POST http://localhost:8001/v1/chat/completions "HTTP/1.1 200 OK"
2026-08-28 20:04:35,180 [INFO] HTTP Request: POST http://localhost:8001/v1/chat/completions "HTTP/1.1 200 OK"
2026-08-28 20:04:35,282 [INFO] HTTP Request: POST http://localhost:8001/v1/chat/completions "HTTP/1.1 200 OK"
2026-08-28 20:04:35,282 [INFO] HTTP Request: POST http://localhost:8001/v1/chat/completions "HTTP/1.1 200 OK"
2026-08-28 20:04:36,160 [INFO] HTTP Request: POST http://localhost:8001/v1/chat/completions "HTTP/1.1 200 OK"
2026-08-28 20:04:39,135 [INFO] HTTP Request: POST http://localhost:8001/v1/chat/completions "HTTP/1.1 200 OK"
2026-08-28 20:04:40,439 [INFO] HTTP Request: POST http://localhost:8001/v1/chat/completions "HTTP/1.1 200 OK"
2026-08-28 20:04:41,152 [INFO] HTTP Request: POST http://localhost:8001/v1/chat/completions "HTTP/1.1 200 OK"
2026-08-28 20:04:41,855 [INFO] HTTP Request: POST http://localhost:8001/v1/chat/completions "HTTP/1.1 200 OK"
2026-08-28 20:04:47,633 [INFO] HTTP Request: POST http://localhost:8001/v1/chat/completions "HTTP/1.1 200 OK"
2026-08-28 20:04:53,296 [INFO] HTTP Request: POST http://localhost:8001/v1/chat/completions "HTTP/1.1 200 OK"
2026-08-28 20:05:15,186 [INFO] HTTP Request: POST http://localhost:8001/v1/chat/completions "HTTP/1.1 200 OK"
2026-08-28 20:05:18,025 [INFO] HTTP Request: POST http://localhost:8001/v1/chat/completions "HTTP/1.1 200 OK"
2026-08-28 20:05:18,705 [INFO] HTTP Request: POST http://localhost:8001/v1/chat/completions "HTTP/1.1 200 OK"
2026-08-28 20:05:19,969 [INFO] HTTP Request: POST http://localhost:8001/v1/chat/completions "HTTP/1.1 200 OK"
2026-08-28 20:05:20,744 [INFO] HTTP Request: POST http://localhost:8001/v1/chat/completions "HTTP/1.1 200 OK"
2026-08-28 20:05:20,841 [INFO] HTTP Request: POST http://localhost:8001/v1/chat/completions "HTTP/1.1 200 OK"
2026-08-28 20:05:21,879 [INFO] HTTP Request: POST http://localhost:8001/v1/chat/completions "HTTP/1.1 200 OK"
2026-08-28 20:05:22,068 [INFO] HTTP Request: POST http://localhost:8001/v1/chat/completions "HTTP/1.1 200 OK"
2026-08-28 20:05:23,664 [INFO] HTTP Request: POST http://localhost:8001/v1/chat/completions "HTTP/1.1 200 OK"
2026-08-28 20:05:24,216 [INFO] HTTP Request: POST http://localhost:8001/v1/chat/completions "HTTP/1.1 200 OK"
2026-08-28 20:05:24,857 [INFO] HTTP Request: POST http://localhost:8001/v1/chat/completions "HTTP/1.1 200 OK"
2026-08-28 20:05:26,396 [INFO] HTTP Request: POST http://localhost:8001/v1/chat/completions "HTTP/1.1 200 OK"
2026-08-28 20:05:30,265 [INFO] HTTP Request: POST http://localhost:8001/v1/chat/completions "HTTP/1.1 200 OK"
2026-08-28 20:05:30,285 [INFO]   💾 96/210  [ok=96 skip=0 error=0]
2026-08-28 20:06:32,108 [INFO] HTTP Request: POST http://localhost:8001/v1/chat/completions "HTTP/1.1 200 OK"
2026-08-28 20:06:33,090 [INFO] HTTP Request: POST http://localhost:8001/v1/chat/completions "HTTP/1.1 200 OK"
2026-08-28 20:06:33,721 [INFO] HTTP Request: POST http://localhost:8001/v1/chat/completions "HTTP/1.1 200 OK"
2026-08-28 20:06:34,174 [INFO] HTTP Request: POST http://localhost:8001/v1/chat/completions "HTTP/1.1 200 OK"
2026-08-28 20:06:35,339 [INFO] HTTP Request: POST http://localhost:8001/v1/chat/completions "HTTP/1.1 200 OK"
2026-08-28 20:06:35,439 [INFO] HTTP Request: POST http://localhost:8001/v1/chat/completions "HTTP/1.1 200 OK"
2026-08-28 20:06:35,439 [INFO] HTTP Request: POST http://localhost:8001/v1/chat/completions "HTTP/1.1 200 OK"
2026-08-28 20:06:37,181 [INFO] HTTP Request: POST http://localhost:8001/v1/chat/completions "HTTP/1.1 200 OK"
2026-08-28 20:06:37,181 [INFO] HTTP Request: POST http://localhost:8001/v1/chat/completions "HTTP/1.1 200 OK"
2026-08-28 20:06:38,498 [INFO] HTTP Request: POST http://localhost:8001/v1/chat/completions "HTTP/1.1 200 OK"
2026-08-28 20:06:38,498 [INFO] HTTP Request: POST http://localhost:8001/v1/chat/completions "HTTP/1.1 200 OK"
2026-08-28 20:06:41,112 [INFO] HTTP Request: POST http://localhost:8001/v1/chat/completions "HTTP/1.1 200 OK"
2026-08-28 20:06:42,426 [INFO] HTTP Request: POST http://localhost:8001/v1/chat/completions "HTTP/1.1 200 OK"
2026-08-28 20:06:43,307 [INFO] HTTP Request: POST http://localhost:8001/v1/chat/completions "HTTP/1.1 200 OK"
2026-08-28 20:06:46,551 [INFO] HTTP Request: POST http://localhost:8001/v1/chat/completions "HTTP/1.1 200 OK"
2026-08-28 20:06:48,284 [INFO] HTTP Request: POST http://localhost:8001/v1/chat/completions "HTTP/1.1 200 OK"
2026-08-28 20:06:49,085 [INFO] HTTP Request: POST http://localhost:8001/v1/chat/completions "HTTP/1.1 200 OK"
2026-08-28 20:06:53,874 [INFO] HTTP Request: POST http://localhost:8001/v1/chat/completions "HTTP/1.1 200 OK"
2026-08-28 20:07:03,595 [INFO] HTTP Request: POST http://localhost:8001/v1/chat/completions "HTTP/1.1 200 OK"
2026-08-28 20:07:24,053 [INFO] HTTP Request: POST http://localhost:8001/v1/chat/completions "HTTP/1.1 200 OK"
2026-08-28 20:07:26,303 [INFO] HTTP Request: POST http://localhost:8001/v1/chat/completions "HTTP/1.1 200 OK"
2026-08-28 20:07:27,083 [INFO] HTTP Request: POST http://localhost:8001/v1/chat/completions "HTTP/1.1 200 OK"
2026-08-28 20:07:27,765 [INFO] HTTP Request: POST http://localhost:8001/v1/chat/completions "HTTP/1.1 200 OK"
2026-08-28 20:07:27,766 [INFO] HTTP Request: POST http://localhost:8001/v1/chat/completions "HTTP/1.1 200 OK"
2026-08-28 20:07:28,997 [INFO] HTTP Request: POST http://localhost:8001/v1/chat/completions "HTTP/1.1 200 OK"
2026-08-28 20:07:29,281 [INFO] HTTP Request: POST http://localhost:8001/v1/chat/completions "HTTP/1.1 200 OK"
2026-08-28 20:07:29,375 [INFO] HTTP Request: POST http://localhost:8001/v1/chat/completions "HTTP/1.1 200 OK"
2026-08-28 20:07:32,098 [INFO] HTTP Request: POST http://localhost:8001/v1/chat/completions "HTTP/1.1 200 OK"
2026-08-28 20:07:33,019 [INFO] HTTP Request: POST http://localhost:8001/v1/chat/completions "HTTP/1.1 200 OK"
2026-08-28 20:07:34,027 [INFO] HTTP Request: POST http://localhost:8001/v1/chat/completions "HTTP/1.1 200 OK"
2026-08-28 20:07:36,201 [INFO] HTTP Request: POST http://localhost:8001/v1/chat/completions "HTTP/1.1 200 OK"
2026-08-28 20:07:39,691 [INFO] HTTP Request: POST http://localhost:8001/v1/chat/completions "HTTP/1.1 200 OK"
2026-08-28 20:07:39,704 [INFO]   💾 128/210  [ok=128 skip=0 error=0]
2026-08-28 20:08:37,083 [INFO] HTTP Request: POST http://localhost:8001/v1/chat/completions "HTTP/1.1 200 OK"
2026-08-28 20:08:38,992 [INFO] HTTP Request: POST http://localhost:8001/v1/chat/completions "HTTP/1.1 200 OK"
2026-08-28 20:08:40,791 [INFO] HTTP Request: POST http://localhost:8001/v1/chat/completions "HTTP/1.1 200 OK"
2026-08-28 20:08:43,006 [INFO] HTTP Request: POST http://localhost:8001/v1/chat/completions "HTTP/1.1 200 OK"
2026-08-28 20:08:43,537 [INFO] HTTP Request: POST http://localhost:8001/v1/chat/completions "HTTP/1.1 200 OK"
2026-08-28 20:08:47,110 [INFO] HTTP Request: POST http://localhost:8001/v1/chat/completions "HTTP/1.1 200 OK"
2026-08-28 20:08:51,986 [INFO] HTTP Request: POST http://localhost:8001/v1/chat/completions "HTTP/1.1 200 OK"
2026-08-28 20:08:53,275 [INFO] HTTP Request: POST http://localhost:8001/v1/chat/completions "HTTP/1.1 200 OK"
2026-08-28 20:08:53,378 [INFO] HTTP Request: POST http://localhost:8001/v1/chat/completions "HTTP/1.1 200 OK"
2026-08-28 20:08:55,583 [INFO] HTTP Request: POST http://localhost:8001/v1/chat/completions "HTTP/1.1 200 OK"
2026-08-28 20:08:57,838 [INFO] HTTP Request: POST http://localhost:8001/v1/chat/completions "HTTP/1.1 200 OK"
2026-08-28 20:08:59,246 [INFO] HTTP Request: POST http://localhost:8001/v1/chat/completions "HTTP/1.1 200 OK"
2026-08-28 20:09:01,615 [INFO] HTTP Request: POST http://localhost:8001/v1/chat/completions "HTTP/1.1 200 OK"
2026-08-28 20:09:02,806 [INFO] HTTP Request: POST http://localhost:8001/v1/chat/completions "HTTP/1.1 200 OK"
2026-08-28 20:09:03,419 [INFO] HTTP Request: POST http://localhost:8001/v1/chat/completions "HTTP/1.1 200 OK"
2026-08-28 20:09:04,134 [INFO] HTTP Request: POST http://localhost:8001/v1/chat/completions "HTTP/1.1 200 OK"
2026-08-28 20:09:04,538 [INFO] HTTP Request: POST http://localhost:8001/v1/chat/completions "HTTP/1.1 200 OK"
2026-08-28 20:09:05,439 [INFO] HTTP Request: POST http://localhost:8001/v1/chat/completions "HTTP/1.1 200 OK"
2026-08-28 20:09:20,277 [INFO] HTTP Request: POST http://localhost:8001/v1/chat/completions "HTTP/1.1 200 OK"
2026-08-28 20:09:34,473 [INFO] HTTP Request: POST http://localhost:8001/v1/chat/completions "HTTP/1.1 200 OK"
2026-08-28 20:09:34,866 [INFO] HTTP Request: POST http://localhost:8001/v1/chat/completions "HTTP/1.1 200 OK"
2026-08-28 20:09:39,652 [INFO] HTTP Request: POST http://localhost:8001/v1/chat/completions "HTTP/1.1 200 OK"
2026-08-28 20:09:42,672 [INFO] HTTP Request: POST http://localhost:8001/v1/chat/completions "HTTP/1.1 200 OK"
2026-08-28 20:09:42,673 [INFO] HTTP Request: POST http://localhost:8001/v1/chat/completions "HTTP/1.1 200 OK"
2026-08-28 20:09:43,243 [INFO] HTTP Request: POST http://localhost:8001/v1/chat/completions "HTTP/1.1 200 OK"
2026-08-28 20:09:43,717 [INFO] HTTP Request: POST http://localhost:8001/v1/chat/completions "HTTP/1.1 200 OK"
2026-08-28 20:09:44,470 [INFO] HTTP Request: POST http://localhost:8001/v1/chat/completions "HTTP/1.1 200 OK"
2026-08-28 20:09:45,784 [INFO] HTTP Request: POST http://localhost:8001/v1/chat/completions "HTTP/1.1 200 OK"
2026-08-28 20:09:49,463 [INFO] HTTP Request: POST http://localhost:8001/v1/chat/completions "HTTP/1.1 200 OK"
2026-08-28 20:09:51,759 [INFO] HTTP Request: POST http://localhost:8001/v1/chat/completions "HTTP/1.1 200 OK"
2026-08-28 20:09:53,118 [INFO] HTTP Request: POST http://localhost:8001/v1/chat/completions "HTTP/1.1 200 OK"
2026-08-28 20:09:53,303 [INFO] HTTP Request: POST http://localhost:8001/v1/chat/completions "HTTP/1.1 200 OK"
2026-08-28 20:09:53,336 [INFO]   💾 160/210  [ok=160 skip=0 error=0]
2026-08-28 20:10:51,790 [INFO] HTTP Request: POST http://localhost:8001/v1/chat/completions "HTTP/1.1 200 OK"
2026-08-28 20:10:52,774 [INFO] HTTP Request: POST http://localhost:8001/v1/chat/completions "HTTP/1.1 200 OK"
2026-08-28 20:10:54,830 [INFO] HTTP Request: POST http://localhost:8001/v1/chat/completions "HTTP/1.1 200 OK"
2026-08-28 20:10:56,332 [INFO] HTTP Request: POST http://localhost:8001/v1/chat/completions "HTTP/1.1 200 OK"
2026-08-28 20:10:56,434 [INFO] HTTP Request: POST http://localhost:8001/v1/chat/completions "HTTP/1.1 200 OK"
2026-08-28 20:10:57,755 [INFO] HTTP Request: POST http://localhost:8001/v1/chat/completions "HTTP/1.1 200 OK"
2026-08-28 20:10:59,662 [INFO] HTTP Request: POST http://localhost:8001/v1/chat/completions "HTTP/1.1 200 OK"
2026-08-28 20:11:01,265 [INFO] HTTP Request: POST http://localhost:8001/v1/chat/completions "HTTP/1.1 200 OK"
2026-08-28 20:11:03,196 [INFO] HTTP Request: POST http://localhost:8001/v1/chat/completions "HTTP/1.1 200 OK"
2026-08-28 20:11:03,196 [INFO] HTTP Request: POST http://localhost:8001/v1/chat/completions "HTTP/1.1 200 OK"
2026-08-28 20:11:07,532 [INFO] HTTP Request: POST http://localhost:8001/v1/chat/completions "HTTP/1.1 200 OK"
2026-08-28 20:11:09,458 [INFO] HTTP Request: POST http://localhost:8001/v1/chat/completions "HTTP/1.1 200 OK"
2026-08-28 20:11:10,870 [INFO] HTTP Request: POST http://localhost:8001/v1/chat/completions "HTTP/1.1 200 OK"
2026-08-28 20:11:11,383 [INFO] HTTP Request: POST http://localhost:8001/v1/chat/completions "HTTP/1.1 200 OK"
2026-08-28 20:11:11,485 [INFO] HTTP Request: POST http://localhost:8001/v1/chat/completions "HTTP/1.1 200 OK"
2026-08-28 20:11:12,813 [INFO] HTTP Request: POST http://localhost:8001/v1/chat/completions "HTTP/1.1 200 OK"
2026-08-28 20:11:13,413 [INFO] HTTP Request: POST http://localhost:8001/v1/chat/completions "HTTP/1.1 200 OK"
2026-08-28 20:11:18,601 [INFO] HTTP Request: POST http://localhost:8001/v1/chat/completions "HTTP/1.1 200 OK"
2026-08-28 20:11:37,523 [INFO] HTTP Request: POST http://localhost:8001/v1/chat/completions "HTTP/1.1 200 OK"
2026-08-28 20:11:48,251 [INFO] HTTP Request: POST http://localhost:8001/v1/chat/completions "HTTP/1.1 200 OK"
2026-08-28 20:11:49,035 [INFO] HTTP Request: POST http://localhost:8001/v1/chat/completions "HTTP/1.1 200 OK"
2026-08-28 20:11:50,402 [INFO] HTTP Request: POST http://localhost:8001/v1/chat/completions "HTTP/1.1 200 OK"
2026-08-28 20:11:51,667 [INFO] HTTP Request: POST http://localhost:8001/v1/chat/completions "HTTP/1.1 200 OK"
2026-08-28 20:11:53,707 [INFO] HTTP Request: POST http://localhost:8001/v1/chat/completions "HTTP/1.1 200 OK"
2026-08-28 20:11:54,087 [INFO] HTTP Request: POST http://localhost:8001/v1/chat/completions "HTTP/1.1 200 OK"
2026-08-28 20:11:55,032 [INFO] HTTP Request: POST http://localhost:8001/v1/chat/completions "HTTP/1.1 200 OK"
2026-08-28 20:11:55,691 [INFO] HTTP Request: POST http://localhost:8001/v1/chat/completions "HTTP/1.1 200 OK"
2026-08-28 20:11:55,879 [INFO] HTTP Request: POST http://localhost:8001/v1/chat/completions "HTTP/1.1 200 OK"
2026-08-28 20:11:56,065 [INFO] HTTP Request: POST http://localhost:8001/v1/chat/completions "HTTP/1.1 200 OK"
2026-08-28 20:11:58,179 [INFO] HTTP Request: POST http://localhost:8001/v1/chat/completions "HTTP/1.1 200 OK"
2026-08-28 20:11:58,271 [INFO] HTTP Request: POST http://localhost:8001/v1/chat/completions "HTTP/1.1 200 OK"
2026-08-28 20:11:58,361 [INFO] HTTP Request: POST http://localhost:8001/v1/chat/completions "HTTP/1.1 200 OK"
2026-08-28 20:11:58,376 [INFO]   💾 192/210  [ok=192 skip=0 error=0]
2026-08-28 20:12:56,925 [INFO] HTTP Request: POST http://localhost:8001/v1/chat/completions "HTTP/1.1 200 OK"
2026-08-28 20:12:58,092 [INFO] HTTP Request: POST http://localhost:8001/v1/chat/completions "HTTP/1.1 200 OK"
2026-08-28 20:12:58,496 [INFO] HTTP Request: POST http://localhost:8001/v1/chat/completions "HTTP/1.1 200 OK"
2026-08-28 20:13:00,103 [INFO] HTTP Request: POST http://localhost:8001/v1/chat/completions "HTTP/1.1 200 OK"
2026-08-28 20:13:00,304 [INFO] HTTP Request: POST http://localhost:8001/v1/chat/completions "HTTP/1.1 200 OK"
2026-08-28 20:13:00,503 [INFO] HTTP Request: POST http://localhost:8001/v1/chat/completions "HTTP/1.1 200 OK"
2026-08-28 20:13:00,702 [INFO] HTTP Request: POST http://localhost:8001/v1/chat/completions "HTTP/1.1 200 OK"
2026-08-28 20:13:01,091 [INFO] HTTP Request: POST http://localhost:8001/v1/chat/completions "HTTP/1.1 200 OK"
2026-08-28 20:13:01,967 [INFO] HTTP Request: POST http://localhost:8001/v1/chat/completions "HTTP/1.1 200 OK"
2026-08-28 20:13:02,260 [INFO] HTTP Request: POST http://localhost:8001/v1/chat/completions "HTTP/1.1 200 OK"
2026-08-28 20:13:02,546 [INFO] HTTP Request: POST http://localhost:8001/v1/chat/completions "HTTP/1.1 200 OK"
2026-08-28 20:13:03,679 [INFO] HTTP Request: POST http://localhost:8001/v1/chat/completions "HTTP/1.1 200 OK"
2026-08-28 20:13:05,092 [INFO] HTTP Request: POST http://localhost:8001/v1/chat/completions "HTTP/1.1 200 OK"
2026-08-28 20:13:05,940 [INFO] HTTP Request: POST http://localhost:8001/v1/chat/completions "HTTP/1.1 200 OK"
2026-08-28 20:13:06,861 [INFO] HTTP Request: POST http://localhost:8001/v1/chat/completions "HTTP/1.1 200 OK"
2026-08-28 20:13:07,044 [INFO] HTTP Request: POST http://localhost:8001/v1/chat/completions "HTTP/1.1 200 OK"
2026-08-28 20:13:08,584 [INFO] HTTP Request: POST http://localhost:8001/v1/chat/completions "HTTP/1.1 200 OK"
2026-08-28 20:13:23,692 [INFO] HTTP Request: POST http://localhost:8001/v1/chat/completions "HTTP/1.1 200 OK"
2026-08-28 20:13:23,721 [INFO]   💾 210/210  [ok=210 skip=0 error=0]
2026-08-28 20:13:23,723 [WARNING] [bluesky_global_dataset.csv] *_just vacíos en filas pertinentes (197 pert.): {'region_just': 1, 'ciudad_just': 1}
2026-08-28 20:13:23,723 [WARNING]   ⚠️  *_just vacíos en filas pertinentes — considera reprocess_missing.py: {'region_just': 1, 'ciudad_just': 1}
2026-08-28 20:13:23,723 [INFO] ✅ bluesky_global_dataset.csv → bluesky_global_dataset_reanalizado_schema.csv  [ok=210  skip=0  error=0]
2026-08-28 20:13:23,723 [INFO]   → Procesando: reddit_global_dataset.csv
2026-08-28 20:13:23,723 [INFO]   ♻️  Reanudando desde output parcial: reddit_global_dataset_reanalizado_schema.csv
2026-08-28 20:13:23,729 [INFO] Primera fila pendiente: 0
2026-08-28 20:13:23,729 [INFO] reddit_global_dataset.csv: 172 filas pendientes de 172 totales
2026-08-28 20:14:21,486 [INFO] HTTP Request: POST http://localhost:8001/v1/chat/completions "HTTP/1.1 200 OK"
2026-08-28 20:14:23,205 [INFO] HTTP Request: POST http://localhost:8001/v1/chat/completions "HTTP/1.1 200 OK"
2026-08-28 20:14:25,548 [INFO] HTTP Request: POST http://localhost:8001/v1/chat/completions "HTTP/1.1 200 OK"
2026-08-28 20:14:27,313 [INFO] HTTP Request: POST http://localhost:8001/v1/chat/completions "HTTP/1.1 200 OK"
2026-08-28 20:14:27,416 [INFO] HTTP Request: POST http://localhost:8001/v1/chat/completions "HTTP/1.1 200 OK"
2026-08-28 20:14:27,417 [INFO] HTTP Request: POST http://localhost:8001/v1/chat/completions "HTTP/1.1 200 OK"
2026-08-28 20:14:30,673 [INFO] HTTP Request: POST http://localhost:8001/v1/chat/completions "HTTP/1.1 200 OK"
2026-08-28 20:14:33,109 [INFO] HTTP Request: POST http://localhost:8001/v1/chat/completions "HTTP/1.1 200 OK"
2026-08-28 20:14:33,212 [INFO] HTTP Request: POST http://localhost:8001/v1/chat/completions "HTTP/1.1 200 OK"
2026-08-28 20:14:37,734 [INFO] HTTP Request: POST http://localhost:8001/v1/chat/completions "HTTP/1.1 200 OK"
2026-08-28 20:14:38,266 [INFO] HTTP Request: POST http://localhost:8001/v1/chat/completions "HTTP/1.1 200 OK"
2026-08-28 20:14:40,103 [INFO] HTTP Request: POST http://localhost:8001/v1/chat/completions "HTTP/1.1 200 OK"
2026-08-28 20:14:40,206 [INFO] HTTP Request: POST http://localhost:8001/v1/chat/completions "HTTP/1.1 200 OK"
2026-08-28 20:14:41,969 [INFO] HTTP Request: POST http://localhost:8001/v1/chat/completions "HTTP/1.1 200 OK"
2026-08-28 20:14:44,396 [INFO] HTTP Request: POST http://localhost:8001/v1/chat/completions "HTTP/1.1 200 OK"
2026-08-28 20:14:45,727 [INFO] HTTP Request: POST http://localhost:8001/v1/chat/completions "HTTP/1.1 200 OK"
2026-08-28 20:14:46,834 [INFO] HTTP Request: POST http://localhost:8001/v1/chat/completions "HTTP/1.1 200 OK"
2026-08-28 20:15:09,276 [INFO] HTTP Request: POST http://localhost:8001/v1/chat/completions "HTTP/1.1 200 OK"
2026-08-28 20:15:17,781 [INFO] HTTP Request: POST http://localhost:8001/v1/chat/completions "HTTP/1.1 200 OK"
2026-08-28 20:15:20,264 [INFO] HTTP Request: POST http://localhost:8001/v1/chat/completions "HTTP/1.1 200 OK"
2026-08-28 20:15:21,148 [INFO] HTTP Request: POST http://localhost:8001/v1/chat/completions "HTTP/1.1 200 OK"
2026-08-28 20:15:22,321 [INFO] HTTP Request: POST http://localhost:8001/v1/chat/completions "HTTP/1.1 200 OK"
2026-08-28 20:15:22,418 [INFO] HTTP Request: POST http://localhost:8001/v1/chat/completions "HTTP/1.1 200 OK"
2026-08-28 20:15:24,454 [INFO] HTTP Request: POST http://localhost:8001/v1/chat/completions "HTTP/1.1 200 OK"
2026-08-28 20:15:26,163 [INFO] HTTP Request: POST http://localhost:8001/v1/chat/completions "HTTP/1.1 200 OK"
2026-08-28 20:15:26,730 [INFO] HTTP Request: POST http://localhost:8001/v1/chat/completions "HTTP/1.1 200 OK"
2026-08-28 20:15:28,146 [INFO] HTTP Request: POST http://localhost:8001/v1/chat/completions "HTTP/1.1 200 OK"
2026-08-28 20:15:29,275 [INFO] HTTP Request: POST http://localhost:8001/v1/chat/completions "HTTP/1.1 200 OK"
2026-08-28 20:15:30,290 [INFO] HTTP Request: POST http://localhost:8001/v1/chat/completions "HTTP/1.1 200 OK"
2026-08-28 20:15:30,382 [INFO] HTTP Request: POST http://localhost:8001/v1/chat/completions "HTTP/1.1 200 OK"
2026-08-28 20:15:30,744 [INFO] HTTP Request: POST http://localhost:8001/v1/chat/completions "HTTP/1.1 200 OK"
2026-08-28 20:15:33,298 [INFO] HTTP Request: POST http://localhost:8001/v1/chat/completions "HTTP/1.1 200 OK"
2026-08-28 20:15:33,339 [INFO]   💾 32/172  [ok=32 skip=0 error=0]
2026-08-28 20:16:31,441 [INFO] HTTP Request: POST http://localhost:8001/v1/chat/completions "HTTP/1.1 200 OK"
2026-08-28 20:16:33,476 [INFO] HTTP Request: POST http://localhost:8001/v1/chat/completions "HTTP/1.1 200 OK"
2026-08-28 20:16:34,894 [INFO] HTTP Request: POST http://localhost:8001/v1/chat/completions "HTTP/1.1 200 OK"
2026-08-28 20:16:35,428 [INFO] HTTP Request: POST http://localhost:8001/v1/chat/completions "HTTP/1.1 200 OK"
2026-08-28 20:16:37,486 [INFO] HTTP Request: POST http://localhost:8001/v1/chat/completions "HTTP/1.1 200 OK"
2026-08-28 20:16:39,006 [INFO] HTTP Request: POST http://localhost:8001/v1/chat/completions "HTTP/1.1 200 OK"
2026-08-28 20:16:39,994 [INFO] HTTP Request: POST http://localhost:8001/v1/chat/completions "HTTP/1.1 200 OK"
2026-08-28 20:16:40,236 [INFO] HTTP Request: POST http://localhost:8001/v1/chat/completions "HTTP/1.1 200 OK"
2026-08-28 20:16:41,116 [INFO] HTTP Request: POST http://localhost:8001/v1/chat/completions "HTTP/1.1 200 OK"
2026-08-28 20:16:42,452 [INFO] HTTP Request: POST http://localhost:8001/v1/chat/completions "HTTP/1.1 200 OK"
2026-08-28 20:16:42,893 [INFO] HTTP Request: POST http://localhost:8001/v1/chat/completions "HTTP/1.1 200 OK"
2026-08-28 20:16:46,449 [INFO] HTTP Request: POST http://localhost:8001/v1/chat/completions "HTTP/1.1 200 OK"
2026-08-28 20:16:48,701 [INFO] HTTP Request: POST http://localhost:8001/v1/chat/completions "HTTP/1.1 200 OK"
2026-08-28 20:16:50,585 [INFO] HTTP Request: POST http://localhost:8001/v1/chat/completions "HTTP/1.1 200 OK"
2026-08-28 20:16:50,587 [INFO] HTTP Request: POST http://localhost:8001/v1/chat/completions "HTTP/1.1 200 OK"
2026-08-28 20:16:50,988 [INFO] HTTP Request: POST http://localhost:8001/v1/chat/completions "HTTP/1.1 200 OK"
2026-08-28 20:16:52,994 [INFO] HTTP Request: POST http://localhost:8001/v1/chat/completions "HTTP/1.1 200 OK"
2026-08-28 20:17:25,118 [INFO] HTTP Request: POST http://localhost:8001/v1/chat/completions "HTTP/1.1 200 OK"
2026-08-28 20:17:28,395 [INFO] HTTP Request: POST http://localhost:8001/v1/chat/completions "HTTP/1.1 200 OK"
2026-08-28 20:17:29,085 [INFO] HTTP Request: POST http://localhost:8001/v1/chat/completions "HTTP/1.1 200 OK"
2026-08-28 20:17:29,379 [INFO] HTTP Request: POST http://localhost:8001/v1/chat/completions "HTTP/1.1 200 OK"
2026-08-28 20:17:30,842 [INFO] HTTP Request: POST http://localhost:8001/v1/chat/completions "HTTP/1.1 200 OK"
2026-08-28 20:17:31,037 [INFO] HTTP Request: POST http://localhost:8001/v1/chat/completions "HTTP/1.1 200 OK"
2026-08-28 20:17:31,514 [INFO] HTTP Request: POST http://localhost:8001/v1/chat/completions "HTTP/1.1 200 OK"
2026-08-28 20:17:32,177 [INFO] HTTP Request: POST http://localhost:8001/v1/chat/completions "HTTP/1.1 200 OK"
2026-08-28 20:17:32,933 [INFO] HTTP Request: POST http://localhost:8001/v1/chat/completions "HTTP/1.1 200 OK"
2026-08-28 20:17:34,437 [INFO] HTTP Request: POST http://localhost:8001/v1/chat/completions "HTTP/1.1 200 OK"
2026-08-28 20:17:35,360 [INFO] HTTP Request: POST http://localhost:8001/v1/chat/completions "HTTP/1.1 200 OK"
2026-08-28 20:17:35,728 [INFO] HTTP Request: POST http://localhost:8001/v1/chat/completions "HTTP/1.1 200 OK"
2026-08-28 20:17:36,183 [INFO] HTTP Request: POST http://localhost:8001/v1/chat/completions "HTTP/1.1 200 OK"
2026-08-28 20:17:36,841 [INFO] HTTP Request: POST http://localhost:8001/v1/chat/completions "HTTP/1.1 200 OK"
2026-08-28 20:17:36,872 [INFO]   💾 64/172  [ok=63 skip=1 error=0]
2026-08-28 20:18:35,290 [INFO] HTTP Request: POST http://localhost:8001/v1/chat/completions "HTTP/1.1 200 OK"
2026-08-28 20:18:36,667 [INFO] HTTP Request: POST http://localhost:8001/v1/chat/completions "HTTP/1.1 200 OK"
2026-08-28 20:18:36,771 [INFO] HTTP Request: POST http://localhost:8001/v1/chat/completions "HTTP/1.1 200 OK"
2026-08-28 20:18:38,870 [INFO] HTTP Request: POST http://localhost:8001/v1/chat/completions "HTTP/1.1 200 OK"
2026-08-28 20:18:41,217 [INFO] HTTP Request: POST http://localhost:8001/v1/chat/completions "HTTP/1.1 200 OK"
2026-08-28 20:18:41,749 [INFO] HTTP Request: POST http://localhost:8001/v1/chat/completions "HTTP/1.1 200 OK"
2026-08-28 20:18:43,390 [INFO] HTTP Request: POST http://localhost:8001/v1/chat/completions "HTTP/1.1 200 OK"
2026-08-28 20:18:44,697 [INFO] HTTP Request: POST http://localhost:8001/v1/chat/completions "HTTP/1.1 200 OK"
2026-08-28 20:18:45,682 [INFO] HTTP Request: POST http://localhost:8001/v1/chat/completions "HTTP/1.1 200 OK"
2026-08-28 20:18:45,683 [INFO] HTTP Request: POST http://localhost:8001/v1/chat/completions "HTTP/1.1 200 OK"
2026-08-28 20:18:48,050 [INFO] HTTP Request: POST http://localhost:8001/v1/chat/completions "HTTP/1.1 200 OK"
2026-08-28 20:18:49,813 [INFO] HTTP Request: POST http://localhost:8001/v1/chat/completions "HTTP/1.1 200 OK"
2026-08-28 20:18:51,091 [INFO] HTTP Request: POST http://localhost:8001/v1/chat/completions "HTTP/1.1 200 OK"
2026-08-28 20:18:51,192 [INFO] HTTP Request: POST http://localhost:8001/v1/chat/completions "HTTP/1.1 200 OK"
2026-08-28 20:18:53,911 [INFO] HTTP Request: POST http://localhost:8001/v1/chat/completions "HTTP/1.1 200 OK"
2026-08-28 20:18:54,214 [INFO] HTTP Request: POST http://localhost:8001/v1/chat/completions "HTTP/1.1 200 OK"
2026-08-28 20:18:55,016 [INFO] HTTP Request: POST http://localhost:8001/v1/chat/completions "HTTP/1.1 200 OK"
2026-08-28 20:19:24,128 [INFO] HTTP Request: POST http://localhost:8001/v1/chat/completions "HTTP/1.1 200 OK"
2026-08-28 20:19:32,119 [INFO] HTTP Request: POST http://localhost:8001/v1/chat/completions "HTTP/1.1 200 OK"
2026-08-28 20:19:34,282 [INFO] HTTP Request: POST http://localhost:8001/v1/chat/completions "HTTP/1.1 200 OK"
2026-08-28 20:19:34,381 [INFO] HTTP Request: POST http://localhost:8001/v1/chat/completions "HTTP/1.1 200 OK"
2026-08-28 20:19:34,479 [INFO] HTTP Request: POST http://localhost:8001/v1/chat/completions "HTTP/1.1 200 OK"
2026-08-28 20:19:34,577 [INFO] HTTP Request: POST http://localhost:8001/v1/chat/completions "HTTP/1.1 200 OK"
2026-08-28 20:19:34,959 [INFO] HTTP Request: POST http://localhost:8001/v1/chat/completions "HTTP/1.1 200 OK"
2026-08-28 20:19:34,960 [INFO] HTTP Request: POST http://localhost:8001/v1/chat/completions "HTTP/1.1 200 OK"
2026-08-28 20:19:35,149 [INFO] HTTP Request: POST http://localhost:8001/v1/chat/completions "HTTP/1.1 200 OK"
2026-08-28 20:19:35,620 [INFO] HTTP Request: POST http://localhost:8001/v1/chat/completions "HTTP/1.1 200 OK"
2026-08-28 20:19:37,282 [INFO] HTTP Request: POST http://localhost:8001/v1/chat/completions "HTTP/1.1 200 OK"
2026-08-28 20:19:38,754 [INFO] HTTP Request: POST http://localhost:8001/v1/chat/completions "HTTP/1.1 200 OK"
2026-08-28 20:19:39,207 [INFO] HTTP Request: POST http://localhost:8001/v1/chat/completions "HTTP/1.1 200 OK"
2026-08-28 20:19:40,530 [INFO] HTTP Request: POST http://localhost:8001/v1/chat/completions "HTTP/1.1 200 OK"
2026-08-28 20:19:40,545 [INFO]   💾 96/172  [ok=94 skip=2 error=0]
2026-08-28 20:20:42,615 [INFO] HTTP Request: POST http://localhost:8001/v1/chat/completions "HTTP/1.1 200 OK"
2026-08-28 20:20:44,482 [INFO] HTTP Request: POST http://localhost:8001/v1/chat/completions "HTTP/1.1 200 OK"
2026-08-28 20:20:46,226 [INFO] HTTP Request: POST http://localhost:8001/v1/chat/completions "HTTP/1.1 200 OK"
2026-08-28 20:20:46,759 [INFO] HTTP Request: POST http://localhost:8001/v1/chat/completions "HTTP/1.1 200 OK"
2026-08-28 20:20:48,099 [INFO] HTTP Request: POST http://localhost:8001/v1/chat/completions "HTTP/1.1 200 OK"
2026-08-28 20:20:49,337 [INFO] HTTP Request: POST http://localhost:8001/v1/chat/completions "HTTP/1.1 200 OK"
2026-08-28 20:20:49,569 [INFO] HTTP Request: POST http://localhost:8001/v1/chat/completions "HTTP/1.1 200 OK"
2026-08-28 20:20:51,331 [INFO] HTTP Request: POST http://localhost:8001/v1/chat/completions "HTTP/1.1 200 OK"
2026-08-28 20:20:51,675 [INFO] HTTP Request: POST http://localhost:8001/v1/chat/completions "HTTP/1.1 200 OK"
2026-08-28 20:20:54,279 [INFO] HTTP Request: POST http://localhost:8001/v1/chat/completions "HTTP/1.1 200 OK"
2026-08-28 20:20:56,100 [INFO] HTTP Request: POST http://localhost:8001/v1/chat/completions "HTTP/1.1 200 OK"
2026-08-28 20:20:57,620 [INFO] HTTP Request: POST http://localhost:8001/v1/chat/completions "HTTP/1.1 200 OK"
2026-08-28 20:20:57,723 [INFO] HTTP Request: POST http://localhost:8001/v1/chat/completions "HTTP/1.1 200 OK"
2026-08-28 20:21:00,303 [INFO] HTTP Request: POST http://localhost:8001/v1/chat/completions "HTTP/1.1 200 OK"
2026-08-28 20:21:01,284 [INFO] HTTP Request: POST http://localhost:8001/v1/chat/completions "HTTP/1.1 200 OK"
2026-08-28 20:21:02,708 [INFO] HTTP Request: POST http://localhost:8001/v1/chat/completions "HTTP/1.1 200 OK"
2026-08-28 20:21:12,658 [INFO] HTTP Request: POST http://localhost:8001/v1/chat/completions "HTTP/1.1 200 OK"
2026-08-28 20:21:37,375 [INFO] HTTP Request: POST http://localhost:8001/v1/chat/completions "HTTP/1.1 200 OK"
2026-08-28 20:21:41,190 [INFO] HTTP Request: POST http://localhost:8001/v1/chat/completions "HTTP/1.1 200 OK"
2026-08-28 20:21:41,892 [INFO] HTTP Request: POST http://localhost:8001/v1/chat/completions "HTTP/1.1 200 OK"
2026-08-28 20:21:42,679 [INFO] HTTP Request: POST http://localhost:8001/v1/chat/completions "HTTP/1.1 200 OK"
2026-08-28 20:21:42,680 [INFO] HTTP Request: POST http://localhost:8001/v1/chat/completions "HTTP/1.1 200 OK"
2026-08-28 20:21:42,777 [INFO] HTTP Request: POST http://localhost:8001/v1/chat/completions "HTTP/1.1 200 OK"
2026-08-28 20:21:42,778 [INFO] HTTP Request: POST http://localhost:8001/v1/chat/completions "HTTP/1.1 200 OK"
2026-08-28 20:21:44,011 [INFO] HTTP Request: POST http://localhost:8001/v1/chat/completions "HTTP/1.1 200 OK"
2026-08-28 20:21:44,106 [INFO] HTTP Request: POST http://localhost:8001/v1/chat/completions "HTTP/1.1 200 OK"
2026-08-28 20:21:44,578 [INFO] HTTP Request: POST http://localhost:8001/v1/chat/completions "HTTP/1.1 200 OK"
2026-08-28 20:21:44,579 [INFO] HTTP Request: POST http://localhost:8001/v1/chat/completions "HTTP/1.1 200 OK"
2026-08-28 20:21:45,133 [INFO] HTTP Request: POST http://localhost:8001/v1/chat/completions "HTTP/1.1 200 OK"
2026-08-28 20:21:45,593 [INFO] HTTP Request: POST http://localhost:8001/v1/chat/completions "HTTP/1.1 200 OK"
2026-08-28 20:21:49,305 [INFO] HTTP Request: POST http://localhost:8001/v1/chat/completions "HTTP/1.1 200 OK"
2026-08-28 20:21:52,620 [INFO] HTTP Request: POST http://localhost:8001/v1/chat/completions "HTTP/1.1 200 OK"
2026-08-28 20:21:52,645 [INFO]   💾 128/172  [ok=126 skip=2 error=0]
2026-08-28 20:22:52,184 [INFO] HTTP Request: POST http://localhost:8001/v1/chat/completions "HTTP/1.1 200 OK"
2026-08-28 20:22:54,494 [INFO] HTTP Request: POST http://localhost:8001/v1/chat/completions "HTTP/1.1 200 OK"
2026-08-28 20:22:55,467 [INFO] HTTP Request: POST http://localhost:8001/v1/chat/completions "HTTP/1.1 200 OK"
2026-08-28 20:22:57,004 [INFO] HTTP Request: POST http://localhost:8001/v1/chat/completions "HTTP/1.1 200 OK"
2026-08-28 20:22:58,740 [INFO] HTTP Request: POST http://localhost:8001/v1/chat/completions "HTTP/1.1 200 OK"
2026-08-28 20:22:58,840 [INFO] HTTP Request: POST http://localhost:8001/v1/chat/completions "HTTP/1.1 200 OK"
2026-08-28 20:22:59,715 [INFO] HTTP Request: POST http://localhost:8001/v1/chat/completions "HTTP/1.1 200 OK"
2026-08-28 20:23:01,042 [INFO] HTTP Request: POST http://localhost:8001/v1/chat/completions "HTTP/1.1 200 OK"
2026-08-28 20:23:02,805 [INFO] HTTP Request: POST http://localhost:8001/v1/chat/completions "HTTP/1.1 200 OK"
2026-08-28 20:23:05,573 [INFO] HTTP Request: POST http://localhost:8001/v1/chat/completions "HTTP/1.1 200 OK"
2026-08-28 20:23:05,677 [INFO] HTTP Request: POST http://localhost:8001/v1/chat/completions "HTTP/1.1 200 OK"
2026-08-28 20:23:08,227 [INFO] HTTP Request: POST http://localhost:8001/v1/chat/completions "HTTP/1.1 200 OK"
2026-08-28 20:23:08,762 [INFO] HTTP Request: POST http://localhost:8001/v1/chat/completions "HTTP/1.1 200 OK"
2026-08-28 20:23:10,104 [INFO] HTTP Request: POST http://localhost:8001/v1/chat/completions "HTTP/1.1 200 OK"
2026-08-28 20:23:11,634 [INFO] HTTP Request: POST http://localhost:8001/v1/chat/completions "HTTP/1.1 200 OK"
2026-08-28 20:23:13,933 [INFO] HTTP Request: POST http://localhost:8001/v1/chat/completions "HTTP/1.1 200 OK"
2026-08-28 20:23:19,078 [INFO] HTTP Request: POST http://localhost:8001/v1/chat/completions "HTTP/1.1 200 OK"
2026-08-28 20:23:51,638 [INFO] HTTP Request: POST http://localhost:8001/v1/chat/completions "HTTP/1.1 200 OK"
2026-08-28 20:23:52,041 [INFO] HTTP Request: POST http://localhost:8001/v1/chat/completions "HTTP/1.1 200 OK"
2026-08-28 20:23:52,642 [INFO] HTTP Request: POST http://localhost:8001/v1/chat/completions "HTTP/1.1 200 OK"
2026-08-28 20:23:53,136 [INFO] HTTP Request: POST http://localhost:8001/v1/chat/completions "HTTP/1.1 200 OK"
2026-08-28 20:23:53,334 [INFO] HTTP Request: POST http://localhost:8001/v1/chat/completions "HTTP/1.1 200 OK"
2026-08-28 20:23:55,783 [INFO] HTTP Request: POST http://localhost:8001/v1/chat/completions "HTTP/1.1 200 OK"
2026-08-28 20:23:56,562 [INFO] HTTP Request: POST http://localhost:8001/v1/chat/completions "HTTP/1.1 200 OK"
2026-08-28 20:23:57,803 [INFO] HTTP Request: POST http://localhost:8001/v1/chat/completions "HTTP/1.1 200 OK"
2026-08-28 20:23:58,753 [INFO] HTTP Request: POST http://localhost:8001/v1/chat/completions "HTTP/1.1 200 OK"
2026-08-28 20:23:58,943 [INFO] HTTP Request: POST http://localhost:8001/v1/chat/completions "HTTP/1.1 200 OK"
2026-08-28 20:23:59,132 [INFO] HTTP Request: POST http://localhost:8001/v1/chat/completions "HTTP/1.1 200 OK"
2026-08-28 20:23:59,226 [INFO] HTTP Request: POST http://localhost:8001/v1/chat/completions "HTTP/1.1 200 OK"
2026-08-28 20:23:59,318 [INFO] HTTP Request: POST http://localhost:8001/v1/chat/completions "HTTP/1.1 200 OK"
2026-08-28 20:23:59,591 [INFO] HTTP Request: POST http://localhost:8001/v1/chat/completions "HTTP/1.1 200 OK"
2026-08-28 20:24:01,009 [INFO] HTTP Request: POST http://localhost:8001/v1/chat/completions "HTTP/1.1 200 OK"
2026-08-28 20:24:01,032 [INFO]   💾 160/172  [ok=158 skip=2 error=0]
2026-08-28 20:24:52,094 [INFO] HTTP Request: POST http://localhost:8001/v1/chat/completions "HTTP/1.1 200 OK"
2026-08-28 20:24:53,271 [INFO] HTTP Request: POST http://localhost:8001/v1/chat/completions "HTTP/1.1 200 OK"
2026-08-28 20:24:54,247 [INFO] HTTP Request: POST http://localhost:8001/v1/chat/completions "HTTP/1.1 200 OK"
2026-08-28 20:24:55,026 [INFO] HTTP Request: POST http://localhost:8001/v1/chat/completions "HTTP/1.1 200 OK"
2026-08-28 20:24:55,979 [INFO] HTTP Request: POST http://localhost:8001/v1/chat/completions "HTTP/1.1 200 OK"
2026-08-28 20:24:56,359 [INFO] HTTP Request: POST http://localhost:8001/v1/chat/completions "HTTP/1.1 200 OK"
2026-08-28 20:24:57,116 [INFO] HTTP Request: POST http://localhost:8001/v1/chat/completions "HTTP/1.1 200 OK"
2026-08-28 20:24:58,244 [INFO] HTTP Request: POST http://localhost:8001/v1/chat/completions "HTTP/1.1 200 OK"
2026-08-28 20:24:58,337 [INFO] HTTP Request: POST http://localhost:8001/v1/chat/completions "HTTP/1.1 200 OK"
2026-08-28 20:24:58,706 [INFO] HTTP Request: POST http://localhost:8001/v1/chat/completions "HTTP/1.1 200 OK"
2026-08-28 20:24:59,431 [INFO] HTTP Request: POST http://localhost:8001/v1/chat/completions "HTTP/1.1 200 OK"
2026-08-28 20:24:59,806 [INFO] HTTP Request: POST http://localhost:8001/v1/chat/completions "HTTP/1.1 200 OK"
2026-08-28 20:24:59,833 [INFO]   💾 172/172  [ok=170 skip=2 error=0]
2026-08-28 20:24:59,834 [INFO] [reddit_global_dataset.csv] ✅ Validación OK: todos los *_just rellenos en filas pertinentes (164).
2026-08-28 20:24:59,834 [INFO] ✅ reddit_global_dataset.csv → reddit_global_dataset_reanalizado_schema.csv  [ok=170  skip=2  error=0]
2026-08-28 20:24:59,835 [INFO]   → Procesando: youtube_global_dataset.csv
2026-08-28 20:24:59,835 [INFO]   ♻️  Reanudando desde output parcial: youtube_global_dataset_reanalizado_schema.csv
2026-08-28 20:24:59,847 [INFO] Primera fila pendiente: 0
2026-08-28 20:24:59,847 [INFO] youtube_global_dataset.csv: 926 filas pendientes de 926 totales
2026-08-28 20:25:58,021 [INFO] HTTP Request: POST http://localhost:8001/v1/chat/completions "HTTP/1.1 200 OK"
2026-08-28 20:25:59,543 [INFO] HTTP Request: POST http://localhost:8001/v1/chat/completions "HTTP/1.1 200 OK"
2026-08-28 20:26:01,168 [INFO] HTTP Request: POST http://localhost:8001/v1/chat/completions "HTTP/1.1 200 OK"
2026-08-28 20:26:02,793 [INFO] HTTP Request: POST http://localhost:8001/v1/chat/completions "HTTP/1.1 200 OK"
2026-08-28 20:26:02,893 [INFO] HTTP Request: POST http://localhost:8001/v1/chat/completions "HTTP/1.1 200 OK"
2026-08-28 20:26:05,985 [INFO] HTTP Request: POST http://localhost:8001/v1/chat/completions "HTTP/1.1 200 OK"
2026-08-28 20:26:08,237 [INFO] HTTP Request: POST http://localhost:8001/v1/chat/completions "HTTP/1.1 200 OK"
2026-08-28 20:26:09,220 [INFO] HTTP Request: POST http://localhost:8001/v1/chat/completions "HTTP/1.1 200 OK"
2026-08-28 20:26:09,466 [INFO] HTTP Request: POST http://localhost:8001/v1/chat/completions "HTTP/1.1 200 OK"
2026-08-28 20:26:11,682 [INFO] HTTP Request: POST http://localhost:8001/v1/chat/completions "HTTP/1.1 200 OK"
2026-08-28 20:26:11,784 [INFO] HTTP Request: POST http://localhost:8001/v1/chat/completions "HTTP/1.1 200 OK"
2026-08-28 20:26:13,544 [INFO] HTTP Request: POST http://localhost:8001/v1/chat/completions "HTTP/1.1 200 OK"
2026-08-28 20:26:16,269 [INFO] HTTP Request: POST http://localhost:8001/v1/chat/completions "HTTP/1.1 200 OK"
2026-08-28 20:26:19,141 [INFO] HTTP Request: POST http://localhost:8001/v1/chat/completions "HTTP/1.1 200 OK"
2026-08-28 20:26:21,129 [INFO] HTTP Request: POST http://localhost:8001/v1/chat/completions "HTTP/1.1 200 OK"
2026-08-28 20:26:22,866 [INFO] HTTP Request: POST http://localhost:8001/v1/chat/completions "HTTP/1.1 200 OK"
2026-08-28 20:26:38,769 [INFO] HTTP Request: POST http://localhost:8001/v1/chat/completions "HTTP/1.1 200 OK"
2026-08-28 20:26:56,983 [INFO] HTTP Request: POST http://localhost:8001/v1/chat/completions "HTTP/1.1 200 OK"
2026-08-28 20:26:56,983 [INFO] HTTP Request: POST http://localhost:8001/v1/chat/completions "HTTP/1.1 200 OK"
2026-08-28 20:26:58,084 [INFO] HTTP Request: POST http://localhost:8001/v1/chat/completions "HTTP/1.1 200 OK"
2026-08-28 20:26:58,184 [INFO] HTTP Request: POST http://localhost:8001/v1/chat/completions "HTTP/1.1 200 OK"
2026-08-28 20:26:58,968 [INFO] HTTP Request: POST http://localhost:8001/v1/chat/completions "HTTP/1.1 200 OK"
2026-08-28 20:26:59,750 [INFO] HTTP Request: POST http://localhost:8001/v1/chat/completions "HTTP/1.1 200 OK"
2026-08-28 20:27:00,235 [INFO] HTTP Request: POST http://localhost:8001/v1/chat/completions "HTTP/1.1 200 OK"
2026-08-28 20:27:00,332 [INFO] HTTP Request: POST http://localhost:8001/v1/chat/completions "HTTP/1.1 200 OK"
2026-08-28 20:27:00,333 [INFO] HTTP Request: POST http://localhost:8001/v1/chat/completions "HTTP/1.1 200 OK"
2026-08-28 20:27:00,426 [INFO] HTTP Request: POST http://localhost:8001/v1/chat/completions "HTTP/1.1 200 OK"
2026-08-28 20:27:01,180 [INFO] HTTP Request: POST http://localhost:8001/v1/chat/completions "HTTP/1.1 200 OK"
2026-08-28 20:27:01,458 [INFO] HTTP Request: POST http://localhost:8001/v1/chat/completions "HTTP/1.1 200 OK"
2026-08-28 20:27:05,320 [INFO] HTTP Request: POST http://localhost:8001/v1/chat/completions "HTTP/1.1 200 OK"
2026-08-28 20:27:07,676 [INFO] HTTP Request: POST http://localhost:8001/v1/chat/completions "HTTP/1.1 200 OK"
2026-08-28 20:27:09,188 [INFO] HTTP Request: POST http://localhost:8001/v1/chat/completions "HTTP/1.1 200 OK"
2026-08-28 20:27:09,225 [INFO]   💾 32/926  [ok=32 skip=0 error=0]
2026-08-28 20:28:06,719 [INFO] HTTP Request: POST http://localhost:8001/v1/chat/completions "HTTP/1.1 200 OK"
2026-08-28 20:28:08,450 [INFO] HTTP Request: POST http://localhost:8001/v1/chat/completions "HTTP/1.1 200 OK"
2026-08-28 20:28:13,371 [INFO] HTTP Request: POST http://localhost:8001/v1/chat/completions "HTTP/1.1 200 OK"
2026-08-28 20:28:14,346 [INFO] HTTP Request: POST http://localhost:8001/v1/chat/completions "HTTP/1.1 200 OK"
2026-08-28 20:28:16,114 [INFO] HTTP Request: POST http://localhost:8001/v1/chat/completions "HTTP/1.1 200 OK"
2026-08-28 20:28:16,571 [INFO] HTTP Request: POST http://localhost:8001/v1/chat/completions "HTTP/1.1 200 OK"
2026-08-28 20:28:17,894 [INFO] HTTP Request: POST http://localhost:8001/v1/chat/completions "HTTP/1.1 200 OK"
2026-08-28 20:28:17,896 [INFO] HTTP Request: POST http://localhost:8001/v1/chat/completions "HTTP/1.1 200 OK"
2026-08-28 20:28:18,335 [INFO] HTTP Request: POST http://localhost:8001/v1/chat/completions "HTTP/1.1 200 OK"
2026-08-28 20:28:20,098 [INFO] HTTP Request: POST http://localhost:8001/v1/chat/completions "HTTP/1.1 200 OK"
2026-08-28 20:28:20,098 [INFO] HTTP Request: POST http://localhost:8001/v1/chat/completions "HTTP/1.1 200 OK"
2026-08-28 20:28:22,296 [INFO] HTTP Request: POST http://localhost:8001/v1/chat/completions "HTTP/1.1 200 OK"
2026-08-28 20:28:25,772 [INFO] HTTP Request: POST http://localhost:8001/v1/chat/completions "HTTP/1.1 200 OK"
2026-08-28 20:28:27,254 [INFO] HTTP Request: POST http://localhost:8001/v1/chat/completions "HTTP/1.1 200 OK"
2026-08-28 20:28:28,237 [INFO] HTTP Request: POST http://localhost:8001/v1/chat/completions "HTTP/1.1 200 OK"
2026-08-28 20:28:32,689 [INFO] HTTP Request: POST http://localhost:8001/v1/chat/completions "HTTP/1.1 200 OK"
2026-08-28 20:28:40,841 [INFO] HTTP Request: POST http://localhost:8001/v1/chat/completions "HTTP/1.1 200 OK"
2026-08-28 20:29:06,079 [INFO] HTTP Request: POST http://localhost:8001/v1/chat/completions "HTTP/1.1 200 OK"
2026-08-28 20:29:07,183 [INFO] HTTP Request: POST http://localhost:8001/v1/chat/completions "HTTP/1.1 200 OK"
2026-08-28 20:29:07,682 [INFO] HTTP Request: POST http://localhost:8001/v1/chat/completions "HTTP/1.1 200 OK"
2026-08-28 20:29:09,253 [INFO] HTTP Request: POST http://localhost:8001/v1/chat/completions "HTTP/1.1 200 OK"
2026-08-28 20:29:09,743 [INFO] HTTP Request: POST http://localhost:8001/v1/chat/completions "HTTP/1.1 200 OK"
2026-08-28 20:29:09,745 [INFO] HTTP Request: POST http://localhost:8001/v1/chat/completions "HTTP/1.1 200 OK"
2026-08-28 20:29:09,939 [INFO] HTTP Request: POST http://localhost:8001/v1/chat/completions "HTTP/1.1 200 OK"
2026-08-28 20:29:09,940 [INFO] HTTP Request: POST http://localhost:8001/v1/chat/completions "HTTP/1.1 200 OK"
2026-08-28 20:29:10,414 [INFO] HTTP Request: POST http://localhost:8001/v1/chat/completions "HTTP/1.1 200 OK"
2026-08-28 20:29:10,887 [INFO] HTTP Request: POST http://localhost:8001/v1/chat/completions "HTTP/1.1 200 OK"
2026-08-28 20:29:10,888 [INFO] HTTP Request: POST http://localhost:8001/v1/chat/completions "HTTP/1.1 200 OK"
2026-08-28 20:29:11,350 [INFO] HTTP Request: POST http://localhost:8001/v1/chat/completions "HTTP/1.1 200 OK"
2026-08-28 20:29:14,017 [INFO] HTTP Request: POST http://localhost:8001/v1/chat/completions "HTTP/1.1 200 OK"
2026-08-28 20:29:14,653 [INFO] HTTP Request: POST http://localhost:8001/v1/chat/completions "HTTP/1.1 200 OK"
2026-08-28 20:29:16,828 [INFO] HTTP Request: POST http://localhost:8001/v1/chat/completions "HTTP/1.1 200 OK"
2026-08-28 20:29:16,862 [INFO]   💾 64/926  [ok=64 skip=0 error=0]
2026-08-28 20:30:15,363 [INFO] HTTP Request: POST http://localhost:8001/v1/chat/completions "HTTP/1.1 200 OK"
2026-08-28 20:30:16,886 [INFO] HTTP Request: POST http://localhost:8001/v1/chat/completions "HTTP/1.1 200 OK"
2026-08-28 20:30:19,191 [INFO] HTTP Request: POST http://localhost:8001/v1/chat/completions "HTTP/1.1 200 OK"
2026-08-28 20:30:20,522 [INFO] HTTP Request: POST http://localhost:8001/v1/chat/completions "HTTP/1.1 200 OK"
2026-08-28 20:30:22,161 [INFO] HTTP Request: POST http://localhost:8001/v1/chat/completions "HTTP/1.1 200 OK"
2026-08-28 20:30:24,212 [INFO] HTTP Request: POST http://localhost:8001/v1/chat/completions "HTTP/1.1 200 OK"
2026-08-28 20:30:26,578 [INFO] HTTP Request: POST http://localhost:8001/v1/chat/completions "HTTP/1.1 200 OK"
2026-08-28 20:30:26,680 [INFO] HTTP Request: POST http://localhost:8001/v1/chat/completions "HTTP/1.1 200 OK"
2026-08-28 20:30:27,558 [INFO] HTTP Request: POST http://localhost:8001/v1/chat/completions "HTTP/1.1 200 OK"
2026-08-28 20:30:27,558 [INFO] HTTP Request: POST http://localhost:8001/v1/chat/completions "HTTP/1.1 200 OK"
2026-08-28 20:30:30,654 [INFO] HTTP Request: POST http://localhost:8001/v1/chat/completions "HTTP/1.1 200 OK"
2026-08-28 20:30:33,760 [INFO] HTTP Request: POST http://localhost:8001/v1/chat/completions "HTTP/1.1 200 OK"
2026-08-28 20:30:33,861 [INFO] HTTP Request: POST http://localhost:8001/v1/chat/completions "HTTP/1.1 200 OK"
2026-08-28 20:30:37,473 [INFO] HTTP Request: POST http://localhost:8001/v1/chat/completions "HTTP/1.1 200 OK"
2026-08-28 20:30:43,016 [INFO] HTTP Request: POST http://localhost:8001/v1/chat/completions "HTTP/1.1 200 OK"
2026-08-28 20:30:46,509 [INFO] HTTP Request: POST http://localhost:8001/v1/chat/completions "HTTP/1.1 200 OK"
2026-08-28 20:30:53,256 [INFO] HTTP Request: POST http://localhost:8001/v1/chat/completions "HTTP/1.1 200 OK"
2026-08-28 20:31:10,854 [INFO] HTTP Request: POST http://localhost:8001/v1/chat/completions "HTTP/1.1 200 OK"
2026-08-28 20:31:15,474 [INFO] HTTP Request: POST http://localhost:8001/v1/chat/completions "HTTP/1.1 200 OK"
2026-08-28 20:31:16,573 [INFO] HTTP Request: POST http://localhost:8001/v1/chat/completions "HTTP/1.1 200 OK"
2026-08-28 20:31:17,754 [INFO] HTTP Request: POST http://localhost:8001/v1/chat/completions "HTTP/1.1 200 OK"
2026-08-28 20:31:17,852 [INFO] HTTP Request: POST http://localhost:8001/v1/chat/completions "HTTP/1.1 200 OK"
2026-08-28 20:31:17,853 [INFO] HTTP Request: POST http://localhost:8001/v1/chat/completions "HTTP/1.1 200 OK"
2026-08-28 20:31:20,191 [INFO] HTTP Request: POST http://localhost:8001/v1/chat/completions "HTTP/1.1 200 OK"
2026-08-28 20:31:20,191 [INFO] HTTP Request: POST http://localhost:8001/v1/chat/completions "HTTP/1.1 200 OK"
2026-08-28 20:31:20,192 [INFO] HTTP Request: POST http://localhost:8001/v1/chat/completions "HTTP/1.1 200 OK"
2026-08-28 20:31:20,381 [INFO] HTTP Request: POST http://localhost:8001/v1/chat/completions "HTTP/1.1 200 OK"
2026-08-28 20:31:20,475 [INFO] HTTP Request: POST http://localhost:8001/v1/chat/completions "HTTP/1.1 200 OK"
2026-08-28 20:31:20,939 [INFO] HTTP Request: POST http://localhost:8001/v1/chat/completions "HTTP/1.1 200 OK"
2026-08-28 20:31:21,582 [INFO] HTTP Request: POST http://localhost:8001/v1/chat/completions "HTTP/1.1 200 OK"
2026-08-28 20:31:22,490 [INFO] HTTP Request: POST http://localhost:8001/v1/chat/completions "HTTP/1.1 200 OK"
2026-08-28 20:31:28,171 [INFO] HTTP Request: POST http://localhost:8001/v1/chat/completions "HTTP/1.1 200 OK"
2026-08-28 20:31:28,199 [INFO]   💾 96/926  [ok=96 skip=0 error=0]
2026-08-28 20:32:27,287 [INFO] HTTP Request: POST http://localhost:8001/v1/chat/completions "HTTP/1.1 200 OK"
2026-08-28 20:32:28,810 [INFO] HTTP Request: POST http://localhost:8001/v1/chat/completions "HTTP/1.1 200 OK"
2026-08-28 20:32:31,217 [INFO] HTTP Request: POST http://localhost:8001/v1/chat/completions "HTTP/1.1 200 OK"
2026-08-28 20:32:32,962 [INFO] HTTP Request: POST http://localhost:8001/v1/chat/completions "HTTP/1.1 200 OK"
2026-08-28 20:32:35,118 [INFO] HTTP Request: POST http://localhost:8001/v1/chat/completions "HTTP/1.1 200 OK"
2026-08-28 20:32:36,347 [INFO] HTTP Request: POST http://localhost:8001/v1/chat/completions "HTTP/1.1 200 OK"
2026-08-28 20:32:36,450 [INFO] HTTP Request: POST http://localhost:8001/v1/chat/completions "HTTP/1.1 200 OK"
2026-08-28 20:32:37,767 [INFO] HTTP Request: POST http://localhost:8001/v1/chat/completions "HTTP/1.1 200 OK"
2026-08-28 20:32:39,656 [INFO] HTTP Request: POST http://localhost:8001/v1/chat/completions "HTTP/1.1 200 OK"
2026-08-28 20:32:40,186 [INFO] HTTP Request: POST http://localhost:8001/v1/chat/completions "HTTP/1.1 200 OK"
2026-08-28 20:32:41,079 [INFO] HTTP Request: POST http://localhost:8001/v1/chat/completions "HTTP/1.1 200 OK"
2026-08-28 20:32:42,967 [INFO] HTTP Request: POST http://localhost:8001/v1/chat/completions "HTTP/1.1 200 OK"
2026-08-28 20:32:44,200 [INFO] HTTP Request: POST http://localhost:8001/v1/chat/completions "HTTP/1.1 200 OK"
2026-08-28 20:32:45,579 [INFO] HTTP Request: POST http://localhost:8001/v1/chat/completions "HTTP/1.1 200 OK"
2026-08-28 20:32:45,681 [INFO] HTTP Request: POST http://localhost:8001/v1/chat/completions "HTTP/1.1 200 OK"
2026-08-28 20:32:53,334 [INFO] HTTP Request: POST http://localhost:8001/v1/chat/completions "HTTP/1.1 200 OK"
2026-08-28 20:33:01,789 [INFO] HTTP Request: POST http://localhost:8001/v1/chat/completions "HTTP/1.1 200 OK"
2026-08-28 20:33:23,518 [INFO] HTTP Request: POST http://localhost:8001/v1/chat/completions "HTTP/1.1 200 OK"
2026-08-28 20:33:27,236 [INFO] HTTP Request: POST http://localhost:8001/v1/chat/completions "HTTP/1.1 200 OK"
2026-08-28 20:33:27,337 [INFO] HTTP Request: POST http://localhost:8001/v1/chat/completions "HTTP/1.1 200 OK"
2026-08-28 20:33:27,634 [INFO] HTTP Request: POST http://localhost:8001/v1/chat/completions "HTTP/1.1 200 OK"
2026-08-28 20:33:27,830 [INFO] HTTP Request: POST http://localhost:8001/v1/chat/completions "HTTP/1.1 200 OK"
2026-08-28 20:33:28,808 [INFO] HTTP Request: POST http://localhost:8001/v1/chat/completions "HTTP/1.1 200 OK"
2026-08-28 20:33:28,906 [INFO] HTTP Request: POST http://localhost:8001/v1/chat/completions "HTTP/1.1 200 OK"
2026-08-28 20:33:30,046 [INFO] HTTP Request: POST http://localhost:8001/v1/chat/completions "HTTP/1.1 200 OK"
2026-08-28 20:33:30,047 [INFO] HTTP Request: POST http://localhost:8001/v1/chat/completions "HTTP/1.1 200 OK"
2026-08-28 20:33:30,140 [INFO] HTTP Request: POST http://localhost:8001/v1/chat/completions "HTTP/1.1 200 OK"
2026-08-28 20:33:30,329 [INFO] HTTP Request: POST http://localhost:8001/v1/chat/completions "HTTP/1.1 200 OK"
2026-08-28 20:33:30,792 [INFO] HTTP Request: POST http://localhost:8001/v1/chat/completions "HTTP/1.1 200 OK"
2026-08-28 20:33:31,436 [INFO] HTTP Request: POST http://localhost:8001/v1/chat/completions "HTTP/1.1 200 OK"
2026-08-28 20:33:32,070 [INFO] HTTP Request: POST http://localhost:8001/v1/chat/completions "HTTP/1.1 200 OK"
2026-08-28 20:33:32,919 [INFO] HTTP Request: POST http://localhost:8001/v1/chat/completions "HTTP/1.1 200 OK"
2026-08-28 20:33:32,957 [INFO]   💾 128/926  [ok=128 skip=0 error=0]
2026-08-28 20:34:30,401 [INFO] HTTP Request: POST http://localhost:8001/v1/chat/completions "HTTP/1.1 200 OK"
2026-08-28 20:34:32,329 [INFO] HTTP Request: POST http://localhost:8001/v1/chat/completions "HTTP/1.1 200 OK"
2026-08-28 20:34:33,747 [INFO] HTTP Request: POST http://localhost:8001/v1/chat/completions "HTTP/1.1 200 OK"
2026-08-28 20:34:35,944 [INFO] HTTP Request: POST http://localhost:8001/v1/chat/completions "HTTP/1.1 200 OK"
2026-08-28 20:34:36,928 [INFO] HTTP Request: POST http://localhost:8001/v1/chat/completions "HTTP/1.1 200 OK"
2026-08-28 20:34:38,053 [INFO] HTTP Request: POST http://localhost:8001/v1/chat/completions "HTTP/1.1 200 OK"
2026-08-28 20:34:39,733 [INFO] HTTP Request: POST http://localhost:8001/v1/chat/completions "HTTP/1.1 200 OK"
2026-08-28 20:34:40,716 [INFO] HTTP Request: POST http://localhost:8001/v1/chat/completions "HTTP/1.1 200 OK"
2026-08-28 20:34:42,120 [INFO] HTTP Request: POST http://localhost:8001/v1/chat/completions "HTTP/1.1 200 OK"
2026-08-28 20:34:42,220 [INFO] HTTP Request: POST http://localhost:8001/v1/chat/completions "HTTP/1.1 200 OK"
2026-08-28 20:34:43,097 [INFO] HTTP Request: POST http://localhost:8001/v1/chat/completions "HTTP/1.1 200 OK"
2026-08-28 20:34:45,630 [INFO] HTTP Request: POST http://localhost:8001/v1/chat/completions "HTTP/1.1 200 OK"
2026-08-28 20:34:45,732 [INFO] HTTP Request: POST http://localhost:8001/v1/chat/completions "HTTP/1.1 200 OK"
2026-08-28 20:34:48,564 [INFO] HTTP Request: POST http://localhost:8001/v1/chat/completions "HTTP/1.1 200 OK"
2026-08-28 20:34:50,047 [INFO] HTTP Request: POST http://localhost:8001/v1/chat/completions "HTTP/1.1 200 OK"
2026-08-28 20:34:52,512 [INFO] HTTP Request: POST http://localhost:8001/v1/chat/completions "HTTP/1.1 200 OK"
2026-08-28 20:35:03,788 [INFO] HTTP Request: POST http://localhost:8001/v1/chat/completions "HTTP/1.1 200 OK"
2026-08-28 20:35:25,618 [INFO] HTTP Request: POST http://localhost:8001/v1/chat/completions "HTTP/1.1 200 OK"
2026-08-28 20:35:28,431 [INFO] HTTP Request: POST http://localhost:8001/v1/chat/completions "HTTP/1.1 200 OK"
2026-08-28 20:35:29,232 [INFO] HTTP Request: POST http://localhost:8001/v1/chat/completions "HTTP/1.1 200 OK"
2026-08-28 20:35:29,724 [INFO] HTTP Request: POST http://localhost:8001/v1/chat/completions "HTTP/1.1 200 OK"
2026-08-28 20:35:29,920 [INFO] HTTP Request: POST http://localhost:8001/v1/chat/completions "HTTP/1.1 200 OK"
2026-08-28 20:35:30,018 [INFO] HTTP Request: POST http://localhost:8001/v1/chat/completions "HTTP/1.1 200 OK"
2026-08-28 20:35:30,603 [INFO] HTTP Request: POST http://localhost:8001/v1/chat/completions "HTTP/1.1 200 OK"
2026-08-28 20:35:31,269 [INFO] HTTP Request: POST http://localhost:8001/v1/chat/completions "HTTP/1.1 200 OK"
2026-08-28 20:35:33,161 [INFO] HTTP Request: POST http://localhost:8001/v1/chat/completions "HTTP/1.1 200 OK"
2026-08-28 20:35:34,485 [INFO] HTTP Request: POST http://localhost:8001/v1/chat/completions "HTTP/1.1 200 OK"
2026-08-28 20:35:34,954 [INFO] HTTP Request: POST http://localhost:8001/v1/chat/completions "HTTP/1.1 200 OK"
2026-08-28 20:35:35,876 [INFO] HTTP Request: POST http://localhost:8001/v1/chat/completions "HTTP/1.1 200 OK"
2026-08-28 20:35:36,797 [INFO] HTTP Request: POST http://localhost:8001/v1/chat/completions "HTTP/1.1 200 OK"
2026-08-28 20:35:38,338 [INFO] HTTP Request: POST http://localhost:8001/v1/chat/completions "HTTP/1.1 200 OK"
2026-08-28 20:35:38,339 [INFO] HTTP Request: POST http://localhost:8001/v1/chat/completions "HTTP/1.1 200 OK"
2026-08-28 20:35:38,396 [INFO]   💾 160/926  [ok=160 skip=0 error=0]
2026-08-28 20:36:36,686 [INFO] HTTP Request: POST http://localhost:8001/v1/chat/completions "HTTP/1.1 200 OK"
2026-08-28 20:36:36,787 [INFO] HTTP Request: POST http://localhost:8001/v1/chat/completions "HTTP/1.1 200 OK"
2026-08-28 20:36:40,688 [INFO] HTTP Request: POST http://localhost:8001/v1/chat/completions "HTTP/1.1 200 OK"
2026-08-28 20:36:43,931 [INFO] HTTP Request: POST http://localhost:8001/v1/chat/completions "HTTP/1.1 200 OK"
2026-08-28 20:36:45,164 [INFO] HTTP Request: POST http://localhost:8001/v1/chat/completions "HTTP/1.1 200 OK"
2026-08-28 20:36:46,904 [INFO] HTTP Request: POST http://localhost:8001/v1/chat/completions "HTTP/1.1 200 OK"
2026-08-28 20:36:48,544 [INFO] HTTP Request: POST http://localhost:8001/v1/chat/completions "HTTP/1.1 200 OK"
2026-08-28 20:36:49,877 [INFO] HTTP Request: POST http://localhost:8001/v1/chat/completions "HTTP/1.1 200 OK"
2026-08-28 20:36:50,859 [INFO] HTTP Request: POST http://localhost:8001/v1/chat/completions "HTTP/1.1 200 OK"
2026-08-28 20:36:52,340 [INFO] HTTP Request: POST http://localhost:8001/v1/chat/completions "HTTP/1.1 200 OK"
2026-08-28 20:36:52,442 [INFO] HTTP Request: POST http://localhost:8001/v1/chat/completions "HTTP/1.1 200 OK"
2026-08-28 20:36:55,911 [INFO] HTTP Request: POST http://localhost:8001/v1/chat/completions "HTTP/1.1 200 OK"
2026-08-28 20:36:57,166 [INFO] HTTP Request: POST http://localhost:8001/v1/chat/completions "HTTP/1.1 200 OK"
2026-08-28 20:36:58,751 [INFO] HTTP Request: POST http://localhost:8001/v1/chat/completions "HTTP/1.1 200 OK"
2026-08-28 20:37:01,928 [INFO] HTTP Request: POST http://localhost:8001/v1/chat/completions "HTTP/1.1 200 OK"
2026-08-28 20:37:09,009 [INFO] HTTP Request: POST http://localhost:8001/v1/chat/completions "HTTP/1.1 200 OK"
2026-08-28 20:37:17,077 [INFO] HTTP Request: POST http://localhost:8001/v1/chat/completions "HTTP/1.1 200 OK"
2026-08-28 20:37:40,058 [INFO] HTTP Request: POST http://localhost:8001/v1/chat/completions "HTTP/1.1 200 OK"
2026-08-28 20:37:40,160 [INFO] HTTP Request: POST http://localhost:8001/v1/chat/completions "HTTP/1.1 200 OK"
2026-08-28 20:37:40,160 [INFO] HTTP Request: POST http://localhost:8001/v1/chat/completions "HTTP/1.1 200 OK"
2026-08-28 20:37:40,162 [INFO] HTTP Request: POST http://localhost:8001/v1/chat/completions "HTTP/1.1 200 OK"
2026-08-28 20:37:40,553 [INFO] HTTP Request: POST http://localhost:8001/v1/chat/completions "HTTP/1.1 200 OK"
2026-08-28 20:37:41,042 [INFO] HTTP Request: POST http://localhost:8001/v1/chat/completions "HTTP/1.1 200 OK"
2026-08-28 20:37:41,140 [INFO] HTTP Request: POST http://localhost:8001/v1/chat/completions "HTTP/1.1 200 OK"
2026-08-28 20:37:41,522 [INFO] HTTP Request: POST http://localhost:8001/v1/chat/completions "HTTP/1.1 200 OK"
2026-08-28 20:37:41,712 [INFO] HTTP Request: POST http://localhost:8001/v1/chat/completions "HTTP/1.1 200 OK"
2026-08-28 20:37:41,807 [INFO] HTTP Request: POST http://localhost:8001/v1/chat/completions "HTTP/1.1 200 OK"
2026-08-28 20:37:42,278 [INFO] HTTP Request: POST http://localhost:8001/v1/chat/completions "HTTP/1.1 200 OK"
2026-08-28 20:37:42,925 [INFO] HTTP Request: POST http://localhost:8001/v1/chat/completions "HTTP/1.1 200 OK"
2026-08-28 20:37:45,042 [INFO] HTTP Request: POST http://localhost:8001/v1/chat/completions "HTTP/1.1 200 OK"
2026-08-28 20:37:45,767 [INFO] HTTP Request: POST http://localhost:8001/v1/chat/completions "HTTP/1.1 200 OK"
2026-08-28 20:37:46,426 [INFO] HTTP Request: POST http://localhost:8001/v1/chat/completions "HTTP/1.1 200 OK"
2026-08-28 20:37:46,460 [INFO]   💾 192/926  [ok=192 skip=0 error=0]
2026-08-28 20:38:44,707 [INFO] HTTP Request: POST http://localhost:8001/v1/chat/completions "HTTP/1.1 200 OK"
2026-08-28 20:38:46,537 [INFO] HTTP Request: POST http://localhost:8001/v1/chat/completions "HTTP/1.1 200 OK"
2026-08-28 20:38:46,538 [INFO] HTTP Request: POST http://localhost:8001/v1/chat/completions "HTTP/1.1 200 OK"
2026-08-28 20:38:50,061 [INFO] HTTP Request: POST http://localhost:8001/v1/chat/completions "HTTP/1.1 200 OK"
2026-08-28 20:38:51,391 [INFO] HTTP Request: POST http://localhost:8001/v1/chat/completions "HTTP/1.1 200 OK"
2026-08-28 20:38:52,619 [INFO] HTTP Request: POST http://localhost:8001/v1/chat/completions "HTTP/1.1 200 OK"
2026-08-28 20:38:54,037 [INFO] HTTP Request: POST http://localhost:8001/v1/chat/completions "HTTP/1.1 200 OK"
2026-08-28 20:38:54,564 [INFO] HTTP Request: POST http://localhost:8001/v1/chat/completions "HTTP/1.1 200 OK"
2026-08-28 20:38:55,450 [INFO] HTTP Request: POST http://localhost:8001/v1/chat/completions "HTTP/1.1 200 OK"
2026-08-28 20:38:58,998 [INFO] HTTP Request: POST http://localhost:8001/v1/chat/completions "HTTP/1.1 200 OK"
2026-08-28 20:39:00,335 [INFO] HTTP Request: POST http://localhost:8001/v1/chat/completions "HTTP/1.1 200 OK"
2026-08-28 20:39:02,126 [INFO] HTTP Request: POST http://localhost:8001/v1/chat/completions "HTTP/1.1 200 OK"
2026-08-28 20:39:05,017 [INFO] HTTP Request: POST http://localhost:8001/v1/chat/completions "HTTP/1.1 200 OK"
2026-08-28 20:39:05,017 [INFO] HTTP Request: POST http://localhost:8001/v1/chat/completions "HTTP/1.1 200 OK"
2026-08-28 20:39:05,118 [INFO] HTTP Request: POST http://localhost:8001/v1/chat/completions "HTTP/1.1 200 OK"
2026-08-28 20:39:10,782 [INFO] HTTP Request: POST http://localhost:8001/v1/chat/completions "HTTP/1.1 200 OK"
2026-08-28 20:39:42,127 [INFO] HTTP Request: POST http://localhost:8001/v1/chat/completions "HTTP/1.1 200 OK"
2026-08-28 20:39:42,430 [INFO] HTTP Request: POST http://localhost:8001/v1/chat/completions "HTTP/1.1 200 OK"
2026-08-28 20:39:42,934 [INFO] HTTP Request: POST http://localhost:8001/v1/chat/completions "HTTP/1.1 200 OK"
2026-08-28 20:39:44,641 [INFO] HTTP Request: POST http://localhost:8001/v1/chat/completions "HTTP/1.1 200 OK"
2026-08-28 20:39:47,204 [INFO] HTTP Request: POST http://localhost:8001/v1/chat/completions "HTTP/1.1 200 OK"
2026-08-28 20:39:47,596 [INFO] HTTP Request: POST http://localhost:8001/v1/chat/completions "HTTP/1.1 200 OK"
2026-08-28 20:39:47,988 [INFO] HTTP Request: POST http://localhost:8001/v1/chat/completions "HTTP/1.1 200 OK"
2026-08-28 20:39:49,646 [INFO] HTTP Request: POST http://localhost:8001/v1/chat/completions "HTTP/1.1 200 OK"
2026-08-28 20:39:49,646 [INFO] HTTP Request: POST http://localhost:8001/v1/chat/completions "HTTP/1.1 200 OK"
2026-08-28 20:39:50,407 [INFO] HTTP Request: POST http://localhost:8001/v1/chat/completions "HTTP/1.1 200 OK"
2026-08-28 20:39:50,691 [INFO] HTTP Request: POST http://localhost:8001/v1/chat/completions "HTTP/1.1 200 OK"
2026-08-28 20:39:50,880 [INFO] HTTP Request: POST http://localhost:8001/v1/chat/completions "HTTP/1.1 200 OK"
2026-08-28 20:39:53,741 [INFO] HTTP Request: POST http://localhost:8001/v1/chat/completions "HTTP/1.1 200 OK"
2026-08-28 20:39:53,925 [INFO] HTTP Request: POST http://localhost:8001/v1/chat/completions "HTTP/1.1 200 OK"
2026-08-28 20:39:54,561 [INFO] HTTP Request: POST http://localhost:8001/v1/chat/completions "HTTP/1.1 200 OK"
2026-08-28 20:39:57,123 [INFO] HTTP Request: POST http://localhost:8001/v1/chat/completions "HTTP/1.1 200 OK"
2026-08-28 20:39:57,165 [INFO]   💾 224/926  [ok=224 skip=0 error=0]
2026-08-28 20:40:52,407 [INFO] HTTP Request: POST http://localhost:8001/v1/chat/completions "HTTP/1.1 200 OK"
2026-08-28 20:40:54,817 [INFO] HTTP Request: POST http://localhost:8001/v1/chat/completions "HTTP/1.1 200 OK"
2026-08-28 20:40:56,963 [INFO] HTTP Request: POST http://localhost:8001/v1/chat/completions "HTTP/1.1 200 OK"
2026-08-28 20:40:58,246 [INFO] HTTP Request: POST http://localhost:8001/v1/chat/completions "HTTP/1.1 200 OK"
2026-08-28 20:40:59,996 [INFO] HTTP Request: POST http://localhost:8001/v1/chat/completions "HTTP/1.1 200 OK"
2026-08-28 20:41:00,098 [INFO] HTTP Request: POST http://localhost:8001/v1/chat/completions "HTTP/1.1 200 OK"
2026-08-28 20:41:03,146 [INFO] HTTP Request: POST http://localhost:8001/v1/chat/completions "HTTP/1.1 200 OK"
2026-08-28 20:41:03,147 [INFO] HTTP Request: POST http://localhost:8001/v1/chat/completions "HTTP/1.1 200 OK"
2026-08-28 20:41:04,559 [INFO] HTTP Request: POST http://localhost:8001/v1/chat/completions "HTTP/1.1 200 OK"
2026-08-28 20:41:05,448 [INFO] HTTP Request: POST http://localhost:8001/v1/chat/completions "HTTP/1.1 200 OK"
2026-08-28 20:41:07,892 [INFO] HTTP Request: POST http://localhost:8001/v1/chat/completions "HTTP/1.1 200 OK"
2026-08-28 20:41:09,685 [INFO] HTTP Request: POST http://localhost:8001/v1/chat/completions "HTTP/1.1 200 OK"
2026-08-28 20:41:10,211 [INFO] HTTP Request: POST http://localhost:8001/v1/chat/completions "HTTP/1.1 200 OK"
2026-08-28 20:41:11,542 [INFO] HTTP Request: POST http://localhost:8001/v1/chat/completions "HTTP/1.1 200 OK"
2026-08-28 20:41:14,755 [INFO] HTTP Request: POST http://localhost:8001/v1/chat/completions "HTTP/1.1 200 OK"
2026-08-28 20:41:17,797 [INFO] HTTP Request: POST http://localhost:8001/v1/chat/completions "HTTP/1.1 200 OK"
2026-08-28 20:41:46,982 [INFO] HTTP Request: POST http://localhost:8001/v1/chat/completions "HTTP/1.1 200 OK"
2026-08-28 20:41:51,222 [INFO] HTTP Request: POST http://localhost:8001/v1/chat/completions "HTTP/1.1 200 OK"
2026-08-28 20:41:52,633 [INFO] HTTP Request: POST http://localhost:8001/v1/chat/completions "HTTP/1.1 200 OK"
2026-08-28 20:41:54,132 [INFO] HTTP Request: POST http://localhost:8001/v1/chat/completions "HTTP/1.1 200 OK"
2026-08-28 20:41:55,119 [INFO] HTTP Request: POST http://localhost:8001/v1/chat/completions "HTTP/1.1 200 OK"
2026-08-28 20:41:55,120 [INFO] HTTP Request: POST http://localhost:8001/v1/chat/completions "HTTP/1.1 200 OK"
2026-08-28 20:41:58,448 [INFO] HTTP Request: POST http://localhost:8001/v1/chat/completions "HTTP/1.1 200 OK"
2026-08-28 20:41:58,546 [INFO] HTTP Request: POST http://localhost:8001/v1/chat/completions "HTTP/1.1 200 OK"
2026-08-28 20:41:59,786 [INFO] HTTP Request: POST http://localhost:8001/v1/chat/completions "HTTP/1.1 200 OK"
2026-08-28 20:42:00,831 [INFO] HTTP Request: POST http://localhost:8001/v1/chat/completions "HTTP/1.1 200 OK"
2026-08-28 20:42:01,210 [INFO] HTTP Request: POST http://localhost:8001/v1/chat/completions "HTTP/1.1 200 OK"
2026-08-28 20:42:01,774 [INFO] HTTP Request: POST http://localhost:8001/v1/chat/completions "HTTP/1.1 200 OK"
2026-08-28 20:42:03,529 [INFO] HTTP Request: POST http://localhost:8001/v1/chat/completions "HTTP/1.1 200 OK"
2026-08-28 20:42:04,081 [INFO] HTTP Request: POST http://localhost:8001/v1/chat/completions "HTTP/1.1 200 OK"
2026-08-28 20:42:09,064 [INFO] HTTP Request: POST http://localhost:8001/v1/chat/completions "HTTP/1.1 200 OK"
2026-08-28 20:42:11,051 [INFO] HTTP Request: POST http://localhost:8001/v1/chat/completions "HTTP/1.1 200 OK"
2026-08-28 20:42:11,096 [INFO]   💾 256/926  [ok=256 skip=0 error=0]
2026-08-28 20:43:07,981 [INFO] HTTP Request: POST http://localhost:8001/v1/chat/completions "HTTP/1.1 200 OK"
2026-08-28 20:43:10,179 [INFO] HTTP Request: POST http://localhost:8001/v1/chat/completions "HTTP/1.1 200 OK"
2026-08-28 20:43:11,629 [INFO] HTTP Request: POST http://localhost:8001/v1/chat/completions "HTTP/1.1 200 OK"
2026-08-28 20:43:14,400 [INFO] HTTP Request: POST http://localhost:8001/v1/chat/completions "HTTP/1.1 200 OK"
2026-08-28 20:43:15,653 [INFO] HTTP Request: POST http://localhost:8001/v1/chat/completions "HTTP/1.1 200 OK"
2026-08-28 20:43:17,200 [INFO] HTTP Request: POST http://localhost:8001/v1/chat/completions "HTTP/1.1 200 OK"
2026-08-28 20:43:18,179 [INFO] HTTP Request: POST http://localhost:8001/v1/chat/completions "HTTP/1.1 200 OK"
2026-08-28 20:43:19,795 [INFO] HTTP Request: POST http://localhost:8001/v1/chat/completions "HTTP/1.1 200 OK"
2026-08-28 20:43:20,774 [INFO] HTTP Request: POST http://localhost:8001/v1/chat/completions "HTTP/1.1 200 OK"
2026-08-28 20:43:21,467 [INFO] HTTP Request: POST http://localhost:8001/v1/chat/completions "HTTP/1.1 200 OK"
2026-08-28 20:43:23,223 [INFO] HTTP Request: POST http://localhost:8001/v1/chat/completions "HTTP/1.1 200 OK"
2026-08-28 20:43:23,322 [INFO] HTTP Request: POST http://localhost:8001/v1/chat/completions "HTTP/1.1 200 OK"
2026-08-28 20:43:25,931 [INFO] HTTP Request: POST http://localhost:8001/v1/chat/completions "HTTP/1.1 200 OK"
2026-08-28 20:43:27,377 [INFO] HTTP Request: POST http://localhost:8001/v1/chat/completions "HTTP/1.1 200 OK"
2026-08-28 20:43:29,442 [INFO] HTTP Request: POST http://localhost:8001/v1/chat/completions "HTTP/1.1 200 OK"
2026-08-28 20:43:37,872 [INFO] HTTP Request: POST http://localhost:8001/v1/chat/completions "HTTP/1.1 200 OK"
2026-08-28 20:44:11,595 [INFO] HTTP Request: POST http://localhost:8001/v1/chat/completions "HTTP/1.1 200 OK"
2026-08-28 20:44:12,112 [INFO] HTTP Request: POST http://localhost:8001/v1/chat/completions "HTTP/1.1 200 OK"
2026-08-28 20:44:12,517 [INFO] HTTP Request: POST http://localhost:8001/v1/chat/completions "HTTP/1.1 200 OK"
2026-08-28 20:44:12,518 [INFO] HTTP Request: POST http://localhost:8001/v1/chat/completions "HTTP/1.1 200 OK"
2026-08-28 20:44:12,618 [INFO] HTTP Request: POST http://localhost:8001/v1/chat/completions "HTTP/1.1 200 OK"
2026-08-28 20:44:12,914 [INFO] HTTP Request: POST http://localhost:8001/v1/chat/completions "HTTP/1.1 200 OK"
2026-08-28 20:44:13,210 [INFO] HTTP Request: POST http://localhost:8001/v1/chat/completions "HTTP/1.1 200 OK"
2026-08-28 20:44:13,601 [INFO] HTTP Request: POST http://localhost:8001/v1/chat/completions "HTTP/1.1 200 OK"
2026-08-28 20:44:14,080 [INFO] HTTP Request: POST http://localhost:8001/v1/chat/completions "HTTP/1.1 200 OK"
2026-08-28 20:44:14,080 [INFO] HTTP Request: POST http://localhost:8001/v1/chat/completions "HTTP/1.1 200 OK"
2026-08-28 20:44:16,355 [INFO] HTTP Request: POST http://localhost:8001/v1/chat/completions "HTTP/1.1 200 OK"
2026-08-28 20:44:16,638 [INFO] HTTP Request: POST http://localhost:8001/v1/chat/completions "HTTP/1.1 200 OK"
2026-08-28 20:44:16,639 [INFO] HTTP Request: POST http://localhost:8001/v1/chat/completions "HTTP/1.1 200 OK"
2026-08-28 20:44:16,916 [INFO] HTTP Request: POST http://localhost:8001/v1/chat/completions "HTTP/1.1 200 OK"
2026-08-28 20:44:17,008 [INFO] HTTP Request: POST http://localhost:8001/v1/chat/completions "HTTP/1.1 200 OK"
2026-08-28 20:44:18,144 [INFO] HTTP Request: POST http://localhost:8001/v1/chat/completions "HTTP/1.1 200 OK"
2026-08-28 20:44:18,169 [INFO]   💾 288/926  [ok=288 skip=0 error=0]
2026-08-28 20:45:16,463 [INFO] HTTP Request: POST http://localhost:8001/v1/chat/completions "HTTP/1.1 200 OK"
2026-08-28 20:45:18,319 [INFO] HTTP Request: POST http://localhost:8001/v1/chat/completions "HTTP/1.1 200 OK"
2026-08-28 20:45:19,872 [INFO] HTTP Request: POST http://localhost:8001/v1/chat/completions "HTTP/1.1 200 OK"
2026-08-28 20:45:19,973 [INFO] HTTP Request: POST http://localhost:8001/v1/chat/completions "HTTP/1.1 200 OK"
2026-08-28 20:45:20,401 [INFO] HTTP Request: POST http://localhost:8001/v1/chat/completions "HTTP/1.1 200 OK"
2026-08-28 20:45:22,610 [INFO] HTTP Request: POST http://localhost:8001/v1/chat/completions "HTTP/1.1 200 OK"
2026-08-28 20:45:23,945 [INFO] HTTP Request: POST http://localhost:8001/v1/chat/completions "HTTP/1.1 200 OK"
2026-08-28 20:45:23,946 [INFO] HTTP Request: POST http://localhost:8001/v1/chat/completions "HTTP/1.1 200 OK"
2026-08-28 20:45:24,259 [INFO] HTTP Request: POST http://localhost:8001/v1/chat/completions "HTTP/1.1 200 OK"
2026-08-28 20:45:28,161 [INFO] HTTP Request: POST http://localhost:8001/v1/chat/completions "HTTP/1.1 200 OK"
2026-08-28 20:45:29,695 [INFO] HTTP Request: POST http://localhost:8001/v1/chat/completions "HTTP/1.1 200 OK"
2026-08-28 20:45:31,040 [INFO] HTTP Request: POST http://localhost:8001/v1/chat/completions "HTTP/1.1 200 OK"
2026-08-28 20:45:32,901 [INFO] HTTP Request: POST http://localhost:8001/v1/chat/completions "HTTP/1.1 200 OK"
2026-08-28 20:45:34,763 [INFO] HTTP Request: POST http://localhost:8001/v1/chat/completions "HTTP/1.1 200 OK"
2026-08-28 20:45:36,696 [INFO] HTTP Request: POST http://localhost:8001/v1/chat/completions "HTTP/1.1 200 OK"
2026-08-28 20:45:41,147 [INFO] HTTP Request: POST http://localhost:8001/v1/chat/completions "HTTP/1.1 200 OK"
2026-08-28 20:46:13,124 [INFO] HTTP Request: POST http://localhost:8001/v1/chat/completions "HTTP/1.1 200 OK"
2026-08-28 20:46:15,148 [INFO] HTTP Request: POST http://localhost:8001/v1/chat/completions "HTTP/1.1 200 OK"
2026-08-28 20:46:15,349 [INFO] HTTP Request: POST http://localhost:8001/v1/chat/completions "HTTP/1.1 200 OK"
2026-08-28 20:46:15,450 [INFO] HTTP Request: POST http://localhost:8001/v1/chat/completions "HTTP/1.1 200 OK"
2026-08-28 20:46:15,846 [INFO] HTTP Request: POST http://localhost:8001/v1/chat/completions "HTTP/1.1 200 OK"
2026-08-28 20:46:15,945 [INFO] HTTP Request: POST http://localhost:8001/v1/chat/completions "HTTP/1.1 200 OK"
2026-08-28 20:46:17,020 [INFO] HTTP Request: POST http://localhost:8001/v1/chat/completions "HTTP/1.1 200 OK"
2026-08-28 20:46:18,480 [INFO] HTTP Request: POST http://localhost:8001/v1/chat/completions "HTTP/1.1 200 OK"
2026-08-28 20:46:19,529 [INFO] HTTP Request: POST http://localhost:8001/v1/chat/completions "HTTP/1.1 200 OK"
2026-08-28 20:46:20,478 [INFO] HTTP Request: POST http://localhost:8001/v1/chat/completions "HTTP/1.1 200 OK"
2026-08-28 20:46:20,762 [INFO] HTTP Request: POST http://localhost:8001/v1/chat/completions "HTTP/1.1 200 OK"
2026-08-28 20:46:21,138 [INFO] HTTP Request: POST http://localhost:8001/v1/chat/completions "HTTP/1.1 200 OK"
2026-08-28 20:46:21,138 [INFO] HTTP Request: POST http://localhost:8001/v1/chat/completions "HTTP/1.1 200 OK"
2026-08-28 20:46:22,152 [INFO] HTTP Request: POST http://localhost:8001/v1/chat/completions "HTTP/1.1 200 OK"
2026-08-28 20:46:23,059 [INFO] HTTP Request: POST http://localhost:8001/v1/chat/completions "HTTP/1.1 200 OK"
2026-08-28 20:46:23,813 [INFO] HTTP Request: POST http://localhost:8001/v1/chat/completions "HTTP/1.1 200 OK"
2026-08-28 20:46:23,849 [INFO]   💾 320/926  [ok=320 skip=0 error=0]
2026-08-28 20:47:23,203 [INFO] HTTP Request: POST http://localhost:8001/v1/chat/completions "HTTP/1.1 200 OK"
2026-08-28 20:47:24,766 [INFO] HTTP Request: POST http://localhost:8001/v1/chat/completions "HTTP/1.1 200 OK"
2026-08-28 20:47:26,418 [INFO] HTTP Request: POST http://localhost:8001/v1/chat/completions "HTTP/1.1 200 OK"
2026-08-28 20:47:26,518 [INFO] HTTP Request: POST http://localhost:8001/v1/chat/completions "HTTP/1.1 200 OK"
2026-08-28 20:47:26,947 [INFO] HTTP Request: POST http://localhost:8001/v1/chat/completions "HTTP/1.1 200 OK"
2026-08-28 20:47:27,831 [INFO] HTTP Request: POST http://localhost:8001/v1/chat/completions "HTTP/1.1 200 OK"
2026-08-28 20:47:28,718 [INFO] HTTP Request: POST http://localhost:8001/v1/chat/completions "HTTP/1.1 200 OK"
2026-08-28 20:47:32,216 [INFO] HTTP Request: POST http://localhost:8001/v1/chat/completions "HTTP/1.1 200 OK"
2026-08-28 20:47:34,267 [INFO] HTTP Request: POST http://localhost:8001/v1/chat/completions "HTTP/1.1 200 OK"
2026-08-28 20:47:34,368 [INFO] HTTP Request: POST http://localhost:8001/v1/chat/completions "HTTP/1.1 200 OK"
2026-08-28 20:47:34,369 [INFO] HTTP Request: POST http://localhost:8001/v1/chat/completions "HTTP/1.1 200 OK"
2026-08-28 20:47:36,108 [INFO] HTTP Request: POST http://localhost:8001/v1/chat/completions "HTTP/1.1 200 OK"
2026-08-28 20:47:36,988 [INFO] HTTP Request: POST http://localhost:8001/v1/chat/completions "HTTP/1.1 200 OK"
2026-08-28 20:47:38,757 [INFO] HTTP Request: POST http://localhost:8001/v1/chat/completions "HTTP/1.1 200 OK"
2026-08-28 20:47:39,192 [INFO] HTTP Request: POST http://localhost:8001/v1/chat/completions "HTTP/1.1 200 OK"
2026-08-28 20:47:44,172 [INFO] HTTP Request: POST http://localhost:8001/v1/chat/completions "HTTP/1.1 200 OK"
2026-08-28 20:48:10,630 [INFO] HTTP Request: POST http://localhost:8001/v1/chat/completions "HTTP/1.1 200 OK"
2026-08-28 20:48:21,638 [INFO] HTTP Request: POST http://localhost:8001/v1/chat/completions "HTTP/1.1 200 OK"
2026-08-28 20:48:22,042 [INFO] HTTP Request: POST http://localhost:8001/v1/chat/completions "HTTP/1.1 200 OK"
2026-08-28 20:48:22,842 [INFO] HTTP Request: POST http://localhost:8001/v1/chat/completions "HTTP/1.1 200 OK"
2026-08-28 20:48:23,435 [INFO] HTTP Request: POST http://localhost:8001/v1/chat/completions "HTTP/1.1 200 OK"
2026-08-28 20:48:23,631 [INFO] HTTP Request: POST http://localhost:8001/v1/chat/completions "HTTP/1.1 200 OK"
2026-08-28 20:48:24,903 [INFO] HTTP Request: POST http://localhost:8001/v1/chat/completions "HTTP/1.1 200 OK"
2026-08-28 20:48:25,390 [INFO] HTTP Request: POST http://localhost:8001/v1/chat/completions "HTTP/1.1 200 OK"
2026-08-28 20:48:25,773 [INFO] HTTP Request: POST http://localhost:8001/v1/chat/completions "HTTP/1.1 200 OK"
2026-08-28 20:48:26,248 [INFO] HTTP Request: POST http://localhost:8001/v1/chat/completions "HTTP/1.1 200 OK"
2026-08-28 20:48:27,952 [INFO] HTTP Request: POST http://localhost:8001/v1/chat/completions "HTTP/1.1 200 OK"
2026-08-28 20:48:28,047 [INFO] HTTP Request: POST http://localhost:8001/v1/chat/completions "HTTP/1.1 200 OK"
2026-08-28 20:48:28,510 [INFO] HTTP Request: POST http://localhost:8001/v1/chat/completions "HTTP/1.1 200 OK"
2026-08-28 20:48:28,786 [INFO] HTTP Request: POST http://localhost:8001/v1/chat/completions "HTTP/1.1 200 OK"
2026-08-28 20:48:29,512 [INFO] HTTP Request: POST http://localhost:8001/v1/chat/completions "HTTP/1.1 200 OK"
2026-08-28 20:48:30,456 [INFO] HTTP Request: POST http://localhost:8001/v1/chat/completions "HTTP/1.1 200 OK"
2026-08-28 20:48:30,482 [INFO]   💾 352/926  [ok=352 skip=0 error=0]
2026-08-28 20:49:25,804 [INFO] HTTP Request: POST http://localhost:8001/v1/chat/completions "HTTP/1.1 200 OK"
2026-08-28 20:49:27,353 [INFO] HTTP Request: POST http://localhost:8001/v1/chat/completions "HTTP/1.1 200 OK"
2026-08-28 20:49:30,732 [INFO] HTTP Request: POST http://localhost:8001/v1/chat/completions "HTTP/1.1 200 OK"
2026-08-28 20:49:32,384 [INFO] HTTP Request: POST http://localhost:8001/v1/chat/completions "HTTP/1.1 200 OK"
2026-08-28 20:49:33,363 [INFO] HTTP Request: POST http://localhost:8001/v1/chat/completions "HTTP/1.1 200 OK"
2026-08-28 20:49:35,078 [INFO] HTTP Request: POST http://localhost:8001/v1/chat/completions "HTTP/1.1 200 OK"
2026-08-28 20:49:37,441 [INFO] HTTP Request: POST http://localhost:8001/v1/chat/completions "HTTP/1.1 200 OK"
2026-08-28 20:49:37,969 [INFO] HTTP Request: POST http://localhost:8001/v1/chat/completions "HTTP/1.1 200 OK"
2026-08-28 20:49:39,802 [INFO] HTTP Request: POST http://localhost:8001/v1/chat/completions "HTTP/1.1 200 OK"
2026-08-28 20:49:39,903 [INFO] HTTP Request: POST http://localhost:8001/v1/chat/completions "HTTP/1.1 200 OK"
2026-08-28 20:49:42,058 [INFO] HTTP Request: POST http://localhost:8001/v1/chat/completions "HTTP/1.1 200 OK"
2026-08-28 20:49:43,920 [INFO] HTTP Request: POST http://localhost:8001/v1/chat/completions "HTTP/1.1 200 OK"
2026-08-28 20:49:43,921 [INFO] HTTP Request: POST http://localhost:8001/v1/chat/completions "HTTP/1.1 200 OK"
2026-08-28 20:49:44,333 [INFO] HTTP Request: POST http://localhost:8001/v1/chat/completions "HTTP/1.1 200 OK"
2026-08-28 20:49:47,638 [INFO] HTTP Request: POST http://localhost:8001/v1/chat/completions "HTTP/1.1 200 OK"
2026-08-28 20:49:50,520 [INFO] HTTP Request: POST http://localhost:8001/v1/chat/completions "HTTP/1.1 200 OK"
2026-08-28 20:50:24,694 [INFO] HTTP Request: POST http://localhost:8001/v1/chat/completions "HTTP/1.1 200 OK"
2026-08-28 20:50:26,414 [INFO] HTTP Request: POST http://localhost:8001/v1/chat/completions "HTTP/1.1 200 OK"
2026-08-28 20:50:27,017 [INFO] HTTP Request: POST http://localhost:8001/v1/chat/completions "HTTP/1.1 200 OK"
2026-08-28 20:50:28,512 [INFO] HTTP Request: POST http://localhost:8001/v1/chat/completions "HTTP/1.1 200 OK"
2026-08-28 20:50:29,500 [INFO] HTTP Request: POST http://localhost:8001/v1/chat/completions "HTTP/1.1 200 OK"
2026-08-28 20:50:30,188 [INFO] HTTP Request: POST http://localhost:8001/v1/chat/completions "HTTP/1.1 200 OK"
2026-08-28 20:50:30,481 [INFO] HTTP Request: POST http://localhost:8001/v1/chat/completions "HTTP/1.1 200 OK"
2026-08-28 20:50:33,403 [INFO] HTTP Request: POST http://localhost:8001/v1/chat/completions "HTTP/1.1 200 OK"
2026-08-28 20:50:34,358 [INFO] HTTP Request: POST http://localhost:8001/v1/chat/completions "HTTP/1.1 200 OK"
2026-08-28 20:50:34,453 [INFO] HTTP Request: POST http://localhost:8001/v1/chat/completions "HTTP/1.1 200 OK"
2026-08-28 20:50:35,020 [INFO] HTTP Request: POST http://localhost:8001/v1/chat/completions "HTTP/1.1 200 OK"
2026-08-28 20:50:36,245 [INFO] HTTP Request: POST http://localhost:8001/v1/chat/completions "HTTP/1.1 200 OK"
2026-08-28 20:50:36,614 [INFO] HTTP Request: POST http://localhost:8001/v1/chat/completions "HTTP/1.1 200 OK"
2026-08-28 20:50:36,982 [INFO] HTTP Request: POST http://localhost:8001/v1/chat/completions "HTTP/1.1 200 OK"
2026-08-28 20:50:37,709 [INFO] HTTP Request: POST http://localhost:8001/v1/chat/completions "HTTP/1.1 200 OK"
2026-08-28 20:50:40,644 [INFO] HTTP Request: POST http://localhost:8001/v1/chat/completions "HTTP/1.1 200 OK"
2026-08-28 20:50:40,687 [INFO]   💾 384/926  [ok=384 skip=0 error=0]
2026-08-28 20:51:39,627 [INFO] HTTP Request: POST http://localhost:8001/v1/chat/completions "HTTP/1.1 200 OK"
2026-08-28 20:51:41,611 [INFO] HTTP Request: POST http://localhost:8001/v1/chat/completions "HTTP/1.1 200 OK"
2026-08-28 20:51:43,570 [INFO] HTTP Request: POST http://localhost:8001/v1/chat/completions "HTTP/1.1 200 OK"
2026-08-28 20:51:45,730 [INFO] HTTP Request: POST http://localhost:8001/v1/chat/completions "HTTP/1.1 200 OK"
2026-08-28 20:51:45,730 [INFO] HTTP Request: POST http://localhost:8001/v1/chat/completions "HTTP/1.1 200 OK"
2026-08-28 20:51:45,832 [INFO] HTTP Request: POST http://localhost:8001/v1/chat/completions "HTTP/1.1 200 OK"
2026-08-28 20:51:45,832 [INFO] HTTP Request: POST http://localhost:8001/v1/chat/completions "HTTP/1.1 200 OK"
2026-08-28 20:51:47,564 [INFO] HTTP Request: POST http://localhost:8001/v1/chat/completions "HTTP/1.1 200 OK"
2026-08-28 20:51:49,322 [INFO] HTTP Request: POST http://localhost:8001/v1/chat/completions "HTTP/1.1 200 OK"
2026-08-28 20:51:50,637 [INFO] HTTP Request: POST http://localhost:8001/v1/chat/completions "HTTP/1.1 200 OK"
2026-08-28 20:51:53,993 [INFO] HTTP Request: POST http://localhost:8001/v1/chat/completions "HTTP/1.1 200 OK"
2026-08-28 20:51:55,411 [INFO] HTTP Request: POST http://localhost:8001/v1/chat/completions "HTTP/1.1 200 OK"
2026-08-28 20:51:55,852 [INFO] HTTP Request: POST http://localhost:8001/v1/chat/completions "HTTP/1.1 200 OK"
2026-08-28 20:51:58,754 [INFO] HTTP Request: POST http://localhost:8001/v1/chat/completions "HTTP/1.1 200 OK"
2026-08-28 20:52:02,377 [INFO] HTTP Request: POST http://localhost:8001/v1/chat/completions "HTTP/1.1 200 OK"
2026-08-28 20:52:02,479 [INFO] HTTP Request: POST http://localhost:8001/v1/chat/completions "HTTP/1.1 200 OK"
2026-08-28 20:52:30,439 [INFO] HTTP Request: POST http://localhost:8001/v1/chat/completions "HTTP/1.1 200 OK"
2026-08-28 20:52:38,218 [INFO] HTTP Request: POST http://localhost:8001/v1/chat/completions "HTTP/1.1 200 OK"
2026-08-28 20:52:40,736 [INFO] HTTP Request: POST http://localhost:8001/v1/chat/completions "HTTP/1.1 200 OK"
2026-08-28 20:52:40,837 [INFO] HTTP Request: POST http://localhost:8001/v1/chat/completions "HTTP/1.1 200 OK"
2026-08-28 20:52:41,135 [INFO] HTTP Request: POST http://localhost:8001/v1/chat/completions "HTTP/1.1 200 OK"
2026-08-28 20:52:42,610 [INFO] HTTP Request: POST http://localhost:8001/v1/chat/completions "HTTP/1.1 200 OK"
2026-08-28 20:52:42,904 [INFO] HTTP Request: POST http://localhost:8001/v1/chat/completions "HTTP/1.1 200 OK"
2026-08-28 20:52:44,463 [INFO] HTTP Request: POST http://localhost:8001/v1/chat/completions "HTTP/1.1 200 OK"
2026-08-28 20:52:44,656 [INFO] HTTP Request: POST http://localhost:8001/v1/chat/completions "HTTP/1.1 200 OK"
2026-08-28 20:52:44,941 [INFO] HTTP Request: POST http://localhost:8001/v1/chat/completions "HTTP/1.1 200 OK"
2026-08-28 20:52:46,076 [INFO] HTTP Request: POST http://localhost:8001/v1/chat/completions "HTTP/1.1 200 OK"
2026-08-28 20:52:46,359 [INFO] HTTP Request: POST http://localhost:8001/v1/chat/completions "HTTP/1.1 200 OK"
2026-08-28 20:52:46,637 [INFO] HTTP Request: POST http://localhost:8001/v1/chat/completions "HTTP/1.1 200 OK"
2026-08-28 20:52:48,479 [INFO] HTTP Request: POST http://localhost:8001/v1/chat/completions "HTTP/1.1 200 OK"
2026-08-28 20:52:51,106 [INFO] HTTP Request: POST http://localhost:8001/v1/chat/completions "HTTP/1.1 200 OK"
2026-08-28 20:52:54,040 [INFO] HTTP Request: POST http://localhost:8001/v1/chat/completions "HTTP/1.1 200 OK"
2026-08-28 20:52:54,097 [INFO]   💾 416/926  [ok=416 skip=0 error=0]
2026-08-28 20:53:52,934 [INFO] HTTP Request: POST http://localhost:8001/v1/chat/completions "HTTP/1.1 200 OK"
2026-08-28 20:53:57,025 [INFO] HTTP Request: POST http://localhost:8001/v1/chat/completions "HTTP/1.1 200 OK"
2026-08-28 20:53:57,127 [INFO] HTTP Request: POST http://localhost:8001/v1/chat/completions "HTTP/1.1 200 OK"
2026-08-28 20:53:59,911 [INFO] HTTP Request: POST http://localhost:8001/v1/chat/completions "HTTP/1.1 200 OK"
2026-08-28 20:53:59,911 [INFO] HTTP Request: POST http://localhost:8001/v1/chat/completions "HTTP/1.1 200 OK"
2026-08-28 20:54:00,011 [INFO] HTTP Request: POST http://localhost:8001/v1/chat/completions "HTTP/1.1 200 OK"
2026-08-28 20:54:03,643 [INFO] HTTP Request: POST http://localhost:8001/v1/chat/completions "HTTP/1.1 200 OK"
2026-08-28 20:54:05,016 [INFO] HTTP Request: POST http://localhost:8001/v1/chat/completions "HTTP/1.1 200 OK"
2026-08-28 20:54:06,365 [INFO] HTTP Request: POST http://localhost:8001/v1/chat/completions "HTTP/1.1 200 OK"
2026-08-28 20:54:06,893 [INFO] HTTP Request: POST http://localhost:8001/v1/chat/completions "HTTP/1.1 200 OK"
2026-08-28 20:54:09,454 [INFO] HTTP Request: POST http://localhost:8001/v1/chat/completions "HTTP/1.1 200 OK"
2026-08-28 20:54:11,324 [INFO] HTTP Request: POST http://localhost:8001/v1/chat/completions "HTTP/1.1 200 OK"
2026-08-28 20:54:15,441 [INFO] HTTP Request: POST http://localhost:8001/v1/chat/completions "HTTP/1.1 200 OK"
2026-08-28 20:54:17,933 [INFO] HTTP Request: POST http://localhost:8001/v1/chat/completions "HTTP/1.1 200 OK"
2026-08-28 20:54:18,909 [INFO] HTTP Request: POST http://localhost:8001/v1/chat/completions "HTTP/1.1 200 OK"
2026-08-28 20:54:27,473 [INFO] HTTP Request: POST http://localhost:8001/v1/chat/completions "HTTP/1.1 200 OK"
2026-08-28 20:54:48,793 [INFO] HTTP Request: POST http://localhost:8001/v1/chat/completions "HTTP/1.1 200 OK"
2026-08-28 20:54:52,850 [INFO] HTTP Request: POST http://localhost:8001/v1/chat/completions "HTTP/1.1 200 OK"
2026-08-28 20:54:56,588 [INFO] HTTP Request: POST http://localhost:8001/v1/chat/completions "HTTP/1.1 200 OK"
2026-08-28 20:54:56,891 [INFO] HTTP Request: POST http://localhost:8001/v1/chat/completions "HTTP/1.1 200 OK"
2026-08-28 20:54:57,288 [INFO] HTTP Request: POST http://localhost:8001/v1/chat/completions "HTTP/1.1 200 OK"
2026-08-28 20:54:58,370 [INFO] HTTP Request: POST http://localhost:8001/v1/chat/completions "HTTP/1.1 200 OK"
2026-08-28 20:54:59,254 [INFO] HTTP Request: POST http://localhost:8001/v1/chat/completions "HTTP/1.1 200 OK"
2026-08-28 20:54:59,742 [INFO] HTTP Request: POST http://localhost:8001/v1/chat/completions "HTTP/1.1 200 OK"
2026-08-28 20:55:00,412 [INFO] HTTP Request: POST http://localhost:8001/v1/chat/completions "HTTP/1.1 200 OK"
2026-08-28 20:55:00,602 [INFO] HTTP Request: POST http://localhost:8001/v1/chat/completions "HTTP/1.1 200 OK"
2026-08-28 20:55:00,696 [INFO] HTTP Request: POST http://localhost:8001/v1/chat/completions "HTTP/1.1 200 OK"
2026-08-28 20:55:01,545 [INFO] HTTP Request: POST http://localhost:8001/v1/chat/completions "HTTP/1.1 200 OK"
2026-08-28 20:55:02,653 [INFO] HTTP Request: POST http://localhost:8001/v1/chat/completions "HTTP/1.1 200 OK"
2026-08-28 20:55:03,850 [INFO] HTTP Request: POST http://localhost:8001/v1/chat/completions "HTTP/1.1 200 OK"
2026-08-28 20:55:04,485 [INFO] HTTP Request: POST http://localhost:8001/v1/chat/completions "HTTP/1.1 200 OK"
2026-08-28 20:55:09,804 [INFO] HTTP Request: POST http://localhost:8001/v1/chat/completions "HTTP/1.1 200 OK"
2026-08-28 20:55:09,829 [INFO]   💾 448/926  [ok=448 skip=0 error=0]
2026-08-28 20:56:05,399 [INFO] HTTP Request: POST http://localhost:8001/v1/chat/completions "HTTP/1.1 200 OK"
2026-08-28 20:56:06,987 [INFO] HTTP Request: POST http://localhost:8001/v1/chat/completions "HTTP/1.1 200 OK"
2026-08-28 20:56:08,265 [INFO] HTTP Request: POST http://localhost:8001/v1/chat/completions "HTTP/1.1 200 OK"
2026-08-28 20:56:09,244 [INFO] HTTP Request: POST http://localhost:8001/v1/chat/completions "HTTP/1.1 200 OK"
2026-08-28 20:56:13,163 [INFO] HTTP Request: POST http://localhost:8001/v1/chat/completions "HTTP/1.1 200 OK"
2026-08-28 20:56:14,743 [INFO] HTTP Request: POST http://localhost:8001/v1/chat/completions "HTTP/1.1 200 OK"
2026-08-28 20:56:16,316 [INFO] HTTP Request: POST http://localhost:8001/v1/chat/completions "HTTP/1.1 200 OK"
2026-08-28 20:56:18,496 [INFO] HTTP Request: POST http://localhost:8001/v1/chat/completions "HTTP/1.1 200 OK"
2026-08-28 20:56:19,476 [INFO] HTTP Request: POST http://localhost:8001/v1/chat/completions "HTTP/1.1 200 OK"
2026-08-28 20:56:21,046 [INFO] HTTP Request: POST http://localhost:8001/v1/chat/completions "HTTP/1.1 200 OK"
2026-08-28 20:56:22,414 [INFO] HTTP Request: POST http://localhost:8001/v1/chat/completions "HTTP/1.1 200 OK"
2026-08-28 20:56:24,601 [INFO] HTTP Request: POST http://localhost:8001/v1/chat/completions "HTTP/1.1 200 OK"
2026-08-28 20:56:25,925 [INFO] HTTP Request: POST http://localhost:8001/v1/chat/completions "HTTP/1.1 200 OK"
2026-08-28 20:56:26,453 [INFO] HTTP Request: POST http://localhost:8001/v1/chat/completions "HTTP/1.1 200 OK"
2026-08-28 20:56:27,344 [INFO] HTTP Request: POST http://localhost:8001/v1/chat/completions "HTTP/1.1 200 OK"
2026-08-28 20:56:30,094 [INFO] HTTP Request: POST http://localhost:8001/v1/chat/completions "HTTP/1.1 200 OK"
2026-08-28 20:57:03,496 [INFO] HTTP Request: POST http://localhost:8001/v1/chat/completions "HTTP/1.1 200 OK"
2026-08-28 20:57:04,587 [INFO] HTTP Request: POST http://localhost:8001/v1/chat/completions "HTTP/1.1 200 OK"
2026-08-28 20:57:04,992 [INFO] HTTP Request: POST http://localhost:8001/v1/chat/completions "HTTP/1.1 200 OK"
2026-08-28 20:57:07,000 [INFO] HTTP Request: POST http://localhost:8001/v1/chat/completions "HTTP/1.1 200 OK"
2026-08-28 20:57:10,359 [INFO] HTTP Request: POST http://localhost:8001/v1/chat/completions "HTTP/1.1 200 OK"
2026-08-28 20:57:10,556 [INFO] HTTP Request: POST http://localhost:8001/v1/chat/completions "HTTP/1.1 200 OK"
2026-08-28 20:57:10,754 [INFO] HTTP Request: POST http://localhost:8001/v1/chat/completions "HTTP/1.1 200 OK"
2026-08-28 20:57:10,756 [INFO] HTTP Request: POST http://localhost:8001/v1/chat/completions "HTTP/1.1 200 OK"
2026-08-28 20:57:13,326 [INFO] HTTP Request: POST http://localhost:8001/v1/chat/completions "HTTP/1.1 200 OK"
2026-08-28 20:57:13,611 [INFO] HTTP Request: POST http://localhost:8001/v1/chat/completions "HTTP/1.1 200 OK"
2026-08-28 20:57:13,706 [INFO] HTTP Request: POST http://localhost:8001/v1/chat/completions "HTTP/1.1 200 OK"
2026-08-28 20:57:14,083 [INFO] HTTP Request: POST http://localhost:8001/v1/chat/completions "HTTP/1.1 200 OK"
2026-08-28 20:57:14,546 [INFO] HTTP Request: POST http://localhost:8001/v1/chat/completions "HTTP/1.1 200 OK"
2026-08-28 20:57:16,661 [INFO] HTTP Request: POST http://localhost:8001/v1/chat/completions "HTTP/1.1 200 OK"
2026-08-28 20:57:16,934 [INFO] HTTP Request: POST http://localhost:8001/v1/chat/completions "HTTP/1.1 200 OK"
2026-08-28 20:57:18,351 [INFO] HTTP Request: POST http://localhost:8001/v1/chat/completions "HTTP/1.1 200 OK"
2026-08-28 20:57:18,398 [INFO]   💾 480/926  [ok=480 skip=0 error=0]
2026-08-28 20:58:15,516 [INFO] HTTP Request: POST http://localhost:8001/v1/chat/completions "HTTP/1.1 200 OK"
2026-08-28 20:58:17,088 [INFO] HTTP Request: POST http://localhost:8001/v1/chat/completions "HTTP/1.1 200 OK"
2026-08-28 20:58:18,756 [INFO] HTTP Request: POST http://localhost:8001/v1/chat/completions "HTTP/1.1 200 OK"
2026-08-28 20:58:20,614 [INFO] HTTP Request: POST http://localhost:8001/v1/chat/completions "HTTP/1.1 200 OK"
2026-08-28 20:58:22,660 [INFO] HTTP Request: POST http://localhost:8001/v1/chat/completions "HTTP/1.1 200 OK"
2026-08-28 20:58:22,761 [INFO] HTTP Request: POST http://localhost:8001/v1/chat/completions "HTTP/1.1 200 OK"
2026-08-28 20:58:26,395 [INFO] HTTP Request: POST http://localhost:8001/v1/chat/completions "HTTP/1.1 200 OK"
2026-08-28 20:58:28,073 [INFO] HTTP Request: POST http://localhost:8001/v1/chat/completions "HTTP/1.1 200 OK"
2026-08-28 20:58:29,955 [INFO] HTTP Request: POST http://localhost:8001/v1/chat/completions "HTTP/1.1 200 OK"
2026-08-28 20:58:30,935 [INFO] HTTP Request: POST http://localhost:8001/v1/chat/completions "HTTP/1.1 200 OK"
2026-08-28 20:58:31,231 [INFO] HTTP Request: POST http://localhost:8001/v1/chat/completions "HTTP/1.1 200 OK"
2026-08-28 20:58:34,562 [INFO] HTTP Request: POST http://localhost:8001/v1/chat/completions "HTTP/1.1 200 OK"
2026-08-28 20:58:37,658 [INFO] HTTP Request: POST http://localhost:8001/v1/chat/completions "HTTP/1.1 200 OK"
2026-08-28 20:58:38,636 [INFO] HTTP Request: POST http://localhost:8001/v1/chat/completions "HTTP/1.1 200 OK"
2026-08-28 20:58:40,815 [INFO] HTTP Request: POST http://localhost:8001/v1/chat/completions "HTTP/1.1 200 OK"
2026-08-28 20:59:13,945 [INFO] HTTP Request: POST http://localhost:8001/v1/chat/completions "HTTP/1.1 200 OK"
2026-08-28 20:59:16,042 [INFO] HTTP Request: POST http://localhost:8001/v1/chat/completions "HTTP/1.1 200 OK"
2026-08-28 20:59:16,568 [INFO] HTTP Request: POST http://localhost:8001/v1/chat/completions "HTTP/1.1 200 OK"
2026-08-28 20:59:18,765 [INFO] HTTP Request: POST http://localhost:8001/v1/chat/completions "HTTP/1.1 200 OK"
2026-08-28 20:59:19,168 [INFO] HTTP Request: POST http://localhost:8001/v1/chat/completions "HTTP/1.1 200 OK"
2026-08-28 20:59:20,354 [INFO] HTTP Request: POST http://localhost:8001/v1/chat/completions "HTTP/1.1 200 OK"
2026-08-28 20:59:20,847 [INFO] HTTP Request: POST http://localhost:8001/v1/chat/completions "HTTP/1.1 200 OK"
2026-08-28 20:59:21,435 [INFO] HTTP Request: POST http://localhost:8001/v1/chat/completions "HTTP/1.1 200 OK"
2026-08-28 20:59:21,924 [INFO] HTTP Request: POST http://localhost:8001/v1/chat/completions "HTTP/1.1 200 OK"
2026-08-28 20:59:23,927 [INFO] HTTP Request: POST http://localhost:8001/v1/chat/completions "HTTP/1.1 200 OK"
2026-08-28 20:59:24,686 [INFO] HTTP Request: POST http://localhost:8001/v1/chat/completions "HTTP/1.1 200 OK"
2026-08-28 20:59:26,011 [INFO] HTTP Request: POST http://localhost:8001/v1/chat/completions "HTTP/1.1 200 OK"
2026-08-28 20:59:26,578 [INFO] HTTP Request: POST http://localhost:8001/v1/chat/completions "HTTP/1.1 200 OK"
2026-08-28 20:59:28,884 [INFO] HTTP Request: POST http://localhost:8001/v1/chat/completions "HTTP/1.1 200 OK"
2026-08-28 20:59:29,345 [INFO] HTTP Request: POST http://localhost:8001/v1/chat/completions "HTTP/1.1 200 OK"
2026-08-28 20:59:29,618 [INFO] HTTP Request: POST http://localhost:8001/v1/chat/completions "HTTP/1.1 200 OK"
2026-08-28 20:59:34,924 [INFO] HTTP Request: POST http://localhost:8001/v1/chat/completions "HTTP/1.1 200 OK"
2026-08-28 20:59:34,972 [INFO]   💾 512/926  [ok=512 skip=0 error=0]
2026-08-28 21:00:30,770 [INFO] HTTP Request: POST http://localhost:8001/v1/chat/completions "HTTP/1.1 200 OK"
2026-08-28 21:00:34,042 [INFO] HTTP Request: POST http://localhost:8001/v1/chat/completions "HTTP/1.1 200 OK"
2026-08-28 21:00:34,143 [INFO] HTTP Request: POST http://localhost:8001/v1/chat/completions "HTTP/1.1 200 OK"
2026-08-28 21:00:35,456 [INFO] HTTP Request: POST http://localhost:8001/v1/chat/completions "HTTP/1.1 200 OK"
2026-08-28 21:00:39,277 [INFO] HTTP Request: POST http://localhost:8001/v1/chat/completions "HTTP/1.1 200 OK"
2026-08-28 21:00:41,469 [INFO] HTTP Request: POST http://localhost:8001/v1/chat/completions "HTTP/1.1 200 OK"
2026-08-28 21:00:41,469 [INFO] HTTP Request: POST http://localhost:8001/v1/chat/completions "HTTP/1.1 200 OK"
2026-08-28 21:00:43,789 [INFO] HTTP Request: POST http://localhost:8001/v1/chat/completions "HTTP/1.1 200 OK"
2026-08-28 21:00:43,889 [INFO] HTTP Request: POST http://localhost:8001/v1/chat/completions "HTTP/1.1 200 OK"
2026-08-28 21:00:46,112 [INFO] HTTP Request: POST http://localhost:8001/v1/chat/completions "HTTP/1.1 200 OK"
2026-08-28 21:00:46,211 [INFO] HTTP Request: POST http://localhost:8001/v1/chat/completions "HTTP/1.1 200 OK"
2026-08-28 21:00:50,392 [INFO] HTTP Request: POST http://localhost:8001/v1/chat/completions "HTTP/1.1 200 OK"
2026-08-28 21:00:52,337 [INFO] HTTP Request: POST http://localhost:8001/v1/chat/completions "HTTP/1.1 200 OK"
2026-08-28 21:00:53,816 [INFO] HTTP Request: POST http://localhost:8001/v1/chat/completions "HTTP/1.1 200 OK"
2026-08-28 21:00:54,344 [INFO] HTTP Request: POST http://localhost:8001/v1/chat/completions "HTTP/1.1 200 OK"
2026-08-28 21:01:12,656 [INFO] HTTP Request: POST http://localhost:8001/v1/chat/completions "HTTP/1.1 200 OK"
2026-08-28 21:01:31,796 [INFO] HTTP Request: POST http://localhost:8001/v1/chat/completions "HTTP/1.1 200 OK"
2026-08-28 21:01:33,382 [INFO] HTTP Request: POST http://localhost:8001/v1/chat/completions "HTTP/1.1 200 OK"
2026-08-28 21:01:34,292 [INFO] HTTP Request: POST http://localhost:8001/v1/chat/completions "HTTP/1.1 200 OK"
2026-08-28 21:01:35,598 [INFO] HTTP Request: POST http://localhost:8001/v1/chat/completions "HTTP/1.1 200 OK"
2026-08-28 21:01:35,799 [INFO] HTTP Request: POST http://localhost:8001/v1/chat/completions "HTTP/1.1 200 OK"
2026-08-28 21:01:36,095 [INFO] HTTP Request: POST http://localhost:8001/v1/chat/completions "HTTP/1.1 200 OK"
2026-08-28 21:01:36,291 [INFO] HTTP Request: POST http://localhost:8001/v1/chat/completions "HTTP/1.1 200 OK"
2026-08-28 21:01:36,683 [INFO] HTTP Request: POST http://localhost:8001/v1/chat/completions "HTTP/1.1 200 OK"
2026-08-28 21:01:38,781 [INFO] HTTP Request: POST http://localhost:8001/v1/chat/completions "HTTP/1.1 200 OK"
2026-08-28 21:01:39,067 [INFO] HTTP Request: POST http://localhost:8001/v1/chat/completions "HTTP/1.1 200 OK"
2026-08-28 21:01:39,162 [INFO] HTTP Request: POST http://localhost:8001/v1/chat/completions "HTTP/1.1 200 OK"
2026-08-28 21:01:40,105 [INFO] HTTP Request: POST http://localhost:8001/v1/chat/completions "HTTP/1.1 200 OK"
2026-08-28 21:01:40,568 [INFO] HTTP Request: POST http://localhost:8001/v1/chat/completions "HTTP/1.1 200 OK"
2026-08-28 21:01:41,213 [INFO] HTTP Request: POST http://localhost:8001/v1/chat/completions "HTTP/1.1 200 OK"
2026-08-28 21:01:45,470 [INFO] HTTP Request: POST http://localhost:8001/v1/chat/completions "HTTP/1.1 200 OK"
2026-08-28 21:02:06,515 [INFO] HTTP Request: POST http://localhost:8001/v1/chat/completions "HTTP/1.1 200 OK"
2026-08-28 21:02:06,555 [INFO]   💾 544/926  [ok=544 skip=0 error=0]
2026-08-28 21:03:01,259 [INFO] HTTP Request: POST http://localhost:8001/v1/chat/completions "HTTP/1.1 200 OK"
2026-08-28 21:03:03,148 [INFO] HTTP Request: POST http://localhost:8001/v1/chat/completions "HTTP/1.1 200 OK"
2026-08-28 21:03:05,035 [INFO] HTTP Request: POST http://localhost:8001/v1/chat/completions "HTTP/1.1 200 OK"
2026-08-28 21:03:07,228 [INFO] HTTP Request: POST http://localhost:8001/v1/chat/completions "HTTP/1.1 200 OK"
2026-08-28 21:03:08,912 [INFO] HTTP Request: POST http://localhost:8001/v1/chat/completions "HTTP/1.1 200 OK"
2026-08-28 21:03:12,728 [INFO] HTTP Request: POST http://localhost:8001/v1/chat/completions "HTTP/1.1 200 OK"
2026-08-28 21:03:14,209 [INFO] HTTP Request: POST http://localhost:8001/v1/chat/completions "HTTP/1.1 200 OK"
2026-08-28 21:03:17,323 [INFO] HTTP Request: POST http://localhost:8001/v1/chat/completions "HTTP/1.1 200 OK"
2026-08-28 21:03:17,426 [INFO] HTTP Request: POST http://localhost:8001/v1/chat/completions "HTTP/1.1 200 OK"
2026-08-28 21:03:21,450 [INFO] HTTP Request: POST http://localhost:8001/v1/chat/completions "HTTP/1.1 200 OK"
2026-08-28 21:03:23,447 [INFO] HTTP Request: POST http://localhost:8001/v1/chat/completions "HTTP/1.1 200 OK"
2026-08-28 21:03:25,341 [INFO] HTTP Request: POST http://localhost:8001/v1/chat/completions "HTTP/1.1 200 OK"
2026-08-28 21:03:27,131 [INFO] HTTP Request: POST http://localhost:8001/v1/chat/completions "HTTP/1.1 200 OK"
2026-08-28 21:03:27,232 [INFO] HTTP Request: POST http://localhost:8001/v1/chat/completions "HTTP/1.1 200 OK"
2026-08-28 21:03:30,018 [INFO] HTTP Request: POST http://localhost:8001/v1/chat/completions "HTTP/1.1 200 OK"
2026-08-28 21:03:58,407 [INFO] HTTP Request: POST http://localhost:8001/v1/chat/completions "HTTP/1.1 200 OK"
2026-08-28 21:04:03,956 [INFO] HTTP Request: POST http://localhost:8001/v1/chat/completions "HTTP/1.1 200 OK"
2026-08-28 21:04:05,590 [INFO] HTTP Request: POST http://localhost:8001/v1/chat/completions "HTTP/1.1 200 OK"
2026-08-28 21:04:05,894 [INFO] HTTP Request: POST http://localhost:8001/v1/chat/completions "HTTP/1.1 200 OK"
2026-08-28 21:04:07,405 [INFO] HTTP Request: POST http://localhost:8001/v1/chat/completions "HTTP/1.1 200 OK"
2026-08-28 21:04:09,186 [INFO] HTTP Request: POST http://localhost:8001/v1/chat/completions "HTTP/1.1 200 OK"
2026-08-28 21:04:10,764 [INFO] HTTP Request: POST http://localhost:8001/v1/chat/completions "HTTP/1.1 200 OK"
2026-08-28 21:04:10,961 [INFO] HTTP Request: POST http://localhost:8001/v1/chat/completions "HTTP/1.1 200 OK"
2026-08-28 21:04:11,840 [INFO] HTTP Request: POST http://localhost:8001/v1/chat/completions "HTTP/1.1 200 OK"
2026-08-28 21:04:12,414 [INFO] HTTP Request: POST http://localhost:8001/v1/chat/completions "HTTP/1.1 200 OK"
2026-08-28 21:04:17,544 [INFO] HTTP Request: POST http://localhost:8001/v1/chat/completions "HTTP/1.1 200 OK"
2026-08-28 21:04:19,628 [INFO] HTTP Request: POST http://localhost:8001/v1/chat/completions "HTTP/1.1 200 OK"
2026-08-28 21:04:19,723 [INFO] HTTP Request: POST http://localhost:8001/v1/chat/completions "HTTP/1.1 200 OK"
2026-08-28 21:04:20,647 [INFO] HTTP Request: POST http://localhost:8001/v1/chat/completions "HTTP/1.1 200 OK"
2026-08-28 21:04:23,501 [INFO] HTTP Request: POST http://localhost:8001/v1/chat/completions "HTTP/1.1 200 OK"
2026-08-28 21:04:24,861 [INFO] HTTP Request: POST http://localhost:8001/v1/chat/completions "HTTP/1.1 200 OK"
2026-08-28 21:04:36,048 [INFO] HTTP Request: POST http://localhost:8001/v1/chat/completions "HTTP/1.1 200 OK"
2026-08-28 21:04:36,087 [INFO]   💾 576/926  [ok=576 skip=0 error=0]
2026-08-28 21:05:33,504 [INFO] HTTP Request: POST http://localhost:8001/v1/chat/completions "HTTP/1.1 200 OK"
2026-08-28 21:05:35,087 [INFO] HTTP Request: POST http://localhost:8001/v1/chat/completions "HTTP/1.1 200 OK"
2026-08-28 21:05:36,567 [INFO] HTTP Request: POST http://localhost:8001/v1/chat/completions "HTTP/1.1 200 OK"
2026-08-28 21:05:37,094 [INFO] HTTP Request: POST http://localhost:8001/v1/chat/completions "HTTP/1.1 200 OK"
2026-08-28 21:05:41,065 [INFO] HTTP Request: POST http://localhost:8001/v1/chat/completions "HTTP/1.1 200 OK"
2026-08-28 21:05:41,593 [INFO] HTTP Request: POST http://localhost:8001/v1/chat/completions "HTTP/1.1 200 OK"
2026-08-28 21:05:43,381 [INFO] HTTP Request: POST http://localhost:8001/v1/chat/completions "HTTP/1.1 200 OK"
2026-08-28 21:05:46,822 [INFO] HTTP Request: POST http://localhost:8001/v1/chat/completions "HTTP/1.1 200 OK"
2026-08-28 21:05:48,412 [INFO] HTTP Request: POST http://localhost:8001/v1/chat/completions "HTTP/1.1 200 OK"
2026-08-28 21:05:48,513 [INFO] HTTP Request: POST http://localhost:8001/v1/chat/completions "HTTP/1.1 200 OK"
2026-08-28 21:05:51,285 [INFO] HTTP Request: POST http://localhost:8001/v1/chat/completions "HTTP/1.1 200 OK"
2026-08-28 21:05:51,286 [INFO] HTTP Request: POST http://localhost:8001/v1/chat/completions "HTTP/1.1 200 OK"
2026-08-28 21:05:54,861 [INFO] HTTP Request: POST http://localhost:8001/v1/chat/completions "HTTP/1.1 200 OK"
2026-08-28 21:05:55,840 [INFO] HTTP Request: POST http://localhost:8001/v1/chat/completions "HTTP/1.1 200 OK"
2026-08-28 21:05:59,780 [INFO] HTTP Request: POST http://localhost:8001/v1/chat/completions "HTTP/1.1 200 OK"
2026-08-28 21:06:34,077 [INFO] HTTP Request: POST http://localhost:8001/v1/chat/completions "HTTP/1.1 200 OK"
2026-08-28 21:06:35,995 [INFO] HTTP Request: POST http://localhost:8001/v1/chat/completions "HTTP/1.1 200 OK"
2026-08-28 21:06:37,417 [INFO] HTTP Request: POST http://localhost:8001/v1/chat/completions "HTTP/1.1 200 OK"
2026-08-28 21:06:37,721 [INFO] HTTP Request: POST http://localhost:8001/v1/chat/completions "HTTP/1.1 200 OK"
2026-08-28 21:06:37,923 [INFO] HTTP Request: POST http://localhost:8001/v1/chat/completions "HTTP/1.1 200 OK"
2026-08-28 21:06:38,617 [INFO] HTTP Request: POST http://localhost:8001/v1/chat/completions "HTTP/1.1 200 OK"
2026-08-28 21:06:39,109 [INFO] HTTP Request: POST http://localhost:8001/v1/chat/completions "HTTP/1.1 200 OK"
2026-08-28 21:06:41,073 [INFO] HTTP Request: POST http://localhost:8001/v1/chat/completions "HTTP/1.1 200 OK"
2026-08-28 21:06:42,348 [INFO] HTTP Request: POST http://localhost:8001/v1/chat/completions "HTTP/1.1 200 OK"
2026-08-28 21:06:42,635 [INFO] HTTP Request: POST http://localhost:8001/v1/chat/completions "HTTP/1.1 200 OK"
2026-08-28 21:06:43,586 [INFO] HTTP Request: POST http://localhost:8001/v1/chat/completions "HTTP/1.1 200 OK"
2026-08-28 21:06:43,775 [INFO] HTTP Request: POST http://localhost:8001/v1/chat/completions "HTTP/1.1 200 OK"
2026-08-28 21:06:45,475 [INFO] HTTP Request: POST http://localhost:8001/v1/chat/completions "HTTP/1.1 200 OK"
2026-08-28 21:06:48,153 [INFO] HTTP Request: POST http://localhost:8001/v1/chat/completions "HTTP/1.1 200 OK"
2026-08-28 21:06:48,705 [INFO] HTTP Request: POST http://localhost:8001/v1/chat/completions "HTTP/1.1 200 OK"
2026-08-28 21:06:59,216 [INFO] HTTP Request: POST http://localhost:8001/v1/chat/completions "HTTP/1.1 200 OK"
2026-08-28 21:06:59,780 [INFO] HTTP Request: POST http://localhost:8001/v1/chat/completions "HTTP/1.1 200 OK"
2026-08-28 21:06:59,819 [INFO]   💾 608/926  [ok=608 skip=0 error=0]
2026-08-28 21:07:56,202 [INFO] HTTP Request: POST http://localhost:8001/v1/chat/completions "HTTP/1.1 200 OK"
2026-08-28 21:08:01,761 [INFO] HTTP Request: POST http://localhost:8001/v1/chat/completions "HTTP/1.1 200 OK"
2026-08-28 21:08:03,660 [INFO] HTTP Request: POST http://localhost:8001/v1/chat/completions "HTTP/1.1 200 OK"
2026-08-28 21:08:05,257 [INFO] HTTP Request: POST http://localhost:8001/v1/chat/completions "HTTP/1.1 200 OK"
2026-08-28 21:08:05,257 [INFO] HTTP Request: POST http://localhost:8001/v1/chat/completions "HTTP/1.1 200 OK"
2026-08-28 21:08:06,670 [INFO] HTTP Request: POST http://localhost:8001/v1/chat/completions "HTTP/1.1 200 OK"
2026-08-28 21:08:06,671 [INFO] HTTP Request: POST http://localhost:8001/v1/chat/completions "HTTP/1.1 200 OK"
2026-08-28 21:08:07,559 [INFO] HTTP Request: POST http://localhost:8001/v1/chat/completions "HTTP/1.1 200 OK"
2026-08-28 21:08:13,519 [INFO] HTTP Request: POST http://localhost:8001/v1/chat/completions "HTTP/1.1 200 OK"
2026-08-28 21:08:15,018 [INFO] HTTP Request: POST http://localhost:8001/v1/chat/completions "HTTP/1.1 200 OK"
2026-08-28 21:08:17,128 [INFO] HTTP Request: POST http://localhost:8001/v1/chat/completions "HTTP/1.1 200 OK"
2026-08-28 21:08:18,434 [INFO] HTTP Request: POST http://localhost:8001/v1/chat/completions "HTTP/1.1 200 OK"
2026-08-28 21:08:18,962 [INFO] HTTP Request: POST http://localhost:8001/v1/chat/completions "HTTP/1.1 200 OK"
2026-08-28 21:08:21,026 [INFO] HTTP Request: POST http://localhost:8001/v1/chat/completions "HTTP/1.1 200 OK"
2026-08-28 21:08:21,127 [INFO] HTTP Request: POST http://localhost:8001/v1/chat/completions "HTTP/1.1 200 OK"
2026-08-28 21:08:56,699 [INFO] HTTP Request: POST http://localhost:8001/v1/chat/completions "HTTP/1.1 200 OK"
2026-08-28 21:08:59,022 [INFO] HTTP Request: POST http://localhost:8001/v1/chat/completions "HTTP/1.1 200 OK"
2026-08-28 21:09:03,706 [INFO] HTTP Request: POST http://localhost:8001/v1/chat/completions "HTTP/1.1 200 OK"
2026-08-28 21:09:04,415 [INFO] HTTP Request: POST http://localhost:8001/v1/chat/completions "HTTP/1.1 200 OK"
2026-08-28 21:09:04,719 [INFO] HTTP Request: POST http://localhost:8001/v1/chat/completions "HTTP/1.1 200 OK"
2026-08-28 21:09:05,116 [INFO] HTTP Request: POST http://localhost:8001/v1/chat/completions "HTTP/1.1 200 OK"
2026-08-28 21:09:05,117 [INFO] HTTP Request: POST http://localhost:8001/v1/chat/completions "HTTP/1.1 200 OK"
2026-08-28 21:09:05,410 [INFO] HTTP Request: POST http://localhost:8001/v1/chat/completions "HTTP/1.1 200 OK"
2026-08-28 21:09:05,802 [INFO] HTTP Request: POST http://localhost:8001/v1/chat/completions "HTTP/1.1 200 OK"
2026-08-28 21:09:10,188 [INFO] HTTP Request: POST http://localhost:8001/v1/chat/completions "HTTP/1.1 200 OK"
2026-08-28 21:09:10,664 [INFO] HTTP Request: POST http://localhost:8001/v1/chat/completions "HTTP/1.1 200 OK"
2026-08-28 21:09:11,043 [INFO] HTTP Request: POST http://localhost:8001/v1/chat/completions "HTTP/1.1 200 OK"
2026-08-28 21:09:11,326 [INFO] HTTP Request: POST http://localhost:8001/v1/chat/completions "HTTP/1.1 200 OK"
2026-08-28 21:09:11,513 [INFO] HTTP Request: POST http://localhost:8001/v1/chat/completions "HTTP/1.1 200 OK"
2026-08-28 21:09:14,551 [INFO] HTTP Request: POST http://localhost:8001/v1/chat/completions "HTTP/1.1 200 OK"
2026-08-28 21:09:25,513 [INFO] HTTP Request: POST http://localhost:8001/v1/chat/completions "HTTP/1.1 200 OK"
2026-08-28 21:09:27,311 [INFO] HTTP Request: POST http://localhost:8001/v1/chat/completions "HTTP/1.1 200 OK"
2026-08-28 21:09:27,349 [INFO]   💾 640/926  [ok=640 skip=0 error=0]
2026-08-28 21:10:24,950 [INFO] HTTP Request: POST http://localhost:8001/v1/chat/completions "HTTP/1.1 200 OK"
2026-08-28 21:10:27,274 [INFO] HTTP Request: POST http://localhost:8001/v1/chat/completions "HTTP/1.1 200 OK"
2026-08-28 21:10:31,025 [INFO] HTTP Request: POST http://localhost:8001/v1/chat/completions "HTTP/1.1 200 OK"
2026-08-28 21:10:33,349 [INFO] HTTP Request: POST http://localhost:8001/v1/chat/completions "HTTP/1.1 200 OK"
2026-08-28 21:10:35,164 [INFO] HTTP Request: POST http://localhost:8001/v1/chat/completions "HTTP/1.1 200 OK"
2026-08-28 21:10:37,907 [INFO] HTTP Request: POST http://localhost:8001/v1/chat/completions "HTTP/1.1 200 OK"
2026-08-28 21:10:40,026 [INFO] HTTP Request: POST http://localhost:8001/v1/chat/completions "HTTP/1.1 200 OK"
2026-08-28 21:10:41,003 [INFO] HTTP Request: POST http://localhost:8001/v1/chat/completions "HTTP/1.1 200 OK"
2026-08-28 21:10:42,635 [INFO] HTTP Request: POST http://localhost:8001/v1/chat/completions "HTTP/1.1 200 OK"
2026-08-28 21:10:42,736 [INFO] HTTP Request: POST http://localhost:8001/v1/chat/completions "HTTP/1.1 200 OK"
2026-08-28 21:10:43,162 [INFO] HTTP Request: POST http://localhost:8001/v1/chat/completions "HTTP/1.1 200 OK"
2026-08-28 21:10:46,264 [INFO] HTTP Request: POST http://localhost:8001/v1/chat/completions "HTTP/1.1 200 OK"
2026-08-28 21:10:51,524 [INFO] HTTP Request: POST http://localhost:8001/v1/chat/completions "HTTP/1.1 200 OK"
2026-08-28 21:10:52,831 [INFO] HTTP Request: POST http://localhost:8001/v1/chat/completions "HTTP/1.1 200 OK"
2026-08-28 21:10:54,965 [INFO] HTTP Request: POST http://localhost:8001/v1/chat/completions "HTTP/1.1 200 OK"
2026-08-28 21:11:23,650 [INFO] HTTP Request: POST http://localhost:8001/v1/chat/completions "HTTP/1.1 200 OK"
2026-08-28 21:11:29,393 [INFO] HTTP Request: POST http://localhost:8001/v1/chat/completions "HTTP/1.1 200 OK"
2026-08-28 21:11:31,707 [INFO] HTTP Request: POST http://localhost:8001/v1/chat/completions "HTTP/1.1 200 OK"
2026-08-28 21:11:32,725 [INFO] HTTP Request: POST http://localhost:8001/v1/chat/completions "HTTP/1.1 200 OK"
2026-08-28 21:11:33,130 [INFO] HTTP Request: POST http://localhost:8001/v1/chat/completions "HTTP/1.1 200 OK"
2026-08-28 21:11:35,608 [INFO] HTTP Request: POST http://localhost:8001/v1/chat/completions "HTTP/1.1 200 OK"
2026-08-28 21:11:36,694 [INFO] HTTP Request: POST http://localhost:8001/v1/chat/completions "HTTP/1.1 200 OK"
2026-08-28 21:11:37,973 [INFO] HTTP Request: POST http://localhost:8001/v1/chat/completions "HTTP/1.1 200 OK"
2026-08-28 21:11:38,365 [INFO] HTTP Request: POST http://localhost:8001/v1/chat/completions "HTTP/1.1 200 OK"
2026-08-28 21:11:40,563 [INFO] HTTP Request: POST http://localhost:8001/v1/chat/completions "HTTP/1.1 200 OK"
2026-08-28 21:11:40,943 [INFO] HTTP Request: POST http://localhost:8001/v1/chat/completions "HTTP/1.1 200 OK"
2026-08-28 21:11:41,229 [INFO] HTTP Request: POST http://localhost:8001/v1/chat/completions "HTTP/1.1 200 OK"
2026-08-28 21:11:42,459 [INFO] HTTP Request: POST http://localhost:8001/v1/chat/completions "HTTP/1.1 200 OK"
2026-08-28 21:11:46,061 [INFO] HTTP Request: POST http://localhost:8001/v1/chat/completions "HTTP/1.1 200 OK"
2026-08-28 21:11:47,443 [INFO] HTTP Request: POST http://localhost:8001/v1/chat/completions "HTTP/1.1 200 OK"
2026-08-28 21:11:58,408 [INFO] HTTP Request: POST http://localhost:8001/v1/chat/completions "HTTP/1.1 200 OK"
2026-08-28 21:12:12,916 [INFO] HTTP Request: POST http://localhost:8001/v1/chat/completions "HTTP/1.1 200 OK"
2026-08-28 21:12:12,952 [INFO]   💾 672/926  [ok=672 skip=0 error=0]
2026-08-28 21:13:14,125 [INFO] HTTP Request: POST http://localhost:8001/v1/chat/completions "HTTP/1.1 200 OK"
2026-08-28 21:13:15,745 [INFO] HTTP Request: POST http://localhost:8001/v1/chat/completions "HTTP/1.1 200 OK"
2026-08-28 21:13:15,746 [INFO] HTTP Request: POST http://localhost:8001/v1/chat/completions "HTTP/1.1 200 OK"
2026-08-28 21:13:18,056 [INFO] HTTP Request: POST http://localhost:8001/v1/chat/completions "HTTP/1.1 200 OK"
2026-08-28 21:13:20,903 [INFO] HTTP Request: POST http://localhost:8001/v1/chat/completions "HTTP/1.1 200 OK"
2026-08-28 21:13:21,430 [INFO] HTTP Request: POST http://localhost:8001/v1/chat/completions "HTTP/1.1 200 OK"
2026-08-28 21:13:21,879 [INFO] HTTP Request: POST http://localhost:8001/v1/chat/completions "HTTP/1.1 200 OK"
2026-08-28 21:13:21,880 [INFO] HTTP Request: POST http://localhost:8001/v1/chat/completions "HTTP/1.1 200 OK"
2026-08-28 21:13:22,329 [INFO] HTTP Request: POST http://localhost:8001/v1/chat/completions "HTTP/1.1 200 OK"
2026-08-28 21:13:22,758 [INFO] HTTP Request: POST http://localhost:8001/v1/chat/completions "HTTP/1.1 200 OK"
2026-08-28 21:13:25,385 [INFO] HTTP Request: POST http://localhost:8001/v1/chat/completions "HTTP/1.1 200 OK"
2026-08-28 21:13:29,678 [INFO] HTTP Request: POST http://localhost:8001/v1/chat/completions "HTTP/1.1 200 OK"
2026-08-28 21:13:31,394 [INFO] HTTP Request: POST http://localhost:8001/v1/chat/completions "HTTP/1.1 200 OK"
2026-08-28 21:13:34,143 [INFO] HTTP Request: POST http://localhost:8001/v1/chat/completions "HTTP/1.1 200 OK"
2026-08-28 21:14:09,929 [INFO] HTTP Request: POST http://localhost:8001/v1/chat/completions "HTTP/1.1 200 OK"
2026-08-28 21:14:14,204 [INFO] HTTP Request: POST http://localhost:8001/v1/chat/completions "HTTP/1.1 200 OK"
2026-08-28 21:14:16,304 [INFO] HTTP Request: POST http://localhost:8001/v1/chat/completions "HTTP/1.1 200 OK"
2026-08-28 21:14:18,031 [INFO] HTTP Request: POST http://localhost:8001/v1/chat/completions "HTTP/1.1 200 OK"
2026-08-28 21:14:19,250 [INFO] HTTP Request: POST http://localhost:8001/v1/chat/completions "HTTP/1.1 200 OK"
2026-08-28 21:14:20,463 [INFO] HTTP Request: POST http://localhost:8001/v1/chat/completions "HTTP/1.1 200 OK"
2026-08-28 21:14:21,356 [INFO] HTTP Request: POST http://localhost:8001/v1/chat/completions "HTTP/1.1 200 OK"
2026-08-28 21:14:22,048 [INFO] HTTP Request: POST http://localhost:8001/v1/chat/completions "HTTP/1.1 200 OK"
2026-08-28 21:14:22,049 [INFO] HTTP Request: POST http://localhost:8001/v1/chat/completions "HTTP/1.1 200 OK"
2026-08-28 21:14:23,420 [INFO] HTTP Request: POST http://localhost:8001/v1/chat/completions "HTTP/1.1 200 OK"
2026-08-28 21:14:24,378 [INFO] HTTP Request: POST http://localhost:8001/v1/chat/completions "HTTP/1.1 200 OK"
2026-08-28 21:14:25,423 [INFO] HTTP Request: POST http://localhost:8001/v1/chat/completions "HTTP/1.1 200 OK"
2026-08-28 21:14:25,992 [INFO] HTTP Request: POST http://localhost:8001/v1/chat/completions "HTTP/1.1 200 OK"
2026-08-28 21:14:25,992 [INFO] HTTP Request: POST http://localhost:8001/v1/chat/completions "HTTP/1.1 200 OK"
2026-08-28 21:14:27,193 [INFO] HTTP Request: POST http://localhost:8001/v1/chat/completions "HTTP/1.1 200 OK"
2026-08-28 21:14:31,244 [INFO] HTTP Request: POST http://localhost:8001/v1/chat/completions "HTTP/1.1 200 OK"
2026-08-28 21:14:52,985 [INFO] HTTP Request: POST http://localhost:8001/v1/chat/completions "HTTP/1.1 200 OK"
2026-08-28 21:14:55,730 [INFO] HTTP Request: POST http://localhost:8001/v1/chat/completions "HTTP/1.1 200 OK"
2026-08-28 21:14:55,770 [INFO]   💾 704/926  [ok=704 skip=0 error=0]
2026-08-28 21:15:57,853 [INFO] HTTP Request: POST http://localhost:8001/v1/chat/completions "HTTP/1.1 200 OK"
2026-08-28 21:15:59,271 [INFO] HTTP Request: POST http://localhost:8001/v1/chat/completions "HTTP/1.1 200 OK"
2026-08-28 21:16:00,243 [INFO] HTTP Request: POST http://localhost:8001/v1/chat/completions "HTTP/1.1 200 OK"
2026-08-28 21:16:02,930 [INFO] HTTP Request: POST http://localhost:8001/v1/chat/completions "HTTP/1.1 200 OK"
2026-08-28 21:16:05,603 [INFO] HTTP Request: POST http://localhost:8001/v1/chat/completions "HTTP/1.1 200 OK"
2026-08-28 21:16:06,132 [INFO] HTTP Request: POST http://localhost:8001/v1/chat/completions "HTTP/1.1 200 OK"
2026-08-28 21:16:07,928 [INFO] HTTP Request: POST http://localhost:8001/v1/chat/completions "HTTP/1.1 200 OK"
2026-08-28 21:16:08,162 [INFO] HTTP Request: POST http://localhost:8001/v1/chat/completions "HTTP/1.1 200 OK"
2026-08-28 21:16:09,034 [INFO] HTTP Request: POST http://localhost:8001/v1/chat/completions "HTTP/1.1 200 OK"
2026-08-28 21:16:09,035 [INFO] HTTP Request: POST http://localhost:8001/v1/chat/completions "HTTP/1.1 200 OK"
2026-08-28 21:16:13,214 [INFO] HTTP Request: POST http://localhost:8001/v1/chat/completions "HTTP/1.1 200 OK"
2026-08-28 21:16:15,146 [INFO] HTTP Request: POST http://localhost:8001/v1/chat/completions "HTTP/1.1 200 OK"
2026-08-28 21:16:15,248 [INFO] HTTP Request: POST http://localhost:8001/v1/chat/completions "HTTP/1.1 200 OK"
2026-08-28 21:16:17,999 [INFO] HTTP Request: POST http://localhost:8001/v1/chat/completions "HTTP/1.1 200 OK"
2026-08-28 21:16:57,822 [INFO] HTTP Request: POST http://localhost:8001/v1/chat/completions "HTTP/1.1 200 OK"
2026-08-28 21:16:59,074 [INFO] HTTP Request: POST http://localhost:8001/v1/chat/completions "HTTP/1.1 200 OK"
2026-08-28 21:17:00,797 [INFO] HTTP Request: POST http://localhost:8001/v1/chat/completions "HTTP/1.1 200 OK"
2026-08-28 21:17:02,971 [INFO] HTTP Request: POST http://localhost:8001/v1/chat/completions "HTTP/1.1 200 OK"
2026-08-28 21:17:07,515 [INFO] HTTP Request: POST http://localhost:8001/v1/chat/completions "HTTP/1.1 200 OK"
2026-08-28 21:17:07,817 [INFO] HTTP Request: POST http://localhost:8001/v1/chat/completions "HTTP/1.1 200 OK"
2026-08-28 21:17:08,117 [INFO] HTTP Request: POST http://localhost:8001/v1/chat/completions "HTTP/1.1 200 OK"
2026-08-28 21:17:08,612 [INFO] HTTP Request: POST http://localhost:8001/v1/chat/completions "HTTP/1.1 200 OK"
2026-08-28 21:17:09,500 [INFO] HTTP Request: POST http://localhost:8001/v1/chat/completions "HTTP/1.1 200 OK"
2026-08-28 21:17:09,599 [INFO] HTTP Request: POST http://localhost:8001/v1/chat/completions "HTTP/1.1 200 OK"
2026-08-28 21:17:12,089 [INFO] HTTP Request: POST http://localhost:8001/v1/chat/completions "HTTP/1.1 200 OK"
2026-08-28 21:17:12,660 [INFO] HTTP Request: POST http://localhost:8001/v1/chat/completions "HTTP/1.1 200 OK"
2026-08-28 21:17:14,086 [INFO] HTTP Request: POST http://localhost:8001/v1/chat/completions "HTTP/1.1 200 OK"
2026-08-28 21:17:14,276 [INFO] HTTP Request: POST http://localhost:8001/v1/chat/completions "HTTP/1.1 200 OK"
2026-08-28 21:17:20,923 [INFO] HTTP Request: POST http://localhost:8001/v1/chat/completions "HTTP/1.1 200 OK"
2026-08-28 21:17:31,600 [INFO] HTTP Request: POST http://localhost:8001/v1/chat/completions "HTTP/1.1 200 OK"
2026-08-28 21:17:42,110 [INFO] HTTP Request: POST http://localhost:8001/v1/chat/completions "HTTP/1.1 200 OK"
2026-08-28 21:17:55,860 [INFO] HTTP Request: POST http://localhost:8001/v1/chat/completions "HTTP/1.1 200 OK"
2026-08-28 21:17:55,902 [INFO]   💾 736/926  [ok=736 skip=0 error=0]
2026-08-28 21:18:52,786 [INFO] HTTP Request: POST http://localhost:8001/v1/chat/completions "HTTP/1.1 200 OK"
2026-08-28 21:18:54,829 [INFO] HTTP Request: POST http://localhost:8001/v1/chat/completions "HTTP/1.1 200 OK"
2026-08-28 21:18:57,001 [INFO] HTTP Request: POST http://localhost:8001/v1/chat/completions "HTTP/1.1 200 OK"
2026-08-28 21:18:59,755 [INFO] HTTP Request: POST http://localhost:8001/v1/chat/completions "HTTP/1.1 200 OK"
2026-08-28 21:19:00,281 [INFO] HTTP Request: POST http://localhost:8001/v1/chat/completions "HTTP/1.1 200 OK"
2026-08-28 21:19:03,575 [INFO] HTTP Request: POST http://localhost:8001/v1/chat/completions "HTTP/1.1 200 OK"
2026-08-28 21:19:05,619 [INFO] HTTP Request: POST http://localhost:8001/v1/chat/completions "HTTP/1.1 200 OK"
2026-08-28 21:19:08,232 [INFO] HTTP Request: POST http://localhost:8001/v1/chat/completions "HTTP/1.1 200 OK"
2026-08-28 21:19:09,697 [INFO] HTTP Request: POST http://localhost:8001/v1/chat/completions "HTTP/1.1 200 OK"
2026-08-28 21:19:09,799 [INFO] HTTP Request: POST http://localhost:8001/v1/chat/completions "HTTP/1.1 200 OK"
2026-08-28 21:19:13,536 [INFO] HTTP Request: POST http://localhost:8001/v1/chat/completions "HTTP/1.1 200 OK"
2026-08-28 21:19:19,162 [INFO] HTTP Request: POST http://localhost:8001/v1/chat/completions "HTTP/1.1 200 OK"
2026-08-28 21:19:20,139 [INFO] HTTP Request: POST http://localhost:8001/v1/chat/completions "HTTP/1.1 200 OK"
2026-08-28 21:19:28,863 [INFO] HTTP Request: POST http://localhost:8001/v1/chat/completions "HTTP/1.1 200 OK"
2026-08-28 21:19:52,009 [INFO] HTTP Request: POST http://localhost:8001/v1/chat/completions "HTTP/1.1 200 OK"
2026-08-28 21:19:57,796 [INFO] HTTP Request: POST http://localhost:8001/v1/chat/completions "HTTP/1.1 200 OK"
2026-08-28 21:20:01,266 [INFO] HTTP Request: POST http://localhost:8001/v1/chat/completions "HTTP/1.1 200 OK"
2026-08-28 21:20:03,729 [INFO] HTTP Request: POST http://localhost:8001/v1/chat/completions "HTTP/1.1 200 OK"
2026-08-28 21:20:03,730 [INFO] HTTP Request: POST http://localhost:8001/v1/chat/completions "HTTP/1.1 200 OK"
2026-08-28 21:20:03,830 [INFO] HTTP Request: POST http://localhost:8001/v1/chat/completions "HTTP/1.1 200 OK"
2026-08-28 21:20:06,485 [INFO] HTTP Request: POST http://localhost:8001/v1/chat/completions "HTTP/1.1 200 OK"
2026-08-28 21:20:08,169 [INFO] HTTP Request: POST http://localhost:8001/v1/chat/completions "HTTP/1.1 200 OK"
2026-08-28 21:20:08,170 [INFO] HTTP Request: POST http://localhost:8001/v1/chat/completions "HTTP/1.1 200 OK"
2026-08-28 21:20:10,039 [INFO] HTTP Request: POST http://localhost:8001/v1/chat/completions "HTTP/1.1 200 OK"
2026-08-28 21:20:10,137 [INFO] HTTP Request: POST http://localhost:8001/v1/chat/completions "HTTP/1.1 200 OK"
2026-08-28 21:20:15,760 [INFO] HTTP Request: POST http://localhost:8001/v1/chat/completions "HTTP/1.1 200 OK"
2026-08-28 21:20:16,614 [INFO] HTTP Request: POST http://localhost:8001/v1/chat/completions "HTTP/1.1 200 OK"
2026-08-28 21:20:18,223 [INFO] HTTP Request: POST http://localhost:8001/v1/chat/completions "HTTP/1.1 200 OK"
2026-08-28 21:20:31,422 [INFO] HTTP Request: POST http://localhost:8001/v1/chat/completions "HTTP/1.1 200 OK"
2026-08-28 21:20:34,920 [INFO] HTTP Request: POST http://localhost:8001/v1/chat/completions "HTTP/1.1 200 OK"
2026-08-28 21:20:44,526 [INFO] HTTP Request: POST http://localhost:8001/v1/chat/completions "HTTP/1.1 200 OK"
2026-08-28 21:20:46,134 [INFO] HTTP Request: POST http://localhost:8001/v1/chat/completions "HTTP/1.1 200 OK"
2026-08-28 21:20:46,205 [INFO]   💾 768/926  [ok=768 skip=0 error=0]
2026-08-28 21:21:42,266 [INFO] HTTP Request: POST http://localhost:8001/v1/chat/completions "HTTP/1.1 200 OK"
2026-08-28 21:21:43,924 [INFO] HTTP Request: POST http://localhost:8001/v1/chat/completions "HTTP/1.1 200 OK"
2026-08-28 21:21:47,916 [INFO] HTTP Request: POST http://localhost:8001/v1/chat/completions "HTTP/1.1 200 OK"
2026-08-28 21:21:50,180 [INFO] HTTP Request: POST http://localhost:8001/v1/chat/completions "HTTP/1.1 200 OK"
2026-08-28 21:21:53,885 [INFO] HTTP Request: POST http://localhost:8001/v1/chat/completions "HTTP/1.1 200 OK"
2026-08-28 21:21:54,411 [INFO] HTTP Request: POST http://localhost:8001/v1/chat/completions "HTTP/1.1 200 OK"
2026-08-28 21:21:57,655 [INFO] HTTP Request: POST http://localhost:8001/v1/chat/completions "HTTP/1.1 200 OK"
2026-08-28 21:21:58,181 [INFO] HTTP Request: POST http://localhost:8001/v1/chat/completions "HTTP/1.1 200 OK"
2026-08-28 21:22:00,759 [INFO] HTTP Request: POST http://localhost:8001/v1/chat/completions "HTTP/1.1 200 OK"
2026-08-28 21:22:00,860 [INFO] HTTP Request: POST http://localhost:8001/v1/chat/completions "HTTP/1.1 200 OK"
2026-08-28 21:22:02,178 [INFO] HTTP Request: POST http://localhost:8001/v1/chat/completions "HTTP/1.1 200 OK"
2026-08-28 21:22:02,179 [INFO] HTTP Request: POST http://localhost:8001/v1/chat/completions "HTTP/1.1 200 OK"
2026-08-28 21:22:06,935 [INFO] HTTP Request: POST http://localhost:8001/v1/chat/completions "HTTP/1.1 200 OK"
2026-08-28 21:22:07,035 [INFO] HTTP Request: POST http://localhost:8001/v1/chat/completions "HTTP/1.1 200 OK"
2026-08-28 21:22:40,853 [INFO] HTTP Request: POST http://localhost:8001/v1/chat/completions "HTTP/1.1 200 OK"
2026-08-28 21:22:47,432 [INFO] HTTP Request: POST http://localhost:8001/v1/chat/completions "HTTP/1.1 200 OK"
2026-08-28 21:22:50,916 [INFO] HTTP Request: POST http://localhost:8001/v1/chat/completions "HTTP/1.1 200 OK"
2026-08-28 21:22:51,890 [INFO] HTTP Request: POST http://localhost:8001/v1/chat/completions "HTTP/1.1 200 OK"
2026-08-28 21:22:54,054 [INFO] HTTP Request: POST http://localhost:8001/v1/chat/completions "HTTP/1.1 200 OK"
2026-08-28 21:22:54,256 [INFO] HTTP Request: POST http://localhost:8001/v1/chat/completions "HTTP/1.1 200 OK"
2026-08-28 21:22:59,133 [INFO] HTTP Request: POST http://localhost:8001/v1/chat/completions "HTTP/1.1 200 OK"
2026-08-28 21:22:59,430 [INFO] HTTP Request: POST http://localhost:8001/v1/chat/completions "HTTP/1.1 200 OK"
2026-08-28 21:22:59,727 [INFO] HTTP Request: POST http://localhost:8001/v1/chat/completions "HTTP/1.1 200 OK"
2026-08-28 21:23:00,414 [INFO] HTTP Request: POST http://localhost:8001/v1/chat/completions "HTTP/1.1 200 OK"
2026-08-28 21:23:00,799 [INFO] HTTP Request: POST http://localhost:8001/v1/chat/completions "HTTP/1.1 200 OK"
2026-08-28 21:23:01,561 [INFO] HTTP Request: POST http://localhost:8001/v1/chat/completions "HTTP/1.1 200 OK"
2026-08-28 21:23:01,941 [INFO] HTTP Request: POST http://localhost:8001/v1/chat/completions "HTTP/1.1 200 OK"
2026-08-28 21:23:08,095 [INFO] HTTP Request: POST http://localhost:8001/v1/chat/completions "HTTP/1.1 200 OK"
2026-08-28 21:23:14,744 [INFO] HTTP Request: POST http://localhost:8001/v1/chat/completions "HTTP/1.1 200 OK"
2026-08-28 21:23:15,205 [INFO] HTTP Request: POST http://localhost:8001/v1/chat/completions "HTTP/1.1 200 OK"
2026-08-28 21:23:31,788 [INFO] HTTP Request: POST http://localhost:8001/v1/chat/completions "HTTP/1.1 200 OK"
2026-08-28 21:23:37,285 [INFO] HTTP Request: POST http://localhost:8001/v1/chat/completions "HTTP/1.1 200 OK"
2026-08-28 21:23:37,315 [INFO]   💾 800/926  [ok=800 skip=0 error=0]
2026-08-28 21:24:35,579 [INFO] HTTP Request: POST http://localhost:8001/v1/chat/completions "HTTP/1.1 200 OK"
2026-08-28 21:24:38,258 [INFO] HTTP Request: POST http://localhost:8001/v1/chat/completions "HTTP/1.1 200 OK"
2026-08-28 21:24:40,154 [INFO] HTTP Request: POST http://localhost:8001/v1/chat/completions "HTTP/1.1 200 OK"
2026-08-28 21:24:40,257 [INFO] HTTP Request: POST http://localhost:8001/v1/chat/completions "HTTP/1.1 200 OK"
2026-08-28 21:24:43,059 [INFO] HTTP Request: POST http://localhost:8001/v1/chat/completions "HTTP/1.1 200 OK"
2026-08-28 21:24:44,911 [INFO] HTTP Request: POST http://localhost:8001/v1/chat/completions "HTTP/1.1 200 OK"
2026-08-28 21:24:48,039 [INFO] HTTP Request: POST http://localhost:8001/v1/chat/completions "HTTP/1.1 200 OK"
2026-08-28 21:24:48,040 [INFO] HTTP Request: POST http://localhost:8001/v1/chat/completions "HTTP/1.1 200 OK"
2026-08-28 21:24:48,041 [INFO] HTTP Request: POST http://localhost:8001/v1/chat/completions "HTTP/1.1 200 OK"
2026-08-28 21:24:49,449 [INFO] HTTP Request: POST http://localhost:8001/v1/chat/completions "HTTP/1.1 200 OK"
2026-08-28 21:24:54,243 [INFO] HTTP Request: POST http://localhost:8001/v1/chat/completions "HTTP/1.1 200 OK"
2026-08-28 21:24:55,899 [INFO] HTTP Request: POST http://localhost:8001/v1/chat/completions "HTTP/1.1 200 OK"
2026-08-28 21:24:56,879 [INFO] HTTP Request: POST http://localhost:8001/v1/chat/completions "HTTP/1.1 200 OK"
2026-08-28 21:25:03,822 [INFO] HTTP Request: POST http://localhost:8001/v1/chat/completions "HTTP/1.1 200 OK"
2026-08-28 21:25:36,580 [INFO] HTTP Request: POST http://localhost:8001/v1/chat/completions "HTTP/1.1 200 OK"
2026-08-28 21:25:38,751 [INFO] HTTP Request: POST http://localhost:8001/v1/chat/completions "HTTP/1.1 200 OK"
2026-08-28 21:25:42,567 [INFO] HTTP Request: POST http://localhost:8001/v1/chat/completions "HTTP/1.1 200 OK"
2026-08-28 21:25:43,920 [INFO] HTTP Request: POST http://localhost:8001/v1/chat/completions "HTTP/1.1 200 OK"
2026-08-28 21:25:45,923 [INFO] HTTP Request: POST http://localhost:8001/v1/chat/completions "HTTP/1.1 200 OK"
2026-08-28 21:25:47,247 [INFO] HTTP Request: POST http://localhost:8001/v1/chat/completions "HTTP/1.1 200 OK"
2026-08-28 21:25:48,643 [INFO] HTTP Request: POST http://localhost:8001/v1/chat/completions "HTTP/1.1 200 OK"
2026-08-28 21:25:49,337 [INFO] HTTP Request: POST http://localhost:8001/v1/chat/completions "HTTP/1.1 200 OK"
2026-08-28 21:25:49,832 [INFO] HTTP Request: POST http://localhost:8001/v1/chat/completions "HTTP/1.1 200 OK"
2026-08-28 21:25:50,128 [INFO] HTTP Request: POST http://localhost:8001/v1/chat/completions "HTTP/1.1 200 OK"
2026-08-28 21:25:51,949 [INFO] HTTP Request: POST http://localhost:8001/v1/chat/completions "HTTP/1.1 200 OK"
2026-08-28 21:25:52,236 [INFO] HTTP Request: POST http://localhost:8001/v1/chat/completions "HTTP/1.1 200 OK"
2026-08-28 21:25:52,331 [INFO] HTTP Request: POST http://localhost:8001/v1/chat/completions "HTTP/1.1 200 OK"
2026-08-28 21:25:59,153 [INFO] HTTP Request: POST http://localhost:8001/v1/chat/completions "HTTP/1.1 200 OK"
2026-08-28 21:26:12,478 [INFO] HTTP Request: POST http://localhost:8001/v1/chat/completions "HTTP/1.1 200 OK"
2026-08-28 21:26:14,690 [INFO] HTTP Request: POST http://localhost:8001/v1/chat/completions "HTTP/1.1 200 OK"
2026-08-28 21:26:31,034 [INFO] HTTP Request: POST http://localhost:8001/v1/chat/completions "HTTP/1.1 200 OK"
2026-08-28 21:26:32,168 [INFO] HTTP Request: POST http://localhost:8001/v1/chat/completions "HTTP/1.1 200 OK"
2026-08-28 21:26:32,205 [INFO]   💾 832/926  [ok=832 skip=0 error=0]
2026-08-28 21:27:29,367 [INFO] HTTP Request: POST http://localhost:8001/v1/chat/completions "HTTP/1.1 200 OK"
2026-08-28 21:27:34,715 [INFO] HTTP Request: POST http://localhost:8001/v1/chat/completions "HTTP/1.1 200 OK"
2026-08-28 21:27:36,390 [INFO] HTTP Request: POST http://localhost:8001/v1/chat/completions "HTTP/1.1 200 OK"
2026-08-28 21:27:36,919 [INFO] HTTP Request: POST http://localhost:8001/v1/chat/completions "HTTP/1.1 200 OK"
2026-08-28 21:27:37,369 [INFO] HTTP Request: POST http://localhost:8001/v1/chat/completions "HTTP/1.1 200 OK"
2026-08-28 21:27:41,201 [INFO] HTTP Request: POST http://localhost:8001/v1/chat/completions "HTTP/1.1 200 OK"
2026-08-28 21:27:42,175 [INFO] HTTP Request: POST http://localhost:8001/v1/chat/completions "HTTP/1.1 200 OK"
2026-08-28 21:27:43,932 [INFO] HTTP Request: POST http://localhost:8001/v1/chat/completions "HTTP/1.1 200 OK"
2026-08-28 21:27:44,907 [INFO] HTTP Request: POST http://localhost:8001/v1/chat/completions "HTTP/1.1 200 OK"
2026-08-28 21:27:46,175 [INFO] HTTP Request: POST http://localhost:8001/v1/chat/completions "HTTP/1.1 200 OK"
2026-08-28 21:27:48,747 [INFO] HTTP Request: POST http://localhost:8001/v1/chat/completions "HTTP/1.1 200 OK"
2026-08-28 21:27:49,274 [INFO] HTTP Request: POST http://localhost:8001/v1/chat/completions "HTTP/1.1 200 OK"
2026-08-28 21:27:52,405 [INFO] HTTP Request: POST http://localhost:8001/v1/chat/completions "HTTP/1.1 200 OK"
2026-08-28 21:27:52,694 [INFO] HTTP Request: POST http://localhost:8001/v1/chat/completions "HTTP/1.1 200 OK"
2026-08-28 21:28:36,824 [INFO] HTTP Request: POST http://localhost:8001/v1/chat/completions "HTTP/1.1 200 OK"
2026-08-28 21:28:36,825 [INFO] HTTP Request: POST http://localhost:8001/v1/chat/completions "HTTP/1.1 200 OK"
2026-08-28 21:28:38,679 [INFO] HTTP Request: POST http://localhost:8001/v1/chat/completions "HTTP/1.1 200 OK"
2026-08-28 21:28:40,779 [INFO] HTTP Request: POST http://localhost:8001/v1/chat/completions "HTTP/1.1 200 OK"
2026-08-28 21:28:40,881 [INFO] HTTP Request: POST http://localhost:8001/v1/chat/completions "HTTP/1.1 200 OK"
2026-08-28 21:28:40,881 [INFO] HTTP Request: POST http://localhost:8001/v1/chat/completions "HTTP/1.1 200 OK"
2026-08-28 21:28:43,571 [INFO] HTTP Request: POST http://localhost:8001/v1/chat/completions "HTTP/1.1 200 OK"
2026-08-28 21:28:46,346 [INFO] HTTP Request: POST http://localhost:8001/v1/chat/completions "HTTP/1.1 200 OK"
2026-08-28 21:28:46,742 [INFO] HTTP Request: POST http://localhost:8001/v1/chat/completions "HTTP/1.1 200 OK"
2026-08-28 21:28:47,333 [INFO] HTTP Request: POST http://localhost:8001/v1/chat/completions "HTTP/1.1 200 OK"
2026-08-28 21:28:47,431 [INFO] HTTP Request: POST http://localhost:8001/v1/chat/completions "HTTP/1.1 200 OK"
2026-08-28 21:28:51,630 [INFO] HTTP Request: POST http://localhost:8001/v1/chat/completions "HTTP/1.1 200 OK"
2026-08-28 21:28:54,862 [INFO] HTTP Request: POST http://localhost:8001/v1/chat/completions "HTTP/1.1 200 OK"
2026-08-28 21:28:55,431 [INFO] HTTP Request: POST http://localhost:8001/v1/chat/completions "HTTP/1.1 200 OK"
2026-08-28 21:29:20,692 [INFO] HTTP Request: POST http://localhost:8001/v1/chat/completions "HTTP/1.1 200 OK"
2026-08-28 21:29:24,293 [INFO] HTTP Request: POST http://localhost:8001/v1/chat/completions "HTTP/1.1 200 OK"
2026-08-28 21:29:26,750 [INFO] HTTP Request: POST http://localhost:8001/v1/chat/completions "HTTP/1.1 200 OK"
2026-08-28 21:29:27,504 [INFO] HTTP Request: POST http://localhost:8001/v1/chat/completions "HTTP/1.1 200 OK"
2026-08-28 21:29:27,531 [INFO]   💾 864/926  [ok=864 skip=0 error=0]
2026-08-28 21:30:25,748 [INFO] HTTP Request: POST http://localhost:8001/v1/chat/completions "HTTP/1.1 200 OK"
2026-08-28 21:30:27,744 [INFO] HTTP Request: POST http://localhost:8001/v1/chat/completions "HTTP/1.1 200 OK"
2026-08-28 21:30:29,836 [INFO] HTTP Request: POST http://localhost:8001/v1/chat/completions "HTTP/1.1 200 OK"
2026-08-28 21:30:31,851 [INFO] HTTP Request: POST http://localhost:8001/v1/chat/completions "HTTP/1.1 200 OK"
2026-08-28 21:30:36,338 [INFO] HTTP Request: POST http://localhost:8001/v1/chat/completions "HTTP/1.1 200 OK"
2026-08-28 21:30:38,148 [INFO] HTTP Request: POST http://localhost:8001/v1/chat/completions "HTTP/1.1 200 OK"
2026-08-28 21:30:38,249 [INFO] HTTP Request: POST http://localhost:8001/v1/chat/completions "HTTP/1.1 200 OK"
2026-08-28 21:30:39,122 [INFO] HTTP Request: POST http://localhost:8001/v1/chat/completions "HTTP/1.1 200 OK"
2026-08-28 21:30:41,804 [INFO] HTTP Request: POST http://localhost:8001/v1/chat/completions "HTTP/1.1 200 OK"
2026-08-28 21:30:45,746 [INFO] HTTP Request: POST http://localhost:8001/v1/chat/completions "HTTP/1.1 200 OK"
2026-08-28 21:30:48,148 [INFO] HTTP Request: POST http://localhost:8001/v1/chat/completions "HTTP/1.1 200 OK"
2026-08-28 21:30:49,844 [INFO] HTTP Request: POST http://localhost:8001/v1/chat/completions "HTTP/1.1 200 OK"
2026-08-28 21:30:56,117 [INFO] HTTP Request: POST http://localhost:8001/v1/chat/completions "HTTP/1.1 200 OK"
2026-08-28 21:31:22,399 [INFO] HTTP Request: POST http://localhost:8001/v1/chat/completions "HTTP/1.1 200 OK"
2026-08-28 21:31:28,814 [INFO] HTTP Request: POST http://localhost:8001/v1/chat/completions "HTTP/1.1 200 OK"
2026-08-28 21:31:30,409 [INFO] HTTP Request: POST http://localhost:8001/v1/chat/completions "HTTP/1.1 200 OK"
2026-08-28 21:31:32,716 [INFO] HTTP Request: POST http://localhost:8001/v1/chat/completions "HTTP/1.1 200 OK"
2026-08-28 21:31:37,072 [INFO] HTTP Request: POST http://localhost:8001/v1/chat/completions "HTTP/1.1 200 OK"
2026-08-28 21:31:39,336 [INFO] HTTP Request: POST http://localhost:8001/v1/chat/completions "HTTP/1.1 200 OK"
2026-08-28 21:31:39,438 [INFO] HTTP Request: POST http://localhost:8001/v1/chat/completions "HTTP/1.1 200 OK"
2026-08-28 21:31:39,639 [INFO] HTTP Request: POST http://localhost:8001/v1/chat/completions "HTTP/1.1 200 OK"
2026-08-28 21:31:41,920 [INFO] HTTP Request: POST http://localhost:8001/v1/chat/completions "HTTP/1.1 200 OK"
2026-08-28 21:31:42,316 [INFO] HTTP Request: POST http://localhost:8001/v1/chat/completions "HTTP/1.1 200 OK"
2026-08-28 21:31:43,106 [INFO] HTTP Request: POST http://localhost:8001/v1/chat/completions "HTTP/1.1 200 OK"
2026-08-28 21:31:46,655 [INFO] HTTP Request: POST http://localhost:8001/v1/chat/completions "HTTP/1.1 200 OK"
2026-08-28 21:31:48,848 [INFO] HTTP Request: POST http://localhost:8001/v1/chat/completions "HTTP/1.1 200 OK"
2026-08-28 21:31:52,939 [INFO] HTTP Request: POST http://localhost:8001/v1/chat/completions "HTTP/1.1 200 OK"
2026-08-28 21:31:58,810 [INFO] HTTP Request: POST http://localhost:8001/v1/chat/completions "HTTP/1.1 200 OK"
2026-08-28 21:32:11,473 [INFO] HTTP Request: POST http://localhost:8001/v1/chat/completions "HTTP/1.1 200 OK"
2026-08-28 21:32:13,040 [INFO] HTTP Request: POST http://localhost:8001/v1/chat/completions "HTTP/1.1 200 OK"
2026-08-28 21:32:13,315 [INFO] HTTP Request: POST http://localhost:8001/v1/chat/completions "HTTP/1.1 200 OK"
2026-08-28 21:32:16,156 [INFO] HTTP Request: POST http://localhost:8001/v1/chat/completions "HTTP/1.1 200 OK"
2026-08-28 21:32:16,179 [INFO]   💾 896/926  [ok=896 skip=0 error=0]
2026-08-28 21:33:17,672 [INFO] HTTP Request: POST http://localhost:8001/v1/chat/completions "HTTP/1.1 200 OK"
2026-08-28 21:33:19,983 [INFO] HTTP Request: POST http://localhost:8001/v1/chat/completions "HTTP/1.1 200 OK"
2026-08-28 21:33:21,671 [INFO] HTTP Request: POST http://localhost:8001/v1/chat/completions "HTTP/1.1 200 OK"
2026-08-28 21:33:21,773 [INFO] HTTP Request: POST http://localhost:8001/v1/chat/completions "HTTP/1.1 200 OK"
2026-08-28 21:33:21,774 [INFO] HTTP Request: POST http://localhost:8001/v1/chat/completions "HTTP/1.1 200 OK"
2026-08-28 21:33:22,636 [INFO] HTTP Request: POST http://localhost:8001/v1/chat/completions "HTTP/1.1 200 OK"
2026-08-28 21:33:29,294 [INFO] HTTP Request: POST http://localhost:8001/v1/chat/completions "HTTP/1.1 200 OK"
2026-08-28 21:33:30,314 [INFO] HTTP Request: POST http://localhost:8001/v1/chat/completions "HTTP/1.1 200 OK"
2026-08-28 21:33:31,752 [INFO] HTTP Request: POST http://localhost:8001/v1/chat/completions "HTTP/1.1 200 OK"
2026-08-28 21:33:33,607 [INFO] HTTP Request: POST http://localhost:8001/v1/chat/completions "HTTP/1.1 200 OK"
2026-08-28 21:33:37,354 [INFO] HTTP Request: POST http://localhost:8001/v1/chat/completions "HTTP/1.1 200 OK"
2026-08-28 21:33:40,195 [INFO] HTTP Request: POST http://localhost:8001/v1/chat/completions "HTTP/1.1 200 OK"
2026-08-28 21:33:43,360 [INFO] HTTP Request: POST http://localhost:8001/v1/chat/completions "HTTP/1.1 200 OK"
2026-08-28 21:34:20,064 [INFO] HTTP Request: POST http://localhost:8001/v1/chat/completions "HTTP/1.1 200 OK"
2026-08-28 21:34:21,833 [INFO] HTTP Request: POST http://localhost:8001/v1/chat/completions "HTTP/1.1 200 OK"
2026-08-28 21:34:25,795 [INFO] HTTP Request: POST http://localhost:8001/v1/chat/completions "HTTP/1.1 200 OK"
2026-08-28 21:34:28,720 [INFO] HTTP Request: POST http://localhost:8001/v1/chat/completions "HTTP/1.1 200 OK"
2026-08-28 21:34:28,720 [INFO] HTTP Request: POST http://localhost:8001/v1/chat/completions "HTTP/1.1 200 OK"
2026-08-28 21:34:30,708 [INFO] HTTP Request: POST http://localhost:8001/v1/chat/completions "HTTP/1.1 200 OK"
2026-08-28 21:34:31,007 [INFO] HTTP Request: POST http://localhost:8001/v1/chat/completions "HTTP/1.1 200 OK"
2026-08-28 21:34:32,097 [INFO] HTTP Request: POST http://localhost:8001/v1/chat/completions "HTTP/1.1 200 OK"
2026-08-28 21:34:33,184 [INFO] HTTP Request: POST http://localhost:8001/v1/chat/completions "HTTP/1.1 200 OK"
2026-08-28 21:34:33,861 [INFO] HTTP Request: POST http://localhost:8001/v1/chat/completions "HTTP/1.1 200 OK"
2026-08-28 21:34:33,958 [INFO] HTTP Request: POST http://localhost:8001/v1/chat/completions "HTTP/1.1 200 OK"
2026-08-28 21:34:33,958 [INFO] HTTP Request: POST http://localhost:8001/v1/chat/completions "HTTP/1.1 200 OK"
2026-08-28 21:34:35,574 [INFO] HTTP Request: POST http://localhost:8001/v1/chat/completions "HTTP/1.1 200 OK"
2026-08-28 21:34:46,662 [INFO] HTTP Request: POST http://localhost:8001/v1/chat/completions "HTTP/1.1 200 OK"
2026-08-28 21:34:55,607 [INFO] HTTP Request: POST http://localhost:8001/v1/chat/completions "HTTP/1.1 200 OK"
2026-08-28 21:35:06,341 [INFO] HTTP Request: POST http://localhost:8001/v1/chat/completions "HTTP/1.1 200 OK"
2026-08-28 21:35:11,554 [INFO] HTTP Request: POST http://localhost:8001/v1/chat/completions "HTTP/1.1 200 OK"
2026-08-28 21:35:11,588 [INFO]   💾 926/926  [ok=926 skip=0 error=0]
2026-08-28 21:35:11,591 [WARNING] [youtube_global_dataset.csv] *_just vacíos en filas pertinentes (656 pert.): {'region_just': 10, 'ciudad_just': 10}
2026-08-28 21:35:11,592 [WARNING]   ⚠️  *_just vacíos en filas pertinentes — considera reprocess_missing.py: {'region_just': 10, 'ciudad_just': 10}
2026-08-28 21:35:11,592 [INFO] ✅ youtube_global_dataset.csv → youtube_global_dataset_reanalizado_schema.csv  [ok=926  skip=0  error=0]
2026-08-28 21:35:11,592 [INFO] === Proyecto: Caminos_escolares_seguros ===
2026-08-28 21:35:11,592 [INFO]   tema:          Caminos escolares seguros
2026-08-28 21:35:11,592 [INFO]   output_folder: /home/rrss/proyecto_web/Project_OLD/RRSS_version_stance/project_web/Web_Proyecto/datos/admin/Caminos_escolares_seguros
2026-08-28 21:35:11,592 [INFO]   sources:       ['youtube', 'reddit', 'bluesky']
2026-08-28 21:35:11,593 [INFO]   subtopic_registry: 280 subtopics cargados de sesión anterior
2026-08-28 21:35:11,593 [INFO]   → Procesando: bluesky_global_dataset.csv
2026-08-28 21:35:11,593 [INFO]   ♻️  Reanudando desde output parcial: bluesky_global_dataset_reanalizado_schema.csv
2026-08-28 21:35:11,597 [INFO] Primera fila pendiente: 0
2026-08-28 21:35:11,597 [INFO] bluesky_global_dataset.csv: 46 filas pendientes de 46 totales
2026-08-28 21:36:07,297 [INFO] HTTP Request: POST http://localhost:8001/v1/chat/completions "HTTP/1.1 200 OK"
2026-08-28 21:36:09,799 [INFO] HTTP Request: POST http://localhost:8001/v1/chat/completions "HTTP/1.1 200 OK"
2026-08-28 21:36:11,994 [INFO] HTTP Request: POST http://localhost:8001/v1/chat/completions "HTTP/1.1 200 OK"
2026-08-28 21:36:13,066 [INFO] HTTP Request: POST http://localhost:8001/v1/chat/completions "HTTP/1.1 200 OK"
2026-08-28 21:36:13,598 [INFO] HTTP Request: POST http://localhost:8001/v1/chat/completions "HTTP/1.1 200 OK"
2026-08-28 21:36:14,907 [INFO] HTTP Request: POST http://localhost:8001/v1/chat/completions "HTTP/1.1 200 OK"
2026-08-28 21:36:16,279 [INFO] HTTP Request: POST http://localhost:8001/v1/chat/completions "HTTP/1.1 200 OK"
2026-08-28 21:36:17,658 [INFO] HTTP Request: POST http://localhost:8001/v1/chat/completions "HTTP/1.1 200 OK"
2026-08-28 21:36:17,658 [INFO] HTTP Request: POST http://localhost:8001/v1/chat/completions "HTTP/1.1 200 OK"
2026-08-28 21:36:20,200 [INFO] HTTP Request: POST http://localhost:8001/v1/chat/completions "HTTP/1.1 200 OK"
2026-08-28 21:36:20,302 [INFO] HTTP Request: POST http://localhost:8001/v1/chat/completions "HTTP/1.1 200 OK"
2026-08-28 21:36:22,639 [INFO] HTTP Request: POST http://localhost:8001/v1/chat/completions "HTTP/1.1 200 OK"
2026-08-28 21:36:23,769 [INFO] HTTP Request: POST http://localhost:8001/v1/chat/completions "HTTP/1.1 200 OK"
2026-08-28 21:36:24,277 [INFO] HTTP Request: POST http://localhost:8001/v1/chat/completions "HTTP/1.1 200 OK"
2026-08-28 21:36:24,783 [INFO] HTTP Request: POST http://localhost:8001/v1/chat/completions "HTTP/1.1 200 OK"
2026-08-28 21:36:24,885 [INFO] HTTP Request: POST http://localhost:8001/v1/chat/completions "HTTP/1.1 200 OK"
2026-08-28 21:36:28,358 [INFO] HTTP Request: POST http://localhost:8001/v1/chat/completions "HTTP/1.1 200 OK"
2026-08-28 21:36:29,544 [INFO] HTTP Request: POST http://localhost:8001/v1/chat/completions "HTTP/1.1 200 OK"
2026-08-28 21:36:30,233 [INFO] HTTP Request: POST http://localhost:8001/v1/chat/completions "HTTP/1.1 200 OK"
2026-08-28 21:36:31,792 [INFO] HTTP Request: POST http://localhost:8001/v1/chat/completions "HTTP/1.1 200 OK"
2026-08-28 21:36:55,046 [INFO] HTTP Request: POST http://localhost:8001/v1/chat/completions "HTTP/1.1 200 OK"
2026-08-28 21:36:56,591 [INFO] HTTP Request: POST http://localhost:8001/v1/chat/completions "HTTP/1.1 200 OK"
2026-08-28 21:37:01,127 [INFO] HTTP Request: POST http://localhost:8001/v1/chat/completions "HTTP/1.1 200 OK"
2026-08-28 21:37:02,862 [INFO] HTTP Request: POST http://localhost:8001/v1/chat/completions "HTTP/1.1 200 OK"
2026-08-28 21:37:04,181 [INFO] HTTP Request: POST http://localhost:8001/v1/chat/completions "HTTP/1.1 200 OK"
2026-08-28 21:37:04,462 [INFO] HTTP Request: POST http://localhost:8001/v1/chat/completions "HTTP/1.1 200 OK"
2026-08-28 21:37:04,650 [INFO] HTTP Request: POST http://localhost:8001/v1/chat/completions "HTTP/1.1 200 OK"
2026-08-28 21:37:04,744 [INFO] HTTP Request: POST http://localhost:8001/v1/chat/completions "HTTP/1.1 200 OK"
2026-08-28 21:37:05,754 [INFO] HTTP Request: POST http://localhost:8001/v1/chat/completions "HTTP/1.1 200 OK"
2026-08-28 21:37:05,937 [INFO] HTTP Request: POST http://localhost:8001/v1/chat/completions "HTTP/1.1 200 OK"
2026-08-28 21:37:08,923 [INFO] HTTP Request: POST http://localhost:8001/v1/chat/completions "HTTP/1.1 200 OK"
2026-08-28 21:37:14,114 [INFO] HTTP Request: POST http://localhost:8001/v1/chat/completions "HTTP/1.1 200 OK"
2026-08-28 21:37:14,126 [INFO]   💾 32/46  [ok=32 skip=0 error=0]
2026-08-28 21:38:02,995 [INFO] HTTP Request: POST http://localhost:8001/v1/chat/completions "HTTP/1.1 200 OK"
2026-08-28 21:38:05,665 [INFO] HTTP Request: POST http://localhost:8001/v1/chat/completions "HTTP/1.1 200 OK"
2026-08-28 21:38:06,929 [INFO] HTTP Request: POST http://localhost:8001/v1/chat/completions "HTTP/1.1 200 OK"
2026-08-28 21:38:07,609 [INFO] HTTP Request: POST http://localhost:8001/v1/chat/completions "HTTP/1.1 200 OK"
2026-08-28 21:38:08,285 [INFO] HTTP Request: POST http://localhost:8001/v1/chat/completions "HTTP/1.1 200 OK"
2026-08-28 21:38:08,478 [INFO] HTTP Request: POST http://localhost:8001/v1/chat/completions "HTTP/1.1 200 OK"
2026-08-28 21:38:09,141 [INFO] HTTP Request: POST http://localhost:8001/v1/chat/completions "HTTP/1.1 200 OK"
2026-08-28 21:38:09,611 [INFO] HTTP Request: POST http://localhost:8001/v1/chat/completions "HTTP/1.1 200 OK"
2026-08-28 21:38:10,080 [INFO] HTTP Request: POST http://localhost:8001/v1/chat/completions "HTTP/1.1 200 OK"
2026-08-28 21:38:10,830 [INFO] HTTP Request: POST http://localhost:8001/v1/chat/completions "HTTP/1.1 200 OK"
2026-08-28 21:38:10,830 [INFO] HTTP Request: POST http://localhost:8001/v1/chat/completions "HTTP/1.1 200 OK"
2026-08-28 21:38:12,021 [INFO] HTTP Request: POST http://localhost:8001/v1/chat/completions "HTTP/1.1 200 OK"
2026-08-28 21:38:12,837 [INFO] HTTP Request: POST http://localhost:8001/v1/chat/completions "HTTP/1.1 200 OK"
2026-08-28 21:38:20,767 [INFO] HTTP Request: POST http://localhost:8001/v1/chat/completions "HTTP/1.1 200 OK"
2026-08-28 21:38:20,776 [INFO]   💾 46/46  [ok=46 skip=0 error=0]
2026-08-28 21:38:20,777 [INFO] [bluesky_global_dataset.csv] ✅ Validación OK: todos los *_just rellenos en filas pertinentes (46).
2026-08-28 21:38:20,777 [INFO] ✅ bluesky_global_dataset.csv → bluesky_global_dataset_reanalizado_schema.csv  [ok=46  skip=0  error=0]
2026-08-28 21:38:20,777 [INFO]   → Procesando: reddit_global_dataset.csv
2026-08-28 21:38:20,777 [INFO]   ♻️  Reanudando desde output parcial: reddit_global_dataset_reanalizado_schema.csv
2026-08-28 21:38:20,781 [INFO] Primera fila pendiente: 0
2026-08-28 21:38:20,781 [INFO] reddit_global_dataset.csv: 1 filas pendientes de 1 totales
2026-08-28 21:39:16,244 [INFO] HTTP Request: POST http://localhost:8001/v1/chat/completions "HTTP/1.1 200 OK"
2026-08-28 21:39:16,257 [INFO]   💾 1/1  [ok=1 skip=0 error=0]
2026-08-28 21:39:16,258 [INFO] [reddit_global_dataset.csv] ✅ Validación OK: todos los *_just rellenos en filas pertinentes (1).
2026-08-28 21:39:16,258 [INFO] ✅ reddit_global_dataset.csv → reddit_global_dataset_reanalizado_schema.csv  [ok=1  skip=0  error=0]
2026-08-28 21:39:16,258 [INFO]   → Procesando: youtube_global_dataset.csv
2026-08-28 21:39:16,258 [INFO]   ♻️  Reanudando desde output parcial: youtube_global_dataset_reanalizado_schema.csv
2026-08-28 21:39:16,302 [INFO] Primera fila pendiente: 0
2026-08-28 21:39:16,302 [INFO] youtube_global_dataset.csv: 4921 filas pendientes de 4921 totales
2026-08-28 21:40:12,641 [INFO] HTTP Request: POST http://localhost:8001/v1/chat/completions "HTTP/1.1 200 OK"
2026-08-28 21:40:14,477 [INFO] HTTP Request: POST http://localhost:8001/v1/chat/completions "HTTP/1.1 200 OK"
2026-08-28 21:40:14,478 [INFO] HTTP Request: POST http://localhost:8001/v1/chat/completions "HTTP/1.1 200 OK"
2026-08-28 21:40:14,579 [INFO] HTTP Request: POST http://localhost:8001/v1/chat/completions "HTTP/1.1 200 OK"
2026-08-28 21:40:14,791 [INFO] HTTP Request: POST http://localhost:8001/v1/chat/completions "HTTP/1.1 200 OK"
2026-08-28 21:40:14,791 [INFO] HTTP Request: POST http://localhost:8001/v1/chat/completions "HTTP/1.1 200 OK"
2026-08-28 21:40:14,895 [INFO] HTTP Request: POST http://localhost:8001/v1/chat/completions "HTTP/1.1 200 OK"
2026-08-28 21:40:15,328 [INFO] HTTP Request: POST http://localhost:8001/v1/chat/completions "HTTP/1.1 200 OK"
2026-08-28 21:40:16,668 [INFO] HTTP Request: POST http://localhost:8001/v1/chat/completions "HTTP/1.1 200 OK"
2026-08-28 21:40:18,422 [INFO] HTTP Request: POST http://localhost:8001/v1/chat/completions "HTTP/1.1 200 OK"
2026-08-28 21:40:19,706 [INFO] HTTP Request: POST http://localhost:8001/v1/chat/completions "HTTP/1.1 200 OK"
2026-08-28 21:40:20,698 [INFO] HTTP Request: POST http://localhost:8001/v1/chat/completions "HTTP/1.1 200 OK"
2026-08-28 21:40:20,842 [INFO] HTTP Request: POST http://localhost:8001/v1/chat/completions "HTTP/1.1 200 OK"
2026-08-28 21:40:20,843 [INFO] HTTP Request: POST http://localhost:8001/v1/chat/completions "HTTP/1.1 200 OK"
2026-08-28 21:40:22,262 [INFO] HTTP Request: POST http://localhost:8001/v1/chat/completions "HTTP/1.1 200 OK"
2026-08-28 21:40:22,567 [INFO] HTTP Request: POST http://localhost:8001/v1/chat/completions "HTTP/1.1 200 OK"
2026-08-28 21:40:23,462 [INFO] HTTP Request: POST http://localhost:8001/v1/chat/completions "HTTP/1.1 200 OK"
2026-08-28 21:40:23,661 [INFO] HTTP Request: POST http://localhost:8001/v1/chat/completions "HTTP/1.1 200 OK"
2026-08-28 21:40:23,957 [INFO] HTTP Request: POST http://localhost:8001/v1/chat/completions "HTTP/1.1 200 OK"
2026-08-28 21:40:24,937 [INFO] HTTP Request: POST http://localhost:8001/v1/chat/completions "HTTP/1.1 200 OK"
2026-08-28 21:40:25,133 [INFO] HTTP Request: POST http://localhost:8001/v1/chat/completions "HTTP/1.1 200 OK"
2026-08-28 21:40:25,519 [INFO] HTTP Request: POST http://localhost:8001/v1/chat/completions "HTTP/1.1 200 OK"
2026-08-28 21:40:26,289 [INFO] HTTP Request: POST http://localhost:8001/v1/chat/completions "HTTP/1.1 200 OK"
2026-08-28 21:40:27,342 [INFO] HTTP Request: POST http://localhost:8001/v1/chat/completions "HTTP/1.1 200 OK"
2026-08-28 21:40:36,556 [INFO] HTTP Request: POST http://localhost:8001/v1/chat/completions "HTTP/1.1 200 OK"
2026-08-28 21:40:46,974 [INFO] HTTP Request: POST http://localhost:8001/v1/chat/completions "HTTP/1.1 200 OK"
2026-08-28 21:40:55,870 [INFO] HTTP Request: POST http://localhost:8001/v1/chat/completions "HTTP/1.1 200 OK"
2026-08-28 21:40:57,459 [INFO] HTTP Request: POST http://localhost:8001/v1/chat/completions "HTTP/1.1 200 OK"
2026-08-28 21:40:58,470 [INFO] HTTP Request: POST http://localhost:8001/v1/chat/completions "HTTP/1.1 200 OK"
2026-08-28 21:40:58,653 [INFO] HTTP Request: POST http://localhost:8001/v1/chat/completions "HTTP/1.1 200 OK"
2026-08-28 21:41:00,463 [INFO] HTTP Request: POST http://localhost:8001/v1/chat/completions "HTTP/1.1 200 OK"
2026-08-28 21:41:06,032 [INFO] HTTP Request: POST http://localhost:8001/v1/chat/completions "HTTP/1.1 200 OK"
2026-08-28 21:41:06,111 [INFO]   💾 32/4921  [ok=32 skip=0 error=0]
2026-08-28 21:42:03,003 [INFO] HTTP Request: POST http://localhost:8001/v1/chat/completions "HTTP/1.1 200 OK"
2026-08-28 21:42:04,425 [INFO] HTTP Request: POST http://localhost:8001/v1/chat/completions "HTTP/1.1 200 OK"
2026-08-28 21:42:04,426 [INFO] HTTP Request: POST http://localhost:8001/v1/chat/completions "HTTP/1.1 200 OK"
2026-08-28 21:42:05,762 [INFO] HTTP Request: POST http://localhost:8001/v1/chat/completions "HTTP/1.1 200 OK"
2026-08-28 21:42:05,864 [INFO] HTTP Request: POST http://localhost:8001/v1/chat/completions "HTTP/1.1 200 OK"
2026-08-28 21:42:07,634 [INFO] HTTP Request: POST http://localhost:8001/v1/chat/completions "HTTP/1.1 200 OK"
2026-08-28 21:42:07,739 [INFO] HTTP Request: POST http://localhost:8001/v1/chat/completions "HTTP/1.1 200 OK"
2026-08-28 21:42:08,175 [INFO] HTTP Request: POST http://localhost:8001/v1/chat/completions "HTTP/1.1 200 OK"
2026-08-28 21:42:08,632 [INFO] HTTP Request: POST http://localhost:8001/v1/chat/completions "HTTP/1.1 200 OK"
2026-08-28 21:42:11,423 [INFO] HTTP Request: POST http://localhost:8001/v1/chat/completions "HTTP/1.1 200 OK"
2026-08-28 21:42:11,528 [INFO] HTTP Request: POST http://localhost:8001/v1/chat/completions "HTTP/1.1 200 OK"
2026-08-28 21:42:12,042 [INFO] HTTP Request: POST http://localhost:8001/v1/chat/completions "HTTP/1.1 200 OK"
2026-08-28 21:42:12,245 [INFO] HTTP Request: POST http://localhost:8001/v1/chat/completions "HTTP/1.1 200 OK"
2026-08-28 21:42:12,448 [INFO] HTTP Request: POST http://localhost:8001/v1/chat/completions "HTTP/1.1 200 OK"
2026-08-28 21:42:12,449 [INFO] HTTP Request: POST http://localhost:8001/v1/chat/completions "HTTP/1.1 200 OK"
2026-08-28 21:42:12,549 [INFO] HTTP Request: POST http://localhost:8001/v1/chat/completions "HTTP/1.1 200 OK"
2026-08-28 21:42:13,346 [INFO] HTTP Request: POST http://localhost:8001/v1/chat/completions "HTTP/1.1 200 OK"
2026-08-28 21:42:13,544 [INFO] HTTP Request: POST http://localhost:8001/v1/chat/completions "HTTP/1.1 200 OK"
2026-08-28 21:42:13,643 [INFO] HTTP Request: POST http://localhost:8001/v1/chat/completions "HTTP/1.1 200 OK"
2026-08-28 21:42:13,643 [INFO] HTTP Request: POST http://localhost:8001/v1/chat/completions "HTTP/1.1 200 OK"
2026-08-28 21:42:14,806 [INFO] HTTP Request: POST http://localhost:8001/v1/chat/completions "HTTP/1.1 200 OK"
2026-08-28 21:42:16,354 [INFO] HTTP Request: POST http://localhost:8001/v1/chat/completions "HTTP/1.1 200 OK"
2026-08-28 21:42:19,826 [INFO] HTTP Request: POST http://localhost:8001/v1/chat/completions "HTTP/1.1 200 OK"
2026-08-28 21:42:21,833 [INFO] HTTP Request: POST http://localhost:8001/v1/chat/completions "HTTP/1.1 200 OK"
2026-08-28 21:42:37,855 [INFO] HTTP Request: POST http://localhost:8001/v1/chat/completions "HTTP/1.1 200 OK"
2026-08-28 21:42:39,166 [INFO] HTTP Request: POST http://localhost:8001/v1/chat/completions "HTTP/1.1 200 OK"
2026-08-28 21:42:46,918 [INFO] HTTP Request: POST http://localhost:8001/v1/chat/completions "HTTP/1.1 200 OK"
2026-08-28 21:42:47,663 [INFO] HTTP Request: POST http://localhost:8001/v1/chat/completions "HTTP/1.1 200 OK"
2026-08-28 21:42:48,031 [INFO] HTTP Request: POST http://localhost:8001/v1/chat/completions "HTTP/1.1 200 OK"
2026-08-28 21:42:48,215 [INFO] HTTP Request: POST http://localhost:8001/v1/chat/completions "HTTP/1.1 200 OK"
2026-08-28 21:42:48,939 [INFO] HTTP Request: POST http://localhost:8001/v1/chat/completions "HTTP/1.1 200 OK"
2026-08-28 21:42:50,729 [INFO] HTTP Request: POST http://localhost:8001/v1/chat/completions "HTTP/1.1 200 OK"
2026-08-28 21:42:50,797 [INFO]   💾 64/4921  [ok=64 skip=0 error=0]
2026-08-28 21:43:45,754 [INFO] HTTP Request: POST http://localhost:8001/v1/chat/completions "HTTP/1.1 200 OK"
2026-08-28 21:43:47,089 [INFO] HTTP Request: POST http://localhost:8001/v1/chat/completions "HTTP/1.1 200 OK"
2026-08-28 21:43:48,746 [INFO] HTTP Request: POST http://localhost:8001/v1/chat/completions "HTTP/1.1 200 OK"
2026-08-28 21:43:49,380 [INFO] HTTP Request: POST http://localhost:8001/v1/chat/completions "HTTP/1.1 200 OK"
2026-08-28 21:43:50,689 [INFO] HTTP Request: POST http://localhost:8001/v1/chat/completions "HTTP/1.1 200 OK"
2026-08-28 21:43:50,794 [INFO] HTTP Request: POST http://localhost:8001/v1/chat/completions "HTTP/1.1 200 OK"
2026-08-28 21:43:50,796 [INFO] HTTP Request: POST http://localhost:8001/v1/chat/completions "HTTP/1.1 200 OK"
2026-08-28 21:43:52,613 [INFO] HTTP Request: POST http://localhost:8001/v1/chat/completions "HTTP/1.1 200 OK"
2026-08-28 21:43:52,717 [INFO] HTTP Request: POST http://localhost:8001/v1/chat/completions "HTTP/1.1 200 OK"
2026-08-28 21:43:52,822 [INFO] HTTP Request: POST http://localhost:8001/v1/chat/completions "HTTP/1.1 200 OK"
2026-08-28 21:43:52,932 [INFO] HTTP Request: POST http://localhost:8001/v1/chat/completions "HTTP/1.1 200 OK"
2026-08-28 21:43:53,133 [INFO] HTTP Request: POST http://localhost:8001/v1/chat/completions "HTTP/1.1 200 OK"
2026-08-28 21:43:53,133 [INFO] HTTP Request: POST http://localhost:8001/v1/chat/completions "HTTP/1.1 200 OK"
2026-08-28 21:43:53,234 [INFO] HTTP Request: POST http://localhost:8001/v1/chat/completions "HTTP/1.1 200 OK"
2026-08-28 21:43:53,235 [INFO] HTTP Request: POST http://localhost:8001/v1/chat/completions "HTTP/1.1 200 OK"
2026-08-28 21:43:53,737 [INFO] HTTP Request: POST http://localhost:8001/v1/chat/completions "HTTP/1.1 200 OK"
2026-08-28 21:43:54,333 [INFO] HTTP Request: POST http://localhost:8001/v1/chat/completions "HTTP/1.1 200 OK"
2026-08-28 21:43:54,828 [INFO] HTTP Request: POST http://localhost:8001/v1/chat/completions "HTTP/1.1 200 OK"
2026-08-28 21:43:54,829 [INFO] HTTP Request: POST http://localhost:8001/v1/chat/completions "HTTP/1.1 200 OK"
2026-08-28 21:43:55,316 [INFO] HTTP Request: POST http://localhost:8001/v1/chat/completions "HTTP/1.1 200 OK"
2026-08-28 21:43:56,090 [INFO] HTTP Request: POST http://localhost:8001/v1/chat/completions "HTTP/1.1 200 OK"
2026-08-28 21:43:56,476 [INFO] HTTP Request: POST http://localhost:8001/v1/chat/completions "HTTP/1.1 200 OK"
2026-08-28 21:43:58,111 [INFO] HTTP Request: POST http://localhost:8001/v1/chat/completions "HTTP/1.1 200 OK"
2026-08-28 21:43:59,923 [INFO] HTTP Request: POST http://localhost:8001/v1/chat/completions "HTTP/1.1 200 OK"
2026-08-28 21:44:04,342 [INFO] HTTP Request: POST http://localhost:8001/v1/chat/completions "HTTP/1.1 200 OK"
2026-08-28 21:44:23,532 [INFO] HTTP Request: POST http://localhost:8001/v1/chat/completions "HTTP/1.1 200 OK"
2026-08-28 21:44:29,137 [INFO] HTTP Request: POST http://localhost:8001/v1/chat/completions "HTTP/1.1 200 OK"
2026-08-28 21:44:29,603 [INFO] HTTP Request: POST http://localhost:8001/v1/chat/completions "HTTP/1.1 200 OK"
2026-08-28 21:44:33,355 [INFO] HTTP Request: POST http://localhost:8001/v1/chat/completions "HTTP/1.1 200 OK"
2026-08-28 21:44:33,356 [INFO] HTTP Request: POST http://localhost:8001/v1/chat/completions "HTTP/1.1 200 OK"
2026-08-28 21:44:33,898 [INFO] HTTP Request: POST http://localhost:8001/v1/chat/completions "HTTP/1.1 200 OK"
2026-08-28 21:44:34,461 [INFO] HTTP Request: POST http://localhost:8001/v1/chat/completions "HTTP/1.1 200 OK"
2026-08-28 21:44:34,519 [INFO]   💾 96/4921  [ok=96 skip=0 error=0]
2026-08-28 21:45:29,508 [INFO] HTTP Request: POST http://localhost:8001/v1/chat/completions "HTTP/1.1 200 OK"
2026-08-28 21:45:31,352 [INFO] HTTP Request: POST http://localhost:8001/v1/chat/completions "HTTP/1.1 200 OK"
2026-08-28 21:45:31,899 [INFO] HTTP Request: POST http://localhost:8001/v1/chat/completions "HTTP/1.1 200 OK"
2026-08-28 21:45:32,800 [INFO] HTTP Request: POST http://localhost:8001/v1/chat/completions "HTTP/1.1 200 OK"
2026-08-28 21:45:34,682 [INFO] HTTP Request: POST http://localhost:8001/v1/chat/completions "HTTP/1.1 200 OK"
2026-08-28 21:45:34,682 [INFO] HTTP Request: POST http://localhost:8001/v1/chat/completions "HTTP/1.1 200 OK"
2026-08-28 21:45:36,211 [INFO] HTTP Request: POST http://localhost:8001/v1/chat/completions "HTTP/1.1 200 OK"
2026-08-28 21:45:36,213 [INFO] HTTP Request: POST http://localhost:8001/v1/chat/completions "HTTP/1.1 200 OK"
2026-08-28 21:45:37,583 [INFO] HTTP Request: POST http://localhost:8001/v1/chat/completions "HTTP/1.1 200 OK"
2026-08-28 21:45:37,898 [INFO] HTTP Request: POST http://localhost:8001/v1/chat/completions "HTTP/1.1 200 OK"
2026-08-28 21:45:38,212 [INFO] HTTP Request: POST http://localhost:8001/v1/chat/completions "HTTP/1.1 200 OK"
2026-08-28 21:45:38,212 [INFO] HTTP Request: POST http://localhost:8001/v1/chat/completions "HTTP/1.1 200 OK"
2026-08-28 21:45:38,417 [INFO] HTTP Request: POST http://localhost:8001/v1/chat/completions "HTTP/1.1 200 OK"
2026-08-28 21:45:38,522 [INFO] HTTP Request: POST http://localhost:8001/v1/chat/completions "HTTP/1.1 200 OK"
2026-08-28 21:45:38,721 [INFO] HTTP Request: POST http://localhost:8001/v1/chat/completions "HTTP/1.1 200 OK"
2026-08-28 21:45:39,326 [INFO] HTTP Request: POST http://localhost:8001/v1/chat/completions "HTTP/1.1 200 OK"
2026-08-28 21:45:40,912 [INFO] HTTP Request: POST http://localhost:8001/v1/chat/completions "HTTP/1.1 200 OK"
2026-08-28 21:45:41,902 [INFO] HTTP Request: POST http://localhost:8001/v1/chat/completions "HTTP/1.1 200 OK"
2026-08-28 21:45:42,788 [INFO] HTTP Request: POST http://localhost:8001/v1/chat/completions "HTTP/1.1 200 OK"
2026-08-28 21:45:42,788 [INFO] HTTP Request: POST http://localhost:8001/v1/chat/completions "HTTP/1.1 200 OK"
2026-08-28 21:45:43,176 [INFO] HTTP Request: POST http://localhost:8001/v1/chat/completions "HTTP/1.1 200 OK"
2026-08-28 21:45:44,337 [INFO] HTTP Request: POST http://localhost:8001/v1/chat/completions "HTTP/1.1 200 OK"
2026-08-28 21:45:45,109 [INFO] HTTP Request: POST http://localhost:8001/v1/chat/completions "HTTP/1.1 200 OK"
2026-08-28 21:45:47,315 [INFO] HTTP Request: POST http://localhost:8001/v1/chat/completions "HTTP/1.1 200 OK"
2026-08-28 21:45:49,103 [INFO] HTTP Request: POST http://localhost:8001/v1/chat/completions "HTTP/1.1 200 OK"
2026-08-28 21:46:08,064 [INFO] HTTP Request: POST http://localhost:8001/v1/chat/completions "HTTP/1.1 200 OK"
2026-08-28 21:46:13,593 [INFO] HTTP Request: POST http://localhost:8001/v1/chat/completions "HTTP/1.1 200 OK"
2026-08-28 21:46:15,932 [INFO] HTTP Request: POST http://localhost:8001/v1/chat/completions "HTTP/1.1 200 OK"
2026-08-28 21:46:17,034 [INFO] HTTP Request: POST http://localhost:8001/v1/chat/completions "HTTP/1.1 200 OK"
2026-08-28 21:46:18,590 [INFO] HTTP Request: POST http://localhost:8001/v1/chat/completions "HTTP/1.1 200 OK"
2026-08-28 21:46:19,587 [INFO] HTTP Request: POST http://localhost:8001/v1/chat/completions "HTTP/1.1 200 OK"
2026-08-28 21:46:19,772 [INFO] HTTP Request: POST http://localhost:8001/v1/chat/completions "HTTP/1.1 200 OK"
2026-08-28 21:46:19,851 [INFO]   💾 128/4921  [ok=128 skip=0 error=0]
2026-08-28 21:47:15,664 [INFO] HTTP Request: POST http://localhost:8001/v1/chat/completions "HTTP/1.1 200 OK"
2026-08-28 21:47:15,665 [INFO] HTTP Request: POST http://localhost:8001/v1/chat/completions "HTTP/1.1 200 OK"
2026-08-28 21:47:16,214 [INFO] HTTP Request: POST http://localhost:8001/v1/chat/completions "HTTP/1.1 200 OK"
2026-08-28 21:47:17,995 [INFO] HTTP Request: POST http://localhost:8001/v1/chat/completions "HTTP/1.1 200 OK"
2026-08-28 21:47:19,111 [INFO] HTTP Request: POST http://localhost:8001/v1/chat/completions "HTTP/1.1 200 OK"
2026-08-28 21:47:19,215 [INFO] HTTP Request: POST http://localhost:8001/v1/chat/completions "HTTP/1.1 200 OK"
2026-08-28 21:47:20,125 [INFO] HTTP Request: POST http://localhost:8001/v1/chat/completions "HTTP/1.1 200 OK"
2026-08-28 21:47:20,126 [INFO] HTTP Request: POST http://localhost:8001/v1/chat/completions "HTTP/1.1 200 OK"
2026-08-28 21:47:20,302 [INFO] HTTP Request: POST http://localhost:8001/v1/chat/completions "HTTP/1.1 200 OK"
2026-08-28 21:47:20,741 [INFO] HTTP Request: POST http://localhost:8001/v1/chat/completions "HTTP/1.1 200 OK"
2026-08-28 21:47:21,200 [INFO] HTTP Request: POST http://localhost:8001/v1/chat/completions "HTTP/1.1 200 OK"
2026-08-28 21:47:22,092 [INFO] HTTP Request: POST http://localhost:8001/v1/chat/completions "HTTP/1.1 200 OK"
2026-08-28 21:47:22,295 [INFO] HTTP Request: POST http://localhost:8001/v1/chat/completions "HTTP/1.1 200 OK"
2026-08-28 21:47:22,497 [INFO] HTTP Request: POST http://localhost:8001/v1/chat/completions "HTTP/1.1 200 OK"
2026-08-28 21:47:22,903 [INFO] HTTP Request: POST http://localhost:8001/v1/chat/completions "HTTP/1.1 200 OK"
2026-08-28 21:47:22,904 [INFO] HTTP Request: POST http://localhost:8001/v1/chat/completions "HTTP/1.1 200 OK"
2026-08-28 21:47:22,904 [INFO] HTTP Request: POST http://localhost:8001/v1/chat/completions "HTTP/1.1 200 OK"
2026-08-28 21:47:22,904 [INFO] HTTP Request: POST http://localhost:8001/v1/chat/completions "HTTP/1.1 200 OK"
2026-08-28 21:47:23,891 [INFO] HTTP Request: POST http://localhost:8001/v1/chat/completions "HTTP/1.1 200 OK"
2026-08-28 21:47:24,283 [INFO] HTTP Request: POST http://localhost:8001/v1/chat/completions "HTTP/1.1 200 OK"
2026-08-28 21:47:24,864 [INFO] HTTP Request: POST http://localhost:8001/v1/chat/completions "HTTP/1.1 200 OK"
2026-08-28 21:47:25,057 [INFO] HTTP Request: POST http://localhost:8001/v1/chat/completions "HTTP/1.1 200 OK"
2026-08-28 21:47:25,635 [INFO] HTTP Request: POST http://localhost:8001/v1/chat/completions "HTTP/1.1 200 OK"
2026-08-28 21:47:27,164 [INFO] HTTP Request: POST http://localhost:8001/v1/chat/completions "HTTP/1.1 200 OK"
2026-08-28 21:47:27,165 [INFO] HTTP Request: POST http://localhost:8001/v1/chat/completions "HTTP/1.1 200 OK"
2026-08-28 21:47:31,483 [INFO] HTTP Request: POST http://localhost:8001/v1/chat/completions "HTTP/1.1 200 OK"
2026-08-28 21:47:35,789 [INFO] HTTP Request: POST http://localhost:8001/v1/chat/completions "HTTP/1.1 200 OK"
2026-08-28 21:47:51,098 [INFO] HTTP Request: POST http://localhost:8001/v1/chat/completions "HTTP/1.1 200 OK"
2026-08-28 21:47:58,343 [INFO] HTTP Request: POST http://localhost:8001/v1/chat/completions "HTTP/1.1 200 OK"
2026-08-28 21:47:59,350 [INFO] HTTP Request: POST http://localhost:8001/v1/chat/completions "HTTP/1.1 200 OK"
2026-08-28 21:48:00,980 [INFO] HTTP Request: POST http://localhost:8001/v1/chat/completions "HTTP/1.1 200 OK"
2026-08-28 21:48:02,014 [INFO] HTTP Request: POST http://localhost:8001/v1/chat/completions "HTTP/1.1 200 OK"
2026-08-28 21:48:02,086 [INFO]   💾 160/4921  [ok=160 skip=0 error=0]
2026-08-28 21:48:58,344 [INFO] HTTP Request: POST http://localhost:8001/v1/chat/completions "HTTP/1.1 200 OK"
2026-08-28 21:48:58,446 [INFO] HTTP Request: POST http://localhost:8001/v1/chat/completions "HTTP/1.1 200 OK"
2026-08-28 21:49:00,614 [INFO] HTTP Request: POST http://localhost:8001/v1/chat/completions "HTTP/1.1 200 OK"
2026-08-28 21:49:01,607 [INFO] HTTP Request: POST http://localhost:8001/v1/chat/completions "HTTP/1.1 200 OK"
2026-08-28 21:49:02,047 [INFO] HTTP Request: POST http://localhost:8001/v1/chat/completions "HTTP/1.1 200 OK"
2026-08-28 21:49:02,048 [INFO] HTTP Request: POST http://localhost:8001/v1/chat/completions "HTTP/1.1 200 OK"
2026-08-28 21:49:02,500 [INFO] HTTP Request: POST http://localhost:8001/v1/chat/completions "HTTP/1.1 200 OK"
2026-08-28 21:49:02,501 [INFO] HTTP Request: POST http://localhost:8001/v1/chat/completions "HTTP/1.1 200 OK"
2026-08-28 21:49:04,017 [INFO] HTTP Request: POST http://localhost:8001/v1/chat/completions "HTTP/1.1 200 OK"
2026-08-28 21:49:04,225 [INFO] HTTP Request: POST http://localhost:8001/v1/chat/completions "HTTP/1.1 200 OK"
2026-08-28 21:49:04,329 [INFO] HTTP Request: POST http://localhost:8001/v1/chat/completions "HTTP/1.1 200 OK"
2026-08-28 21:49:04,535 [INFO] HTTP Request: POST http://localhost:8001/v1/chat/completions "HTTP/1.1 200 OK"
2026-08-28 21:49:05,041 [INFO] HTTP Request: POST http://localhost:8001/v1/chat/completions "HTTP/1.1 200 OK"
2026-08-28 21:49:05,344 [INFO] HTTP Request: POST http://localhost:8001/v1/chat/completions "HTTP/1.1 200 OK"
2026-08-28 21:49:05,847 [INFO] HTTP Request: POST http://localhost:8001/v1/chat/completions "HTTP/1.1 200 OK"
2026-08-28 21:49:05,947 [INFO] HTTP Request: POST http://localhost:8001/v1/chat/completions "HTTP/1.1 200 OK"
2026-08-28 21:49:06,642 [INFO] HTTP Request: POST http://localhost:8001/v1/chat/completions "HTTP/1.1 200 OK"
2026-08-28 21:49:07,332 [INFO] HTTP Request: POST http://localhost:8001/v1/chat/completions "HTTP/1.1 200 OK"
2026-08-28 21:49:07,528 [INFO] HTTP Request: POST http://localhost:8001/v1/chat/completions "HTTP/1.1 200 OK"
2026-08-28 21:49:08,984 [INFO] HTTP Request: POST http://localhost:8001/v1/chat/completions "HTTP/1.1 200 OK"
2026-08-28 21:49:09,177 [INFO] HTTP Request: POST http://localhost:8001/v1/chat/completions "HTTP/1.1 200 OK"
2026-08-28 21:49:29,490 [INFO] HTTP Request: POST http://localhost:8001/v1/chat/completions "HTTP/1.1 200 OK"
2026-08-28 21:49:35,830 [INFO] HTTP Request: POST http://localhost:8001/v1/chat/completions "HTTP/1.1 200 OK"
2026-08-28 21:49:39,376 [INFO] HTTP Request: POST http://localhost:8001/v1/chat/completions "HTTP/1.1 200 OK"
2026-08-28 21:49:40,782 [INFO] HTTP Request: POST http://localhost:8001/v1/chat/completions "HTTP/1.1 200 OK"
2026-08-28 21:49:41,342 [INFO] HTTP Request: POST http://localhost:8001/v1/chat/completions "HTTP/1.1 200 OK"
2026-08-28 21:49:42,835 [INFO] HTTP Request: POST http://localhost:8001/v1/chat/completions "HTTP/1.1 200 OK"
2026-08-28 21:49:42,835 [INFO] HTTP Request: POST http://localhost:8001/v1/chat/completions "HTTP/1.1 200 OK"
2026-08-28 21:49:42,927 [INFO] HTTP Request: POST http://localhost:8001/v1/chat/completions "HTTP/1.1 200 OK"
2026-08-28 21:49:43,019 [INFO] HTTP Request: POST http://localhost:8001/v1/chat/completions "HTTP/1.1 200 OK"
2026-08-28 21:49:43,564 [INFO] HTTP Request: POST http://localhost:8001/v1/chat/completions "HTTP/1.1 200 OK"
2026-08-28 21:49:47,620 [INFO] HTTP Request: POST http://localhost:8001/v1/chat/completions "HTTP/1.1 200 OK"
2026-08-28 21:49:47,690 [INFO]   💾 192/4921  [ok=192 skip=0 error=0]
2026-08-28 21:50:40,939 [INFO] HTTP Request: POST http://localhost:8001/v1/chat/completions "HTTP/1.1 200 OK"
2026-08-28 21:50:43,128 [INFO] HTTP Request: POST http://localhost:8001/v1/chat/completions "HTTP/1.1 200 OK"
2026-08-28 21:50:44,465 [INFO] HTTP Request: POST http://localhost:8001/v1/chat/completions "HTTP/1.1 200 OK"
2026-08-28 21:50:44,466 [INFO] HTTP Request: POST http://localhost:8001/v1/chat/completions "HTTP/1.1 200 OK"
2026-08-28 21:50:44,570 [INFO] HTTP Request: POST http://localhost:8001/v1/chat/completions "HTTP/1.1 200 OK"
2026-08-28 21:50:45,928 [INFO] HTTP Request: POST http://localhost:8001/v1/chat/completions "HTTP/1.1 200 OK"
2026-08-28 21:50:46,393 [INFO] HTTP Request: POST http://localhost:8001/v1/chat/completions "HTTP/1.1 200 OK"
2026-08-28 21:50:47,549 [INFO] HTTP Request: POST http://localhost:8001/v1/chat/completions "HTTP/1.1 200 OK"
2026-08-28 21:50:49,300 [INFO] HTTP Request: POST http://localhost:8001/v1/chat/completions "HTTP/1.1 200 OK"
2026-08-28 21:50:49,930 [INFO] HTTP Request: POST http://localhost:8001/v1/chat/completions "HTTP/1.1 200 OK"
2026-08-28 21:50:50,350 [INFO] HTTP Request: POST http://localhost:8001/v1/chat/completions "HTTP/1.1 200 OK"
2026-08-28 21:50:50,557 [INFO] HTTP Request: POST http://localhost:8001/v1/chat/completions "HTTP/1.1 200 OK"
2026-08-28 21:50:50,761 [INFO] HTTP Request: POST http://localhost:8001/v1/chat/completions "HTTP/1.1 200 OK"
2026-08-28 21:50:51,167 [INFO] HTTP Request: POST http://localhost:8001/v1/chat/completions "HTTP/1.1 200 OK"
2026-08-28 21:50:51,575 [INFO] HTTP Request: POST http://localhost:8001/v1/chat/completions "HTTP/1.1 200 OK"
2026-08-28 21:50:52,689 [INFO] HTTP Request: POST http://localhost:8001/v1/chat/completions "HTTP/1.1 200 OK"
2026-08-28 21:50:53,187 [INFO] HTTP Request: POST http://localhost:8001/v1/chat/completions "HTTP/1.1 200 OK"
2026-08-28 21:50:53,485 [INFO] HTTP Request: POST http://localhost:8001/v1/chat/completions "HTTP/1.1 200 OK"
2026-08-28 21:50:53,584 [INFO] HTTP Request: POST http://localhost:8001/v1/chat/completions "HTTP/1.1 200 OK"
2026-08-28 21:50:53,782 [INFO] HTTP Request: POST http://localhost:8001/v1/chat/completions "HTTP/1.1 200 OK"
2026-08-28 21:50:53,879 [INFO] HTTP Request: POST http://localhost:8001/v1/chat/completions "HTTP/1.1 200 OK"
2026-08-28 21:50:53,977 [INFO] HTTP Request: POST http://localhost:8001/v1/chat/completions "HTTP/1.1 200 OK"
2026-08-28 21:50:53,978 [INFO] HTTP Request: POST http://localhost:8001/v1/chat/completions "HTTP/1.1 200 OK"
2026-08-28 21:50:54,362 [INFO] HTTP Request: POST http://localhost:8001/v1/chat/completions "HTTP/1.1 200 OK"
2026-08-28 21:50:56,247 [INFO] HTTP Request: POST http://localhost:8001/v1/chat/completions "HTTP/1.1 200 OK"
2026-08-28 21:50:56,435 [INFO] HTTP Request: POST http://localhost:8001/v1/chat/completions "HTTP/1.1 200 OK"
2026-08-28 21:50:56,997 [INFO] HTTP Request: POST http://localhost:8001/v1/chat/completions "HTTP/1.1 200 OK"
2026-08-28 21:51:09,896 [INFO] HTTP Request: POST http://localhost:8001/v1/chat/completions "HTTP/1.1 200 OK"
2026-08-28 21:51:21,636 [INFO] HTTP Request: POST http://localhost:8001/v1/chat/completions "HTTP/1.1 200 OK"
2026-08-28 21:51:27,404 [INFO] HTTP Request: POST http://localhost:8001/v1/chat/completions "HTTP/1.1 200 OK"
2026-08-28 21:51:31,748 [INFO] HTTP Request: POST http://localhost:8001/v1/chat/completions "HTTP/1.1 200 OK"
2026-08-28 21:51:45,722 [INFO] HTTP Request: POST http://localhost:8001/v1/chat/completions "HTTP/1.1 200 OK"
2026-08-28 21:51:45,797 [INFO]   💾 224/4921  [ok=224 skip=0 error=0]
2026-08-28 21:52:41,744 [INFO] HTTP Request: POST http://localhost:8001/v1/chat/completions "HTTP/1.1 200 OK"
2026-08-28 21:52:44,556 [INFO] HTTP Request: POST http://localhost:8001/v1/chat/completions "HTTP/1.1 200 OK"
2026-08-28 21:52:47,879 [INFO] HTTP Request: POST http://localhost:8001/v1/chat/completions "HTTP/1.1 200 OK"
2026-08-28 21:52:49,366 [INFO] HTTP Request: POST http://localhost:8001/v1/chat/completions "HTTP/1.1 200 OK"
2026-08-28 21:52:51,159 [INFO] HTTP Request: POST http://localhost:8001/v1/chat/completions "HTTP/1.1 200 OK"
2026-08-28 21:52:52,337 [INFO] HTTP Request: POST http://localhost:8001/v1/chat/completions "HTTP/1.1 200 OK"
2026-08-28 21:52:52,868 [INFO] HTTP Request: POST http://localhost:8001/v1/chat/completions "HTTP/1.1 200 OK"
2026-08-28 21:52:54,293 [INFO] HTTP Request: POST http://localhost:8001/v1/chat/completions "HTTP/1.1 200 OK"
2026-08-28 21:52:54,293 [INFO] HTTP Request: POST http://localhost:8001/v1/chat/completions "HTTP/1.1 200 OK"
2026-08-28 21:52:54,394 [INFO] HTTP Request: POST http://localhost:8001/v1/chat/completions "HTTP/1.1 200 OK"
2026-08-28 21:52:55,268 [INFO] HTTP Request: POST http://localhost:8001/v1/chat/completions "HTTP/1.1 200 OK"
2026-08-28 21:52:56,145 [INFO] HTTP Request: POST http://localhost:8001/v1/chat/completions "HTTP/1.1 200 OK"
2026-08-28 21:52:56,146 [INFO] HTTP Request: POST http://localhost:8001/v1/chat/completions "HTTP/1.1 200 OK"
2026-08-28 21:52:58,327 [INFO] HTTP Request: POST http://localhost:8001/v1/chat/completions "HTTP/1.1 200 OK"
2026-08-28 21:52:59,621 [INFO] HTTP Request: POST http://localhost:8001/v1/chat/completions "HTTP/1.1 200 OK"
2026-08-28 21:53:00,938 [INFO] HTTP Request: POST http://localhost:8001/v1/chat/completions "HTTP/1.1 200 OK"
2026-08-28 21:53:03,027 [INFO] HTTP Request: POST http://localhost:8001/v1/chat/completions "HTTP/1.1 200 OK"
2026-08-28 21:53:09,762 [INFO] HTTP Request: POST http://localhost:8001/v1/chat/completions "HTTP/1.1 200 OK"
2026-08-28 21:53:12,722 [INFO] HTTP Request: POST http://localhost:8001/v1/chat/completions "HTTP/1.1 200 OK"
2026-08-28 21:53:21,457 [INFO] HTTP Request: POST http://localhost:8001/v1/chat/completions "HTTP/1.1 200 OK"
2026-08-28 21:53:29,311 [INFO] HTTP Request: POST http://localhost:8001/v1/chat/completions "HTTP/1.1 200 OK"
2026-08-28 21:53:35,798 [INFO] HTTP Request: POST http://localhost:8001/v1/chat/completions "HTTP/1.1 200 OK"
2026-08-28 21:53:36,861 [INFO] HTTP Request: POST http://localhost:8001/v1/chat/completions "HTTP/1.1 200 OK"
2026-08-28 21:53:37,633 [INFO] HTTP Request: POST http://localhost:8001/v1/chat/completions "HTTP/1.1 200 OK"
2026-08-28 21:53:38,670 [INFO] HTTP Request: POST http://localhost:8001/v1/chat/completions "HTTP/1.1 200 OK"
2026-08-28 21:53:38,858 [INFO] HTTP Request: POST http://localhost:8001/v1/chat/completions "HTTP/1.1 200 OK"
2026-08-28 21:53:41,108 [INFO] HTTP Request: POST http://localhost:8001/v1/chat/completions "HTTP/1.1 200 OK"
2026-08-28 21:53:42,138 [INFO] HTTP Request: POST http://localhost:8001/v1/chat/completions "HTTP/1.1 200 OK"
2026-08-28 21:53:42,138 [INFO] HTTP Request: POST http://localhost:8001/v1/chat/completions "HTTP/1.1 200 OK"
2026-08-28 21:53:42,506 [INFO] HTTP Request: POST http://localhost:8001/v1/chat/completions "HTTP/1.1 200 OK"
2026-08-28 21:53:43,230 [INFO] HTTP Request: POST http://localhost:8001/v1/chat/completions "HTTP/1.1 200 OK"
2026-08-28 21:53:45,304 [INFO] HTTP Request: POST http://localhost:8001/v1/chat/completions "HTTP/1.1 200 OK"
2026-08-28 21:53:45,378 [INFO]   💾 256/4921  [ok=256 skip=0 error=0]
2026-08-28 21:54:42,339 [INFO] HTTP Request: POST http://localhost:8001/v1/chat/completions "HTTP/1.1 200 OK"
2026-08-28 21:54:44,132 [INFO] HTTP Request: POST http://localhost:8001/v1/chat/completions "HTTP/1.1 200 OK"
2026-08-28 21:54:45,311 [INFO] HTTP Request: POST http://localhost:8001/v1/chat/completions "HTTP/1.1 200 OK"
2026-08-28 21:54:47,819 [INFO] HTTP Request: POST http://localhost:8001/v1/chat/completions "HTTP/1.1 200 OK"
2026-08-28 21:54:48,802 [INFO] HTTP Request: POST http://localhost:8001/v1/chat/completions "HTTP/1.1 200 OK"
2026-08-28 21:54:50,550 [INFO] HTTP Request: POST http://localhost:8001/v1/chat/completions "HTTP/1.1 200 OK"
2026-08-28 21:54:52,411 [INFO] HTTP Request: POST http://localhost:8001/v1/chat/completions "HTTP/1.1 200 OK"
2026-08-28 21:54:52,511 [INFO] HTTP Request: POST http://localhost:8001/v1/chat/completions "HTTP/1.1 200 OK"
2026-08-28 21:54:53,397 [INFO] HTTP Request: POST http://localhost:8001/v1/chat/completions "HTTP/1.1 200 OK"
2026-08-28 21:54:55,142 [INFO] HTTP Request: POST http://localhost:8001/v1/chat/completions "HTTP/1.1 200 OK"
2026-08-28 21:54:56,305 [INFO] HTTP Request: POST http://localhost:8001/v1/chat/completions "HTTP/1.1 200 OK"
2026-08-28 21:54:58,004 [INFO] HTTP Request: POST http://localhost:8001/v1/chat/completions "HTTP/1.1 200 OK"
2026-08-28 21:54:58,106 [INFO] HTTP Request: POST http://localhost:8001/v1/chat/completions "HTTP/1.1 200 OK"
2026-08-28 21:54:59,338 [INFO] HTTP Request: POST http://localhost:8001/v1/chat/completions "HTTP/1.1 200 OK"
2026-08-28 21:54:59,845 [INFO] HTTP Request: POST http://localhost:8001/v1/chat/completions "HTTP/1.1 200 OK"
2026-08-28 21:55:00,251 [INFO] HTTP Request: POST http://localhost:8001/v1/chat/completions "HTTP/1.1 200 OK"
2026-08-28 21:55:00,452 [INFO] HTTP Request: POST http://localhost:8001/v1/chat/completions "HTTP/1.1 200 OK"
2026-08-28 21:55:00,948 [INFO] HTTP Request: POST http://localhost:8001/v1/chat/completions "HTTP/1.1 200 OK"
2026-08-28 21:55:04,005 [INFO] HTTP Request: POST http://localhost:8001/v1/chat/completions "HTTP/1.1 200 OK"
2026-08-28 21:55:15,585 [INFO] HTTP Request: POST http://localhost:8001/v1/chat/completions "HTTP/1.1 200 OK"
2026-08-28 21:55:30,719 [INFO] HTTP Request: POST http://localhost:8001/v1/chat/completions "HTTP/1.1 200 OK"
2026-08-28 21:55:32,173 [INFO] HTTP Request: POST http://localhost:8001/v1/chat/completions "HTTP/1.1 200 OK"
2026-08-28 21:55:32,849 [INFO] HTTP Request: POST http://localhost:8001/v1/chat/completions "HTTP/1.1 200 OK"
2026-08-28 21:55:36,996 [INFO] HTTP Request: POST http://localhost:8001/v1/chat/completions "HTTP/1.1 200 OK"
2026-08-28 21:55:38,128 [INFO] HTTP Request: POST http://localhost:8001/v1/chat/completions "HTTP/1.1 200 OK"
2026-08-28 21:55:38,129 [INFO] HTTP Request: POST http://localhost:8001/v1/chat/completions "HTTP/1.1 200 OK"
2026-08-28 21:55:40,096 [INFO] HTTP Request: POST http://localhost:8001/v1/chat/completions "HTTP/1.1 200 OK"
2026-08-28 21:55:40,658 [INFO] HTTP Request: POST http://localhost:8001/v1/chat/completions "HTTP/1.1 200 OK"
2026-08-28 21:55:40,751 [INFO] HTTP Request: POST http://localhost:8001/v1/chat/completions "HTTP/1.1 200 OK"
2026-08-28 21:55:42,125 [INFO] HTTP Request: POST http://localhost:8001/v1/chat/completions "HTTP/1.1 200 OK"
2026-08-28 21:55:43,664 [INFO] HTTP Request: POST http://localhost:8001/v1/chat/completions "HTTP/1.1 200 OK"
2026-08-28 21:55:44,226 [INFO] HTTP Request: POST http://localhost:8001/v1/chat/completions "HTTP/1.1 200 OK"
2026-08-28 21:55:44,291 [INFO]   💾 288/4921  [ok=288 skip=0 error=0]
2026-08-28 21:56:40,645 [INFO] HTTP Request: POST http://localhost:8001/v1/chat/completions "HTTP/1.1 200 OK"
2026-08-28 21:56:42,442 [INFO] HTTP Request: POST http://localhost:8001/v1/chat/completions "HTTP/1.1 200 OK"
2026-08-28 21:56:45,054 [INFO] HTTP Request: POST http://localhost:8001/v1/chat/completions "HTTP/1.1 200 OK"
2026-08-28 21:56:46,752 [INFO] HTTP Request: POST http://localhost:8001/v1/chat/completions "HTTP/1.1 200 OK"
2026-08-28 21:56:48,244 [INFO] HTTP Request: POST http://localhost:8001/v1/chat/completions "HTTP/1.1 200 OK"
2026-08-28 21:56:48,775 [INFO] HTTP Request: POST http://localhost:8001/v1/chat/completions "HTTP/1.1 200 OK"
2026-08-28 21:56:51,096 [INFO] HTTP Request: POST http://localhost:8001/v1/chat/completions "HTTP/1.1 200 OK"
2026-08-28 21:56:52,898 [INFO] HTTP Request: POST http://localhost:8001/v1/chat/completions "HTTP/1.1 200 OK"
2026-08-28 21:56:54,090 [INFO] HTTP Request: POST http://localhost:8001/v1/chat/completions "HTTP/1.1 200 OK"
2026-08-28 21:56:55,080 [INFO] HTTP Request: POST http://localhost:8001/v1/chat/completions "HTTP/1.1 200 OK"
2026-08-28 21:56:56,348 [INFO] HTTP Request: POST http://localhost:8001/v1/chat/completions "HTTP/1.1 200 OK"
2026-08-28 21:56:57,440 [INFO] HTTP Request: POST http://localhost:8001/v1/chat/completions "HTTP/1.1 200 OK"
2026-08-28 21:56:58,569 [INFO] HTTP Request: POST http://localhost:8001/v1/chat/completions "HTTP/1.1 200 OK"
2026-08-28 21:57:00,703 [INFO] HTTP Request: POST http://localhost:8001/v1/chat/completions "HTTP/1.1 200 OK"
2026-08-28 21:57:01,009 [INFO] HTTP Request: POST http://localhost:8001/v1/chat/completions "HTTP/1.1 200 OK"
2026-08-28 21:57:01,109 [INFO] HTTP Request: POST http://localhost:8001/v1/chat/completions "HTTP/1.1 200 OK"
2026-08-28 21:57:02,501 [INFO] HTTP Request: POST http://localhost:8001/v1/chat/completions "HTTP/1.1 200 OK"
2026-08-28 21:57:02,700 [INFO] HTTP Request: POST http://localhost:8001/v1/chat/completions "HTTP/1.1 200 OK"
2026-08-28 21:57:07,627 [INFO] HTTP Request: POST http://localhost:8001/v1/chat/completions "HTTP/1.1 200 OK"
2026-08-28 21:57:12,441 [INFO] HTTP Request: POST http://localhost:8001/v1/chat/completions "HTTP/1.1 200 OK"
2026-08-28 21:57:34,461 [INFO] HTTP Request: POST http://localhost:8001/v1/chat/completions "HTTP/1.1 200 OK"
2026-08-28 21:57:34,946 [INFO] HTTP Request: POST http://localhost:8001/v1/chat/completions "HTTP/1.1 200 OK"
2026-08-28 21:57:36,784 [INFO] HTTP Request: POST http://localhost:8001/v1/chat/completions "HTTP/1.1 200 OK"
2026-08-28 21:57:39,102 [INFO] HTTP Request: POST http://localhost:8001/v1/chat/completions "HTTP/1.1 200 OK"
2026-08-28 21:57:39,763 [INFO] HTTP Request: POST http://localhost:8001/v1/chat/completions "HTTP/1.1 200 OK"
2026-08-28 21:57:41,642 [INFO] HTTP Request: POST http://localhost:8001/v1/chat/completions "HTTP/1.1 200 OK"
2026-08-28 21:57:42,111 [INFO] HTTP Request: POST http://localhost:8001/v1/chat/completions "HTTP/1.1 200 OK"
2026-08-28 21:57:42,298 [INFO] HTTP Request: POST http://localhost:8001/v1/chat/completions "HTTP/1.1 200 OK"
2026-08-28 21:57:42,759 [INFO] HTTP Request: POST http://localhost:8001/v1/chat/completions "HTTP/1.1 200 OK"
2026-08-28 21:57:42,760 [INFO] HTTP Request: POST http://localhost:8001/v1/chat/completions "HTTP/1.1 200 OK"
2026-08-28 21:57:45,293 [INFO] HTTP Request: POST http://localhost:8001/v1/chat/completions "HTTP/1.1 200 OK"
2026-08-28 21:57:48,500 [INFO] HTTP Request: POST http://localhost:8001/v1/chat/completions "HTTP/1.1 200 OK"
2026-08-28 21:57:48,568 [INFO]   💾 320/4921  [ok=320 skip=0 error=0]
2026-08-28 21:58:46,653 [INFO] HTTP Request: POST http://localhost:8001/v1/chat/completions "HTTP/1.1 200 OK"
2026-08-28 21:58:50,085 [INFO] HTTP Request: POST http://localhost:8001/v1/chat/completions "HTTP/1.1 200 OK"
2026-08-28 21:58:50,187 [INFO] HTTP Request: POST http://localhost:8001/v1/chat/completions "HTTP/1.1 200 OK"
2026-08-28 21:58:51,066 [INFO] HTTP Request: POST http://localhost:8001/v1/chat/completions "HTTP/1.1 200 OK"
2026-08-28 21:58:51,949 [INFO] HTTP Request: POST http://localhost:8001/v1/chat/completions "HTTP/1.1 200 OK"
2026-08-28 21:58:52,381 [INFO] HTTP Request: POST http://localhost:8001/v1/chat/completions "HTTP/1.1 200 OK"
2026-08-28 21:58:54,840 [INFO] HTTP Request: POST http://localhost:8001/v1/chat/completions "HTTP/1.1 200 OK"
2026-08-28 21:58:55,371 [INFO] HTTP Request: POST http://localhost:8001/v1/chat/completions "HTTP/1.1 200 OK"
2026-08-28 21:58:55,823 [INFO] HTTP Request: POST http://localhost:8001/v1/chat/completions "HTTP/1.1 200 OK"
2026-08-28 21:58:58,632 [INFO] HTTP Request: POST http://localhost:8001/v1/chat/completions "HTTP/1.1 200 OK"
2026-08-28 21:59:00,210 [INFO] HTTP Request: POST http://localhost:8001/v1/chat/completions "HTTP/1.1 200 OK"
2026-08-28 21:59:01,198 [INFO] HTTP Request: POST http://localhost:8001/v1/chat/completions "HTTP/1.1 200 OK"
2026-08-28 21:59:02,472 [INFO] HTTP Request: POST http://localhost:8001/v1/chat/completions "HTTP/1.1 200 OK"
2026-08-28 21:59:03,286 [INFO] HTTP Request: POST http://localhost:8001/v1/chat/completions "HTTP/1.1 200 OK"
2026-08-28 21:59:03,387 [INFO] HTTP Request: POST http://localhost:8001/v1/chat/completions "HTTP/1.1 200 OK"
2026-08-28 21:59:04,301 [INFO] HTTP Request: POST http://localhost:8001/v1/chat/completions "HTTP/1.1 200 OK"
2026-08-28 21:59:04,800 [INFO] HTTP Request: POST http://localhost:8001/v1/chat/completions "HTTP/1.1 200 OK"
2026-08-28 21:59:07,773 [INFO] HTTP Request: POST http://localhost:8001/v1/chat/completions "HTTP/1.1 200 OK"
2026-08-28 21:59:11,225 [INFO] HTTP Request: POST http://localhost:8001/v1/chat/completions "HTTP/1.1 200 OK"
2026-08-28 21:59:16,234 [INFO] HTTP Request: POST http://localhost:8001/v1/chat/completions "HTTP/1.1 200 OK"
2026-08-28 21:59:38,847 [INFO] HTTP Request: POST http://localhost:8001/v1/chat/completions "HTTP/1.1 200 OK"
2026-08-28 21:59:40,690 [INFO] HTTP Request: POST http://localhost:8001/v1/chat/completions "HTTP/1.1 200 OK"
2026-08-28 21:59:43,400 [INFO] HTTP Request: POST http://localhost:8001/v1/chat/completions "HTTP/1.1 200 OK"
2026-08-28 21:59:44,077 [INFO] HTTP Request: POST http://localhost:8001/v1/chat/completions "HTTP/1.1 200 OK"
2026-08-28 21:59:44,739 [INFO] HTTP Request: POST http://localhost:8001/v1/chat/completions "HTTP/1.1 200 OK"
2026-08-28 21:59:45,209 [INFO] HTTP Request: POST http://localhost:8001/v1/chat/completions "HTTP/1.1 200 OK"
2026-08-28 21:59:45,772 [INFO] HTTP Request: POST http://localhost:8001/v1/chat/completions "HTTP/1.1 200 OK"
2026-08-28 21:59:46,146 [INFO] HTTP Request: POST http://localhost:8001/v1/chat/completions "HTTP/1.1 200 OK"
2026-08-28 21:59:48,167 [INFO] HTTP Request: POST http://localhost:8001/v1/chat/completions "HTTP/1.1 200 OK"
2026-08-28 21:59:48,441 [INFO] HTTP Request: POST http://localhost:8001/v1/chat/completions "HTTP/1.1 200 OK"
2026-08-28 21:59:48,532 [INFO] HTTP Request: POST http://localhost:8001/v1/chat/completions "HTTP/1.1 200 OK"
2026-08-28 21:59:50,323 [INFO] HTTP Request: POST http://localhost:8001/v1/chat/completions "HTTP/1.1 200 OK"
2026-08-28 21:59:50,391 [INFO]   💾 352/4921  [ok=352 skip=0 error=0]
2026-08-28 22:00:45,464 [INFO] HTTP Request: POST http://localhost:8001/v1/chat/completions "HTTP/1.1 200 OK"
2026-08-28 22:00:47,102 [INFO] HTTP Request: POST http://localhost:8001/v1/chat/completions "HTTP/1.1 200 OK"
2026-08-28 22:00:47,204 [INFO] HTTP Request: POST http://localhost:8001/v1/chat/completions "HTTP/1.1 200 OK"
2026-08-28 22:00:50,850 [INFO] HTTP Request: POST http://localhost:8001/v1/chat/completions "HTTP/1.1 200 OK"
2026-08-28 22:00:50,951 [INFO] HTTP Request: POST http://localhost:8001/v1/chat/completions "HTTP/1.1 200 OK"
2026-08-28 22:00:53,477 [INFO] HTTP Request: POST http://localhost:8001/v1/chat/completions "HTTP/1.1 200 OK"
2026-08-28 22:00:55,725 [INFO] HTTP Request: POST http://localhost:8001/v1/chat/completions "HTTP/1.1 200 OK"
2026-08-28 22:00:56,854 [INFO] HTTP Request: POST http://localhost:8001/v1/chat/completions "HTTP/1.1 200 OK"
2026-08-28 22:00:57,838 [INFO] HTTP Request: POST http://localhost:8001/v1/chat/completions "HTTP/1.1 200 OK"
2026-08-28 22:00:59,828 [INFO] HTTP Request: POST http://localhost:8001/v1/chat/completions "HTTP/1.1 200 OK"
2026-08-28 22:00:59,928 [INFO] HTTP Request: POST http://localhost:8001/v1/chat/completions "HTTP/1.1 200 OK"
2026-08-28 22:01:01,241 [INFO] HTTP Request: POST http://localhost:8001/v1/chat/completions "HTTP/1.1 200 OK"
2026-08-28 22:01:03,764 [INFO] HTTP Request: POST http://localhost:8001/v1/chat/completions "HTTP/1.1 200 OK"
2026-08-28 22:01:04,377 [INFO] HTTP Request: POST http://localhost:8001/v1/chat/completions "HTTP/1.1 200 OK"
2026-08-28 22:01:06,412 [INFO] HTTP Request: POST http://localhost:8001/v1/chat/completions "HTTP/1.1 200 OK"
2026-08-28 22:01:07,633 [INFO] HTTP Request: POST http://localhost:8001/v1/chat/completions "HTTP/1.1 200 OK"
2026-08-28 22:01:08,829 [INFO] HTTP Request: POST http://localhost:8001/v1/chat/completions "HTTP/1.1 200 OK"
2026-08-28 22:01:08,929 [INFO] HTTP Request: POST http://localhost:8001/v1/chat/completions "HTTP/1.1 200 OK"
2026-08-28 22:01:12,788 [INFO] HTTP Request: POST http://localhost:8001/v1/chat/completions "HTTP/1.1 200 OK"
2026-08-28 22:01:27,118 [INFO] HTTP Request: POST http://localhost:8001/v1/chat/completions "HTTP/1.1 200 OK"
2026-08-28 22:01:40,250 [INFO] HTTP Request: POST http://localhost:8001/v1/chat/completions "HTTP/1.1 200 OK"
2026-08-28 22:01:40,929 [INFO] HTTP Request: POST http://localhost:8001/v1/chat/completions "HTTP/1.1 200 OK"
2026-08-28 22:01:42,382 [INFO] HTTP Request: POST http://localhost:8001/v1/chat/completions "HTTP/1.1 200 OK"
2026-08-28 22:01:42,865 [INFO] HTTP Request: POST http://localhost:8001/v1/chat/completions "HTTP/1.1 200 OK"
2026-08-28 22:01:42,961 [INFO] HTTP Request: POST http://localhost:8001/v1/chat/completions "HTTP/1.1 200 OK"
2026-08-28 22:01:43,244 [INFO] HTTP Request: POST http://localhost:8001/v1/chat/completions "HTTP/1.1 200 OK"
2026-08-28 22:01:44,092 [INFO] HTTP Request: POST http://localhost:8001/v1/chat/completions "HTTP/1.1 200 OK"
2026-08-28 22:01:45,029 [INFO] HTTP Request: POST http://localhost:8001/v1/chat/completions "HTTP/1.1 200 OK"
2026-08-28 22:01:45,766 [INFO] HTTP Request: POST http://localhost:8001/v1/chat/completions "HTTP/1.1 200 OK"
2026-08-28 22:01:48,055 [INFO] HTTP Request: POST http://localhost:8001/v1/chat/completions "HTTP/1.1 200 OK"
2026-08-28 22:01:48,328 [INFO] HTTP Request: POST http://localhost:8001/v1/chat/completions "HTTP/1.1 200 OK"
2026-08-28 22:01:48,701 [INFO] HTTP Request: POST http://localhost:8001/v1/chat/completions "HTTP/1.1 200 OK"
2026-08-28 22:01:48,775 [INFO]   💾 384/4921  [ok=384 skip=0 error=0]
2026-08-28 22:02:43,135 [INFO] HTTP Request: POST http://localhost:8001/v1/chat/completions "HTTP/1.1 200 OK"
2026-08-28 22:02:46,006 [INFO] HTTP Request: POST http://localhost:8001/v1/chat/completions "HTTP/1.1 200 OK"
2026-08-28 22:02:47,957 [INFO] HTTP Request: POST http://localhost:8001/v1/chat/completions "HTTP/1.1 200 OK"
2026-08-28 22:02:50,012 [INFO] HTTP Request: POST http://localhost:8001/v1/chat/completions "HTTP/1.1 200 OK"
2026-08-28 22:02:51,862 [INFO] HTTP Request: POST http://localhost:8001/v1/chat/completions "HTTP/1.1 200 OK"
2026-08-28 22:02:53,303 [INFO] HTTP Request: POST http://localhost:8001/v1/chat/completions "HTTP/1.1 200 OK"
2026-08-28 22:02:54,448 [INFO] HTTP Request: POST http://localhost:8001/v1/chat/completions "HTTP/1.1 200 OK"
2026-08-28 22:02:56,190 [INFO] HTTP Request: POST http://localhost:8001/v1/chat/completions "HTTP/1.1 200 OK"
2026-08-28 22:02:58,957 [INFO] HTTP Request: POST http://localhost:8001/v1/chat/completions "HTTP/1.1 200 OK"
2026-08-28 22:02:59,942 [INFO] HTTP Request: POST http://localhost:8001/v1/chat/completions "HTTP/1.1 200 OK"
2026-08-28 22:03:01,123 [INFO] HTTP Request: POST http://localhost:8001/v1/chat/completions "HTTP/1.1 200 OK"
2026-08-28 22:03:01,652 [INFO] HTTP Request: POST http://localhost:8001/v1/chat/completions "HTTP/1.1 200 OK"
2026-08-28 22:03:02,541 [INFO] HTTP Request: POST http://localhost:8001/v1/chat/completions "HTTP/1.1 200 OK"
2026-08-28 22:03:03,877 [INFO] HTTP Request: POST http://localhost:8001/v1/chat/completions "HTTP/1.1 200 OK"
2026-08-28 22:03:04,791 [INFO] HTTP Request: POST http://localhost:8001/v1/chat/completions "HTTP/1.1 200 OK"
2026-08-28 22:03:05,300 [INFO] HTTP Request: POST http://localhost:8001/v1/chat/completions "HTTP/1.1 200 OK"
2026-08-28 22:03:06,899 [INFO] HTTP Request: POST http://localhost:8001/v1/chat/completions "HTTP/1.1 200 OK"
2026-08-28 22:03:07,098 [INFO] HTTP Request: POST http://localhost:8001/v1/chat/completions "HTTP/1.1 200 OK"
2026-08-28 22:03:08,881 [INFO] HTTP Request: POST http://localhost:8001/v1/chat/completions "HTTP/1.1 200 OK"
2026-08-28 22:03:27,573 [INFO] HTTP Request: POST http://localhost:8001/v1/chat/completions "HTTP/1.1 200 OK"
2026-08-28 22:03:35,846 [INFO] HTTP Request: POST http://localhost:8001/v1/chat/completions "HTTP/1.1 200 OK"
2026-08-28 22:03:37,303 [INFO] HTTP Request: POST http://localhost:8001/v1/chat/completions "HTTP/1.1 200 OK"
2026-08-28 22:03:37,497 [INFO] HTTP Request: POST http://localhost:8001/v1/chat/completions "HTTP/1.1 200 OK"
2026-08-28 22:03:42,722 [INFO] HTTP Request: POST http://localhost:8001/v1/chat/completions "HTTP/1.1 200 OK"
2026-08-28 22:03:43,292 [INFO] HTTP Request: POST http://localhost:8001/v1/chat/completions "HTTP/1.1 200 OK"
2026-08-28 22:03:44,046 [INFO] HTTP Request: POST http://localhost:8001/v1/chat/completions "HTTP/1.1 200 OK"
2026-08-28 22:03:45,645 [INFO] HTTP Request: POST http://localhost:8001/v1/chat/completions "HTTP/1.1 200 OK"
2026-08-28 22:03:46,767 [INFO] HTTP Request: POST http://localhost:8001/v1/chat/completions "HTTP/1.1 200 OK"
2026-08-28 22:03:49,430 [INFO] HTTP Request: POST http://localhost:8001/v1/chat/completions "HTTP/1.1 200 OK"
2026-08-28 22:03:50,621 [INFO] HTTP Request: POST http://localhost:8001/v1/chat/completions "HTTP/1.1 200 OK"
2026-08-28 22:03:50,622 [INFO] HTTP Request: POST http://localhost:8001/v1/chat/completions "HTTP/1.1 200 OK"
2026-08-28 22:03:51,659 [INFO] HTTP Request: POST http://localhost:8001/v1/chat/completions "HTTP/1.1 200 OK"
2026-08-28 22:03:51,735 [INFO]   💾 416/4921  [ok=416 skip=0 error=0]
2026-08-28 22:04:48,720 [INFO] HTTP Request: POST http://localhost:8001/v1/chat/completions "HTTP/1.1 200 OK"
2026-08-28 22:04:50,068 [INFO] HTTP Request: POST http://localhost:8001/v1/chat/completions "HTTP/1.1 200 OK"
2026-08-28 22:04:52,436 [INFO] HTTP Request: POST http://localhost:8001/v1/chat/completions "HTTP/1.1 200 OK"
2026-08-28 22:04:52,538 [INFO] HTTP Request: POST http://localhost:8001/v1/chat/completions "HTTP/1.1 200 OK"
2026-08-28 22:04:54,305 [INFO] HTTP Request: POST http://localhost:8001/v1/chat/completions "HTTP/1.1 200 OK"
2026-08-28 22:04:57,129 [INFO] HTTP Request: POST http://localhost:8001/v1/chat/completions "HTTP/1.1 200 OK"
2026-08-28 22:04:57,661 [INFO] HTTP Request: POST http://localhost:8001/v1/chat/completions "HTTP/1.1 200 OK"
2026-08-28 22:04:59,263 [INFO] HTTP Request: POST http://localhost:8001/v1/chat/completions "HTTP/1.1 200 OK"
2026-08-28 22:05:01,526 [INFO] HTTP Request: POST http://localhost:8001/v1/chat/completions "HTTP/1.1 200 OK"
2026-08-28 22:05:04,290 [INFO] HTTP Request: POST http://localhost:8001/v1/chat/completions "HTTP/1.1 200 OK"
2026-08-28 22:05:05,276 [INFO] HTTP Request: POST http://localhost:8001/v1/chat/completions "HTTP/1.1 200 OK"
2026-08-28 22:05:07,042 [INFO] HTTP Request: POST http://localhost:8001/v1/chat/completions "HTTP/1.1 200 OK"
2026-08-28 22:05:08,687 [INFO] HTTP Request: POST http://localhost:8001/v1/chat/completions "HTTP/1.1 200 OK"
2026-08-28 22:05:10,975 [INFO] HTTP Request: POST http://localhost:8001/v1/chat/completions "HTTP/1.1 200 OK"
2026-08-28 22:05:11,891 [INFO] HTTP Request: POST http://localhost:8001/v1/chat/completions "HTTP/1.1 200 OK"
2026-08-28 22:05:14,128 [INFO] HTTP Request: POST http://localhost:8001/v1/chat/completions "HTTP/1.1 200 OK"
2026-08-28 22:05:14,927 [INFO] HTTP Request: POST http://localhost:8001/v1/chat/completions "HTTP/1.1 200 OK"
2026-08-28 22:05:19,993 [INFO] HTTP Request: POST http://localhost:8001/v1/chat/completions "HTTP/1.1 200 OK"
2026-08-28 22:05:23,265 [INFO] HTTP Request: POST http://localhost:8001/v1/chat/completions "HTTP/1.1 200 OK"
2026-08-28 22:05:37,107 [INFO] HTTP Request: POST http://localhost:8001/v1/chat/completions "HTTP/1.1 200 OK"
2026-08-28 22:05:40,612 [INFO] HTTP Request: POST http://localhost:8001/v1/chat/completions "HTTP/1.1 200 OK"
2026-08-28 22:05:43,334 [INFO] HTTP Request: POST http://localhost:8001/v1/chat/completions "HTTP/1.1 200 OK"
2026-08-28 22:05:45,175 [INFO] HTTP Request: POST http://localhost:8001/v1/chat/completions "HTTP/1.1 200 OK"
2026-08-28 22:05:45,368 [INFO] HTTP Request: POST http://localhost:8001/v1/chat/completions "HTTP/1.1 200 OK"
2026-08-28 22:05:47,355 [INFO] HTTP Request: POST http://localhost:8001/v1/chat/completions "HTTP/1.1 200 OK"
2026-08-28 22:05:47,920 [INFO] HTTP Request: POST http://localhost:8001/v1/chat/completions "HTTP/1.1 200 OK"
2026-08-28 22:05:48,108 [INFO] HTTP Request: POST http://localhost:8001/v1/chat/completions "HTTP/1.1 200 OK"
2026-08-28 22:05:48,855 [INFO] HTTP Request: POST http://localhost:8001/v1/chat/completions "HTTP/1.1 200 OK"
2026-08-28 22:05:53,078 [INFO] HTTP Request: POST http://localhost:8001/v1/chat/completions "HTTP/1.1 200 OK"
2026-08-28 22:05:53,444 [INFO] HTTP Request: POST http://localhost:8001/v1/chat/completions "HTTP/1.1 200 OK"
2026-08-28 22:05:53,444 [INFO] HTTP Request: POST http://localhost:8001/v1/chat/completions "HTTP/1.1 200 OK"
2026-08-28 22:05:57,220 [INFO] HTTP Request: POST http://localhost:8001/v1/chat/completions "HTTP/1.1 200 OK"
2026-08-28 22:05:57,294 [INFO]   💾 448/4921  [ok=448 skip=0 error=0]
2026-08-28 22:06:55,379 [INFO] HTTP Request: POST http://localhost:8001/v1/chat/completions "HTTP/1.1 200 OK"
2026-08-28 22:06:57,244 [INFO] HTTP Request: POST http://localhost:8001/v1/chat/completions "HTTP/1.1 200 OK"
2026-08-28 22:06:58,226 [INFO] HTTP Request: POST http://localhost:8001/v1/chat/completions "HTTP/1.1 200 OK"
2026-08-28 22:07:00,708 [INFO] HTTP Request: POST http://localhost:8001/v1/chat/completions "HTTP/1.1 200 OK"
2026-08-28 22:07:00,709 [INFO] HTTP Request: POST http://localhost:8001/v1/chat/completions "HTTP/1.1 200 OK"
2026-08-28 22:07:03,782 [INFO] HTTP Request: POST http://localhost:8001/v1/chat/completions "HTTP/1.1 200 OK"
2026-08-28 22:07:03,884 [INFO] HTTP Request: POST http://localhost:8001/v1/chat/completions "HTTP/1.1 200 OK"
2026-08-28 22:07:07,254 [INFO] HTTP Request: POST http://localhost:8001/v1/chat/completions "HTTP/1.1 200 OK"
2026-08-28 22:07:08,498 [INFO] HTTP Request: POST http://localhost:8001/v1/chat/completions "HTTP/1.1 200 OK"
2026-08-28 22:07:09,484 [INFO] HTTP Request: POST http://localhost:8001/v1/chat/completions "HTTP/1.1 200 OK"
2026-08-28 22:07:11,560 [INFO] HTTP Request: POST http://localhost:8001/v1/chat/completions "HTTP/1.1 200 OK"
2026-08-28 22:07:12,704 [INFO] HTTP Request: POST http://localhost:8001/v1/chat/completions "HTTP/1.1 200 OK"
2026-08-28 22:07:14,780 [INFO] HTTP Request: POST http://localhost:8001/v1/chat/completions "HTTP/1.1 200 OK"
2026-08-28 22:07:16,969 [INFO] HTTP Request: POST http://localhost:8001/v1/chat/completions "HTTP/1.1 200 OK"
2026-08-28 22:07:18,802 [INFO] HTTP Request: POST http://localhost:8001/v1/chat/completions "HTTP/1.1 200 OK"
2026-08-28 22:07:20,533 [INFO] HTTP Request: POST http://localhost:8001/v1/chat/completions "HTTP/1.1 200 OK"
2026-08-28 22:07:23,722 [INFO] HTTP Request: POST http://localhost:8001/v1/chat/completions "HTTP/1.1 200 OK"
2026-08-28 22:07:25,412 [INFO] HTTP Request: POST http://localhost:8001/v1/chat/completions "HTTP/1.1 200 OK"
2026-08-28 22:07:28,488 [INFO] HTTP Request: POST http://localhost:8001/v1/chat/completions "HTTP/1.1 200 OK"
2026-08-28 22:07:47,257 [INFO] HTTP Request: POST http://localhost:8001/v1/chat/completions "HTTP/1.1 200 OK"
2026-08-28 22:07:49,599 [INFO] HTTP Request: POST http://localhost:8001/v1/chat/completions "HTTP/1.1 200 OK"
2026-08-28 22:07:53,492 [INFO] HTTP Request: POST http://localhost:8001/v1/chat/completions "HTTP/1.1 200 OK"
2026-08-28 22:07:53,782 [INFO] HTTP Request: POST http://localhost:8001/v1/chat/completions "HTTP/1.1 200 OK"
2026-08-28 22:07:55,422 [INFO] HTTP Request: POST http://localhost:8001/v1/chat/completions "HTTP/1.1 200 OK"
2026-08-28 22:07:56,085 [INFO] HTTP Request: POST http://localhost:8001/v1/chat/completions "HTTP/1.1 200 OK"
2026-08-28 22:07:58,160 [INFO] HTTP Request: POST http://localhost:8001/v1/chat/completions "HTTP/1.1 200 OK"
2026-08-28 22:07:58,631 [INFO] HTTP Request: POST http://localhost:8001/v1/chat/completions "HTTP/1.1 200 OK"
2026-08-28 22:08:01,158 [INFO] HTTP Request: POST http://localhost:8001/v1/chat/completions "HTTP/1.1 200 OK"
2026-08-28 22:08:01,985 [INFO] HTTP Request: POST http://localhost:8001/v1/chat/completions "HTTP/1.1 200 OK"
2026-08-28 22:08:02,992 [INFO] HTTP Request: POST http://localhost:8001/v1/chat/completions "HTTP/1.1 200 OK"
2026-08-28 22:08:05,798 [INFO] HTTP Request: POST http://localhost:8001/v1/chat/completions "HTTP/1.1 200 OK"
2026-08-28 22:08:06,078 [INFO] HTTP Request: POST http://localhost:8001/v1/chat/completions "HTTP/1.1 200 OK"
2026-08-28 22:08:06,154 [INFO]   💾 480/4921  [ok=480 skip=0 error=0]
2026-08-28 22:09:02,191 [INFO] HTTP Request: POST http://localhost:8001/v1/chat/completions "HTTP/1.1 200 OK"
2026-08-28 22:09:03,535 [INFO] HTTP Request: POST http://localhost:8001/v1/chat/completions "HTTP/1.1 200 OK"
2026-08-28 22:09:04,880 [INFO] HTTP Request: POST http://localhost:8001/v1/chat/completions "HTTP/1.1 200 OK"
2026-08-28 22:09:06,937 [INFO] HTTP Request: POST http://localhost:8001/v1/chat/completions "HTTP/1.1 200 OK"
2026-08-28 22:09:08,898 [INFO] HTTP Request: POST http://localhost:8001/v1/chat/completions "HTTP/1.1 200 OK"
2026-08-28 22:09:09,000 [INFO] HTTP Request: POST http://localhost:8001/v1/chat/completions "HTTP/1.1 200 OK"
2026-08-28 22:09:12,795 [INFO] HTTP Request: POST http://localhost:8001/v1/chat/completions "HTTP/1.1 200 OK"
2026-08-28 22:09:14,049 [INFO] HTTP Request: POST http://localhost:8001/v1/chat/completions "HTTP/1.1 200 OK"
2026-08-28 22:09:16,426 [INFO] HTTP Request: POST http://localhost:8001/v1/chat/completions "HTTP/1.1 200 OK"
2026-08-28 22:09:17,673 [INFO] HTTP Request: POST http://localhost:8001/v1/chat/completions "HTTP/1.1 200 OK"
2026-08-28 22:09:19,651 [INFO] HTTP Request: POST http://localhost:8001/v1/chat/completions "HTTP/1.1 200 OK"
2026-08-28 22:09:21,467 [INFO] HTTP Request: POST http://localhost:8001/v1/chat/completions "HTTP/1.1 200 OK"
2026-08-28 22:09:22,000 [INFO] HTTP Request: POST http://localhost:8001/v1/chat/completions "HTTP/1.1 200 OK"
2026-08-28 22:09:23,542 [INFO] HTTP Request: POST http://localhost:8001/v1/chat/completions "HTTP/1.1 200 OK"
2026-08-28 22:09:23,951 [INFO] HTTP Request: POST http://localhost:8001/v1/chat/completions "HTTP/1.1 200 OK"
2026-08-28 22:09:24,767 [INFO] HTTP Request: POST http://localhost:8001/v1/chat/completions "HTTP/1.1 200 OK"
2026-08-28 22:09:25,766 [INFO] HTTP Request: POST http://localhost:8001/v1/chat/completions "HTTP/1.1 200 OK"
2026-08-28 22:09:28,056 [INFO] HTTP Request: POST http://localhost:8001/v1/chat/completions "HTTP/1.1 200 OK"
2026-08-28 22:09:48,723 [INFO] HTTP Request: POST http://localhost:8001/v1/chat/completions "HTTP/1.1 200 OK"
2026-08-28 22:09:59,576 [INFO] HTTP Request: POST http://localhost:8001/v1/chat/completions "HTTP/1.1 200 OK"
2026-08-28 22:10:00,165 [INFO] HTTP Request: POST http://localhost:8001/v1/chat/completions "HTTP/1.1 200 OK"
2026-08-28 22:10:00,262 [INFO] HTTP Request: POST http://localhost:8001/v1/chat/completions "HTTP/1.1 200 OK"
2026-08-28 22:10:00,360 [INFO] HTTP Request: POST http://localhost:8001/v1/chat/completions "HTTP/1.1 200 OK"
2026-08-28 22:10:00,361 [INFO] HTTP Request: POST http://localhost:8001/v1/chat/completions "HTTP/1.1 200 OK"
2026-08-28 22:10:00,363 [INFO] HTTP Request: POST http://localhost:8001/v1/chat/completions "HTTP/1.1 200 OK"
2026-08-28 22:10:01,872 [INFO] HTTP Request: POST http://localhost:8001/v1/chat/completions "HTTP/1.1 200 OK"
2026-08-28 22:10:02,436 [INFO] HTTP Request: POST http://localhost:8001/v1/chat/completions "HTTP/1.1 200 OK"
2026-08-28 22:10:04,965 [INFO] HTTP Request: POST http://localhost:8001/v1/chat/completions "HTTP/1.1 200 OK"
2026-08-28 22:10:05,334 [INFO] HTTP Request: POST http://localhost:8001/v1/chat/completions "HTTP/1.1 200 OK"
2026-08-28 22:10:05,791 [INFO] HTTP Request: POST http://localhost:8001/v1/chat/completions "HTTP/1.1 200 OK"
2026-08-28 22:10:09,140 [INFO] HTTP Request: POST http://localhost:8001/v1/chat/completions "HTTP/1.1 200 OK"
2026-08-28 22:10:12,640 [INFO] HTTP Request: POST http://localhost:8001/v1/chat/completions "HTTP/1.1 200 OK"
2026-08-28 22:10:12,719 [INFO]   💾 512/4921  [ok=512 skip=0 error=0]
2026-08-28 22:11:06,206 [INFO] HTTP Request: POST http://localhost:8001/v1/chat/completions "HTTP/1.1 200 OK"
2026-08-28 22:11:10,213 [INFO] HTTP Request: POST http://localhost:8001/v1/chat/completions "HTTP/1.1 200 OK"
2026-08-28 22:11:13,303 [INFO] HTTP Request: POST http://localhost:8001/v1/chat/completions "HTTP/1.1 200 OK"
2026-08-28 22:11:15,574 [INFO] HTTP Request: POST http://localhost:8001/v1/chat/completions "HTTP/1.1 200 OK"
2026-08-28 22:11:15,676 [INFO] HTTP Request: POST http://localhost:8001/v1/chat/completions "HTTP/1.1 200 OK"
2026-08-28 22:11:16,104 [INFO] HTTP Request: POST http://localhost:8001/v1/chat/completions "HTTP/1.1 200 OK"
2026-08-28 22:11:18,308 [INFO] HTTP Request: POST http://localhost:8001/v1/chat/completions "HTTP/1.1 200 OK"
2026-08-28 22:11:20,369 [INFO] HTTP Request: POST http://localhost:8001/v1/chat/completions "HTTP/1.1 200 OK"
2026-08-28 22:11:21,625 [INFO] HTTP Request: POST http://localhost:8001/v1/chat/completions "HTTP/1.1 200 OK"
2026-08-28 22:11:22,991 [INFO] HTTP Request: POST http://localhost:8001/v1/chat/completions "HTTP/1.1 200 OK"
2026-08-28 22:11:24,152 [INFO] HTTP Request: POST http://localhost:8001/v1/chat/completions "HTTP/1.1 200 OK"
2026-08-28 22:11:25,660 [INFO] HTTP Request: POST http://localhost:8001/v1/chat/completions "HTTP/1.1 200 OK"
2026-08-28 22:11:27,221 [INFO] HTTP Request: POST http://localhost:8001/v1/chat/completions "HTTP/1.1 200 OK"
2026-08-28 22:11:30,427 [INFO] HTTP Request: POST http://localhost:8001/v1/chat/completions "HTTP/1.1 200 OK"
2026-08-28 22:11:30,631 [INFO] HTTP Request: POST http://localhost:8001/v1/chat/completions "HTTP/1.1 200 OK"
2026-08-28 22:11:32,158 [INFO] HTTP Request: POST http://localhost:8001/v1/chat/completions "HTTP/1.1 200 OK"
2026-08-28 22:11:34,356 [INFO] HTTP Request: POST http://localhost:8001/v1/chat/completions "HTTP/1.1 200 OK"
2026-08-28 22:11:36,146 [INFO] HTTP Request: POST http://localhost:8001/v1/chat/completions "HTTP/1.1 200 OK"
2026-08-28 22:11:48,052 [INFO] HTTP Request: POST http://localhost:8001/v1/chat/completions "HTTP/1.1 200 OK"
2026-08-28 22:12:01,446 [INFO] HTTP Request: POST http://localhost:8001/v1/chat/completions "HTTP/1.1 200 OK"
2026-08-28 22:12:03,791 [INFO] HTTP Request: POST http://localhost:8001/v1/chat/completions "HTTP/1.1 200 OK"
2026-08-28 22:12:06,906 [INFO] HTTP Request: POST http://localhost:8001/v1/chat/completions "HTTP/1.1 200 OK"
2026-08-28 22:12:08,652 [INFO] HTTP Request: POST http://localhost:8001/v1/chat/completions "HTTP/1.1 200 OK"
2026-08-28 22:12:09,232 [INFO] HTTP Request: POST http://localhost:8001/v1/chat/completions "HTTP/1.1 200 OK"
2026-08-28 22:12:09,707 [INFO] HTTP Request: POST http://localhost:8001/v1/chat/completions "HTTP/1.1 200 OK"
2026-08-28 22:12:11,027 [INFO] HTTP Request: POST http://localhost:8001/v1/chat/completions "HTTP/1.1 200 OK"
2026-08-28 22:12:14,036 [INFO] HTTP Request: POST http://localhost:8001/v1/chat/completions "HTTP/1.1 200 OK"
2026-08-28 22:12:15,441 [INFO] HTTP Request: POST http://localhost:8001/v1/chat/completions "HTTP/1.1 200 OK"
2026-08-28 22:12:16,177 [INFO] HTTP Request: POST http://localhost:8001/v1/chat/completions "HTTP/1.1 200 OK"
2026-08-28 22:12:16,360 [INFO] HTTP Request: POST http://localhost:8001/v1/chat/completions "HTTP/1.1 200 OK"
2026-08-28 22:12:17,719 [INFO] HTTP Request: POST http://localhost:8001/v1/chat/completions "HTTP/1.1 200 OK"
2026-08-28 22:12:17,719 [INFO] HTTP Request: POST http://localhost:8001/v1/chat/completions "HTTP/1.1 200 OK"
2026-08-28 22:12:17,807 [INFO]   💾 544/4921  [ok=544 skip=0 error=0]
2026-08-28 22:13:14,248 [INFO] HTTP Request: POST http://localhost:8001/v1/chat/completions "HTTP/1.1 200 OK"
2026-08-28 22:13:15,401 [INFO] HTTP Request: POST http://localhost:8001/v1/chat/completions "HTTP/1.1 200 OK"
2026-08-28 22:13:16,855 [INFO] HTTP Request: POST http://localhost:8001/v1/chat/completions "HTTP/1.1 200 OK"
2026-08-28 22:13:16,956 [INFO] HTTP Request: POST http://localhost:8001/v1/chat/completions "HTTP/1.1 200 OK"
2026-08-28 22:13:20,882 [INFO] HTTP Request: POST http://localhost:8001/v1/chat/completions "HTTP/1.1 200 OK"
2026-08-28 22:13:20,984 [INFO] HTTP Request: POST http://localhost:8001/v1/chat/completions "HTTP/1.1 200 OK"
2026-08-28 22:13:23,259 [INFO] HTTP Request: POST http://localhost:8001/v1/chat/completions "HTTP/1.1 200 OK"
2026-08-28 22:13:24,241 [INFO] HTTP Request: POST http://localhost:8001/v1/chat/completions "HTTP/1.1 200 OK"
2026-08-28 22:13:27,194 [INFO] HTTP Request: POST http://localhost:8001/v1/chat/completions "HTTP/1.1 200 OK"
2026-08-28 22:13:27,727 [INFO] HTTP Request: POST http://localhost:8001/v1/chat/completions "HTTP/1.1 200 OK"
2026-08-28 22:13:28,181 [INFO] HTTP Request: POST http://localhost:8001/v1/chat/completions "HTTP/1.1 200 OK"
2026-08-28 22:13:31,015 [INFO] HTTP Request: POST http://localhost:8001/v1/chat/completions "HTTP/1.1 200 OK"
2026-08-28 22:13:32,625 [INFO] HTTP Request: POST http://localhost:8001/v1/chat/completions "HTTP/1.1 200 OK"
2026-08-28 22:13:33,157 [INFO] HTTP Request: POST http://localhost:8001/v1/chat/completions "HTTP/1.1 200 OK"
2026-08-28 22:13:33,611 [INFO] HTTP Request: POST http://localhost:8001/v1/chat/completions "HTTP/1.1 200 OK"
2026-08-28 22:13:36,522 [INFO] HTTP Request: POST http://localhost:8001/v1/chat/completions "HTTP/1.1 200 OK"
2026-08-28 22:13:36,823 [INFO] HTTP Request: POST http://localhost:8001/v1/chat/completions "HTTP/1.1 200 OK"
2026-08-28 22:13:37,819 [INFO] HTTP Request: POST http://localhost:8001/v1/chat/completions "HTTP/1.1 200 OK"
2026-08-28 22:13:53,691 [INFO] HTTP Request: POST http://localhost:8001/v1/chat/completions "HTTP/1.1 200 OK"
2026-08-28 22:14:08,280 [INFO] HTTP Request: POST http://localhost:8001/v1/chat/completions "HTTP/1.1 200 OK"
2026-08-28 22:14:08,280 [INFO] HTTP Request: POST http://localhost:8001/v1/chat/completions "HTTP/1.1 200 OK"
2026-08-28 22:14:11,493 [INFO] HTTP Request: POST http://localhost:8001/v1/chat/completions "HTTP/1.1 200 OK"
2026-08-28 22:14:12,559 [INFO] HTTP Request: POST http://localhost:8001/v1/chat/completions "HTTP/1.1 200 OK"
2026-08-28 22:14:13,817 [INFO] HTTP Request: POST http://localhost:8001/v1/chat/completions "HTTP/1.1 200 OK"
2026-08-28 22:14:14,102 [INFO] HTTP Request: POST http://localhost:8001/v1/chat/completions "HTTP/1.1 200 OK"
2026-08-28 22:14:15,423 [INFO] HTTP Request: POST http://localhost:8001/v1/chat/completions "HTTP/1.1 200 OK"
2026-08-28 22:14:15,612 [INFO] HTTP Request: POST http://localhost:8001/v1/chat/completions "HTTP/1.1 200 OK"
2026-08-28 22:14:15,893 [INFO] HTTP Request: POST http://localhost:8001/v1/chat/completions "HTTP/1.1 200 OK"
2026-08-28 22:14:15,986 [INFO] HTTP Request: POST http://localhost:8001/v1/chat/completions "HTTP/1.1 200 OK"
2026-08-28 22:14:17,085 [INFO] HTTP Request: POST http://localhost:8001/v1/chat/completions "HTTP/1.1 200 OK"
2026-08-28 22:14:17,268 [INFO] HTTP Request: POST http://localhost:8001/v1/chat/completions "HTTP/1.1 200 OK"
2026-08-28 22:14:21,419 [INFO] HTTP Request: POST http://localhost:8001/v1/chat/completions "HTTP/1.1 200 OK"
2026-08-28 22:14:21,489 [INFO]   💾 576/4921  [ok=576 skip=0 error=0]
2026-08-28 22:15:17,262 [INFO] HTTP Request: POST http://localhost:8001/v1/chat/completions "HTTP/1.1 200 OK"
2026-08-28 22:15:20,159 [INFO] HTTP Request: POST http://localhost:8001/v1/chat/completions "HTTP/1.1 200 OK"
2026-08-28 22:15:20,262 [INFO] HTTP Request: POST http://localhost:8001/v1/chat/completions "HTTP/1.1 200 OK"
2026-08-28 22:15:20,691 [INFO] HTTP Request: POST http://localhost:8001/v1/chat/completions "HTTP/1.1 200 OK"
2026-08-28 22:15:21,572 [INFO] HTTP Request: POST http://localhost:8001/v1/chat/completions "HTTP/1.1 200 OK"
2026-08-28 22:15:21,574 [INFO] HTTP Request: POST http://localhost:8001/v1/chat/completions "HTTP/1.1 200 OK"
2026-08-28 22:15:21,574 [INFO] HTTP Request: POST http://localhost:8001/v1/chat/completions "HTTP/1.1 200 OK"
2026-08-28 22:15:25,077 [INFO] HTTP Request: POST http://localhost:8001/v1/chat/completions "HTTP/1.1 200 OK"
2026-08-28 22:15:26,398 [INFO] HTTP Request: POST http://localhost:8001/v1/chat/completions "HTTP/1.1 200 OK"
2026-08-28 22:15:28,140 [INFO] HTTP Request: POST http://localhost:8001/v1/chat/completions "HTTP/1.1 200 OK"
2026-08-28 22:15:28,589 [INFO] HTTP Request: POST http://localhost:8001/v1/chat/completions "HTTP/1.1 200 OK"
2026-08-28 22:15:29,475 [INFO] HTTP Request: POST http://localhost:8001/v1/chat/completions "HTTP/1.1 200 OK"
2026-08-28 22:15:29,919 [INFO] HTTP Request: POST http://localhost:8001/v1/chat/completions "HTTP/1.1 200 OK"
2026-08-28 22:15:33,190 [INFO] HTTP Request: POST http://localhost:8001/v1/chat/completions "HTTP/1.1 200 OK"
2026-08-28 22:15:34,106 [INFO] HTTP Request: POST http://localhost:8001/v1/chat/completions "HTTP/1.1 200 OK"
2026-08-28 22:15:34,310 [INFO] HTTP Request: POST http://localhost:8001/v1/chat/completions "HTTP/1.1 200 OK"
2026-08-28 22:15:34,910 [INFO] HTTP Request: POST http://localhost:8001/v1/chat/completions "HTTP/1.1 200 OK"
2026-08-28 22:15:37,696 [INFO] HTTP Request: POST http://localhost:8001/v1/chat/completions "HTTP/1.1 200 OK"
2026-08-28 22:16:01,948 [INFO] HTTP Request: POST http://localhost:8001/v1/chat/completions "HTTP/1.1 200 OK"
2026-08-28 22:16:09,350 [INFO] HTTP Request: POST http://localhost:8001/v1/chat/completions "HTTP/1.1 200 OK"
2026-08-28 22:16:09,546 [INFO] HTTP Request: POST http://localhost:8001/v1/chat/completions "HTTP/1.1 200 OK"
2026-08-28 22:16:10,326 [INFO] HTTP Request: POST http://localhost:8001/v1/chat/completions "HTTP/1.1 200 OK"
2026-08-28 22:16:12,071 [INFO] HTTP Request: POST http://localhost:8001/v1/chat/completions "HTTP/1.1 200 OK"
2026-08-28 22:16:12,363 [INFO] HTTP Request: POST http://localhost:8001/v1/chat/completions "HTTP/1.1 200 OK"
2026-08-28 22:16:12,459 [INFO] HTTP Request: POST http://localhost:8001/v1/chat/completions "HTTP/1.1 200 OK"
2026-08-28 22:16:13,402 [INFO] HTTP Request: POST http://localhost:8001/v1/chat/completions "HTTP/1.1 200 OK"
2026-08-28 22:16:13,873 [INFO] HTTP Request: POST http://localhost:8001/v1/chat/completions "HTTP/1.1 200 OK"
2026-08-28 22:16:15,652 [INFO] HTTP Request: POST http://localhost:8001/v1/chat/completions "HTTP/1.1 200 OK"
2026-08-28 22:16:16,112 [INFO] HTTP Request: POST http://localhost:8001/v1/chat/completions "HTTP/1.1 200 OK"
2026-08-28 22:16:19,134 [INFO] HTTP Request: POST http://localhost:8001/v1/chat/completions "HTTP/1.1 200 OK"
2026-08-28 22:16:19,770 [INFO] HTTP Request: POST http://localhost:8001/v1/chat/completions "HTTP/1.1 200 OK"
2026-08-28 22:16:20,993 [INFO] HTTP Request: POST http://localhost:8001/v1/chat/completions "HTTP/1.1 200 OK"
2026-08-28 22:16:21,072 [INFO]   💾 608/4921  [ok=608 skip=0 error=0]
2026-08-28 22:17:17,760 [INFO] HTTP Request: POST http://localhost:8001/v1/chat/completions "HTTP/1.1 200 OK"
2026-08-28 22:17:21,216 [INFO] HTTP Request: POST http://localhost:8001/v1/chat/completions "HTTP/1.1 200 OK"
2026-08-28 22:17:22,640 [INFO] HTTP Request: POST http://localhost:8001/v1/chat/completions "HTTP/1.1 200 OK"
2026-08-28 22:17:24,490 [INFO] HTTP Request: POST http://localhost:8001/v1/chat/completions "HTTP/1.1 200 OK"
2026-08-28 22:17:24,491 [INFO] HTTP Request: POST http://localhost:8001/v1/chat/completions "HTTP/1.1 200 OK"
2026-08-28 22:17:24,492 [INFO] HTTP Request: POST http://localhost:8001/v1/chat/completions "HTTP/1.1 200 OK"
2026-08-28 22:17:30,810 [INFO] HTTP Request: POST http://localhost:8001/v1/chat/completions "HTTP/1.1 200 OK"
2026-08-28 22:17:30,911 [INFO] HTTP Request: POST http://localhost:8001/v1/chat/completions "HTTP/1.1 200 OK"
2026-08-28 22:17:32,235 [INFO] HTTP Request: POST http://localhost:8001/v1/chat/completions "HTTP/1.1 200 OK"
2026-08-28 22:17:34,796 [INFO] HTTP Request: POST http://localhost:8001/v1/chat/completions "HTTP/1.1 200 OK"
2026-08-28 22:17:35,002 [INFO] HTTP Request: POST http://localhost:8001/v1/chat/completions "HTTP/1.1 200 OK"
2026-08-28 22:17:35,003 [INFO] HTTP Request: POST http://localhost:8001/v1/chat/completions "HTTP/1.1 200 OK"
2026-08-28 22:17:37,572 [INFO] HTTP Request: POST http://localhost:8001/v1/chat/completions "HTTP/1.1 200 OK"
2026-08-28 22:17:38,848 [INFO] HTTP Request: POST http://localhost:8001/v1/chat/completions "HTTP/1.1 200 OK"
2026-08-28 22:17:40,039 [INFO] HTTP Request: POST http://localhost:8001/v1/chat/completions "HTTP/1.1 200 OK"
2026-08-28 22:17:42,490 [INFO] HTTP Request: POST http://localhost:8001/v1/chat/completions "HTTP/1.1 200 OK"
2026-08-28 22:17:43,894 [INFO] HTTP Request: POST http://localhost:8001/v1/chat/completions "HTTP/1.1 200 OK"
2026-08-28 22:17:44,593 [INFO] HTTP Request: POST http://localhost:8001/v1/chat/completions "HTTP/1.1 200 OK"
2026-08-28 22:17:44,693 [INFO] HTTP Request: POST http://localhost:8001/v1/chat/completions "HTTP/1.1 200 OK"
2026-08-28 22:18:11,118 [INFO] HTTP Request: POST http://localhost:8001/v1/chat/completions "HTTP/1.1 200 OK"
2026-08-28 22:18:14,057 [INFO] HTTP Request: POST http://localhost:8001/v1/chat/completions "HTTP/1.1 200 OK"
2026-08-28 22:18:14,936 [INFO] HTTP Request: POST http://localhost:8001/v1/chat/completions "HTTP/1.1 200 OK"
2026-08-28 22:18:15,131 [INFO] HTTP Request: POST http://localhost:8001/v1/chat/completions "HTTP/1.1 200 OK"
2026-08-28 22:18:16,295 [INFO] HTTP Request: POST http://localhost:8001/v1/chat/completions "HTTP/1.1 200 OK"
2026-08-28 22:18:16,866 [INFO] HTTP Request: POST http://localhost:8001/v1/chat/completions "HTTP/1.1 200 OK"
2026-08-28 22:18:17,149 [INFO] HTTP Request: POST http://localhost:8001/v1/chat/completions "HTTP/1.1 200 OK"
2026-08-28 22:18:18,184 [INFO] HTTP Request: POST http://localhost:8001/v1/chat/completions "HTTP/1.1 200 OK"
2026-08-28 22:18:19,685 [INFO] HTTP Request: POST http://localhost:8001/v1/chat/completions "HTTP/1.1 200 OK"
2026-08-28 22:18:20,790 [INFO] HTTP Request: POST http://localhost:8001/v1/chat/completions "HTTP/1.1 200 OK"
2026-08-28 22:18:22,897 [INFO] HTTP Request: POST http://localhost:8001/v1/chat/completions "HTTP/1.1 200 OK"
2026-08-28 22:18:23,169 [INFO] HTTP Request: POST http://localhost:8001/v1/chat/completions "HTTP/1.1 200 OK"
2026-08-28 22:18:23,260 [INFO] HTTP Request: POST http://localhost:8001/v1/chat/completions "HTTP/1.1 200 OK"
2026-08-28 22:18:23,324 [INFO]   💾 640/4921  [ok=640 skip=0 error=0]
2026-08-28 22:19:20,401 [INFO] HTTP Request: POST http://localhost:8001/v1/chat/completions "HTTP/1.1 200 OK"
2026-08-28 22:19:21,993 [INFO] HTTP Request: POST http://localhost:8001/v1/chat/completions "HTTP/1.1 200 OK"
2026-08-28 22:19:24,130 [INFO] HTTP Request: POST http://localhost:8001/v1/chat/completions "HTTP/1.1 200 OK"
2026-08-28 22:19:24,230 [INFO] HTTP Request: POST http://localhost:8001/v1/chat/completions "HTTP/1.1 200 OK"
2026-08-28 22:19:26,470 [INFO] HTTP Request: POST http://localhost:8001/v1/chat/completions "HTTP/1.1 200 OK"
2026-08-28 22:19:27,454 [INFO] HTTP Request: POST http://localhost:8001/v1/chat/completions "HTTP/1.1 200 OK"
2026-08-28 22:19:28,537 [INFO] HTTP Request: POST http://localhost:8001/v1/chat/completions "HTTP/1.1 200 OK"
2026-08-28 22:19:28,538 [INFO] HTTP Request: POST http://localhost:8001/v1/chat/completions "HTTP/1.1 200 OK"
2026-08-28 22:19:30,871 [INFO] HTTP Request: POST http://localhost:8001/v1/chat/completions "HTTP/1.1 200 OK"
2026-08-28 22:19:31,402 [INFO] HTTP Request: POST http://localhost:8001/v1/chat/completions "HTTP/1.1 200 OK"
2026-08-28 22:19:33,728 [INFO] HTTP Request: POST http://localhost:8001/v1/chat/completions "HTTP/1.1 200 OK"
2026-08-28 22:19:36,549 [INFO] HTTP Request: POST http://localhost:8001/v1/chat/completions "HTTP/1.1 200 OK"
2026-08-28 22:19:37,989 [INFO] HTTP Request: POST http://localhost:8001/v1/chat/completions "HTTP/1.1 200 OK"
2026-08-28 22:19:38,973 [INFO] HTTP Request: POST http://localhost:8001/v1/chat/completions "HTTP/1.1 200 OK"
2026-08-28 22:19:41,184 [INFO] HTTP Request: POST http://localhost:8001/v1/chat/completions "HTTP/1.1 200 OK"
2026-08-28 22:19:48,040 [INFO] HTTP Request: POST http://localhost:8001/v1/chat/completions "HTTP/1.1 200 OK"
2026-08-28 22:19:48,646 [INFO] HTTP Request: POST http://localhost:8001/v1/chat/completions "HTTP/1.1 200 OK"
2026-08-28 22:19:52,747 [INFO] HTTP Request: POST http://localhost:8001/v1/chat/completions "HTTP/1.1 200 OK"
2026-08-28 22:20:13,123 [INFO] HTTP Request: POST http://localhost:8001/v1/chat/completions "HTTP/1.1 200 OK"
2026-08-28 22:20:13,123 [INFO] HTTP Request: POST http://localhost:8001/v1/chat/completions "HTTP/1.1 200 OK"
2026-08-28 22:20:14,790 [INFO] HTTP Request: POST http://localhost:8001/v1/chat/completions "HTTP/1.1 200 OK"
2026-08-28 22:20:14,986 [INFO] HTTP Request: POST http://localhost:8001/v1/chat/completions "HTTP/1.1 200 OK"
2026-08-28 22:20:19,077 [INFO] HTTP Request: POST http://localhost:8001/v1/chat/completions "HTTP/1.1 200 OK"
2026-08-28 22:20:19,272 [INFO] HTTP Request: POST http://localhost:8001/v1/chat/completions "HTTP/1.1 200 OK"
2026-08-28 22:20:20,222 [INFO] HTTP Request: POST http://localhost:8001/v1/chat/completions "HTTP/1.1 200 OK"
2026-08-28 22:20:20,883 [INFO] HTTP Request: POST http://localhost:8001/v1/chat/completions "HTTP/1.1 200 OK"
2026-08-28 22:20:21,638 [INFO] HTTP Request: POST http://localhost:8001/v1/chat/completions "HTTP/1.1 200 OK"
2026-08-28 22:20:22,202 [INFO] HTTP Request: POST http://localhost:8001/v1/chat/completions "HTTP/1.1 200 OK"
2026-08-28 22:20:22,388 [INFO] HTTP Request: POST http://localhost:8001/v1/chat/completions "HTTP/1.1 200 OK"
2026-08-28 22:20:23,488 [INFO] HTTP Request: POST http://localhost:8001/v1/chat/completions "HTTP/1.1 200 OK"
2026-08-28 22:20:26,748 [INFO] HTTP Request: POST http://localhost:8001/v1/chat/completions "HTTP/1.1 200 OK"
2026-08-28 22:20:27,690 [INFO] HTTP Request: POST http://localhost:8001/v1/chat/completions "HTTP/1.1 200 OK"
2026-08-28 22:20:27,756 [INFO]   💾 672/4921  [ok=672 skip=0 error=0]
2026-08-28 22:21:21,853 [INFO] HTTP Request: POST http://localhost:8001/v1/chat/completions "HTTP/1.1 200 OK"
2026-08-28 22:21:25,197 [INFO] HTTP Request: POST http://localhost:8001/v1/chat/completions "HTTP/1.1 200 OK"
2026-08-28 22:21:27,214 [INFO] HTTP Request: POST http://localhost:8001/v1/chat/completions "HTTP/1.1 200 OK"
2026-08-28 22:21:30,659 [INFO] HTTP Request: POST http://localhost:8001/v1/chat/completions "HTTP/1.1 200 OK"
2026-08-28 22:21:31,850 [INFO] HTTP Request: POST http://localhost:8001/v1/chat/completions "HTTP/1.1 200 OK"
2026-08-28 22:21:33,134 [INFO] HTTP Request: POST http://localhost:8001/v1/chat/completions "HTTP/1.1 200 OK"
2026-08-28 22:21:35,374 [INFO] HTTP Request: POST http://localhost:8001/v1/chat/completions "HTTP/1.1 200 OK"
2026-08-28 22:21:36,665 [INFO] HTTP Request: POST http://localhost:8001/v1/chat/completions "HTTP/1.1 200 OK"
2026-08-28 22:21:36,769 [INFO] HTTP Request: POST http://localhost:8001/v1/chat/completions "HTTP/1.1 200 OK"
2026-08-28 22:21:40,242 [INFO] HTTP Request: POST http://localhost:8001/v1/chat/completions "HTTP/1.1 200 OK"
2026-08-28 22:21:41,438 [INFO] HTTP Request: POST http://localhost:8001/v1/chat/completions "HTTP/1.1 200 OK"
2026-08-28 22:21:42,420 [INFO] HTTP Request: POST http://localhost:8001/v1/chat/completions "HTTP/1.1 200 OK"
2026-08-28 22:21:43,058 [INFO] HTTP Request: POST http://localhost:8001/v1/chat/completions "HTTP/1.1 200 OK"
2026-08-28 22:21:44,926 [INFO] HTTP Request: POST http://localhost:8001/v1/chat/completions "HTTP/1.1 200 OK"
2026-08-28 22:21:48,064 [INFO] HTTP Request: POST http://localhost:8001/v1/chat/completions "HTTP/1.1 200 OK"
2026-08-28 22:21:48,167 [INFO] HTTP Request: POST http://localhost:8001/v1/chat/completions "HTTP/1.1 200 OK"
2026-08-28 22:21:50,377 [INFO] HTTP Request: POST http://localhost:8001/v1/chat/completions "HTTP/1.1 200 OK"
2026-08-28 22:22:00,786 [INFO] HTTP Request: POST http://localhost:8001/v1/chat/completions "HTTP/1.1 200 OK"
2026-08-28 22:22:17,081 [INFO] HTTP Request: POST http://localhost:8001/v1/chat/completions "HTTP/1.1 200 OK"
2026-08-28 22:22:17,481 [INFO] HTTP Request: POST http://localhost:8001/v1/chat/completions "HTTP/1.1 200 OK"
2026-08-28 22:22:22,772 [INFO] HTTP Request: POST http://localhost:8001/v1/chat/completions "HTTP/1.1 200 OK"
2026-08-28 22:22:24,141 [INFO] HTTP Request: POST http://localhost:8001/v1/chat/completions "HTTP/1.1 200 OK"
2026-08-28 22:22:24,824 [INFO] HTTP Request: POST http://localhost:8001/v1/chat/completions "HTTP/1.1 200 OK"
2026-08-28 22:22:25,408 [INFO] HTTP Request: POST http://localhost:8001/v1/chat/completions "HTTP/1.1 200 OK"
2026-08-28 22:22:27,399 [INFO] HTTP Request: POST http://localhost:8001/v1/chat/completions "HTTP/1.1 200 OK"
2026-08-28 22:22:27,967 [INFO] HTTP Request: POST http://localhost:8001/v1/chat/completions "HTTP/1.1 200 OK"
2026-08-28 22:22:28,626 [INFO] HTTP Request: POST http://localhost:8001/v1/chat/completions "HTTP/1.1 200 OK"
2026-08-28 22:22:30,694 [INFO] HTTP Request: POST http://localhost:8001/v1/chat/completions "HTTP/1.1 200 OK"
2026-08-28 22:22:32,264 [INFO] HTTP Request: POST http://localhost:8001/v1/chat/completions "HTTP/1.1 200 OK"
2026-08-28 22:22:33,183 [INFO] HTTP Request: POST http://localhost:8001/v1/chat/completions "HTTP/1.1 200 OK"
2026-08-28 22:22:33,184 [INFO] HTTP Request: POST http://localhost:8001/v1/chat/completions "HTTP/1.1 200 OK"
2026-08-28 22:22:45,989 [INFO] HTTP Request: POST http://localhost:8001/v1/chat/completions "HTTP/1.1 200 OK"
2026-08-28 22:22:46,061 [INFO]   💾 704/4921  [ok=704 skip=0 error=0]
2026-08-28 22:23:40,206 [INFO] HTTP Request: POST http://localhost:8001/v1/chat/completions "HTTP/1.1 200 OK"
2026-08-28 22:23:41,807 [INFO] HTTP Request: POST http://localhost:8001/v1/chat/completions "HTTP/1.1 200 OK"
2026-08-28 22:23:44,644 [INFO] HTTP Request: POST http://localhost:8001/v1/chat/completions "HTTP/1.1 200 OK"
2026-08-28 22:23:46,964 [INFO] HTTP Request: POST http://localhost:8001/v1/chat/completions "HTTP/1.1 200 OK"
2026-08-28 22:23:48,360 [INFO] HTTP Request: POST http://localhost:8001/v1/chat/completions "HTTP/1.1 200 OK"
2026-08-28 22:23:51,503 [INFO] HTTP Request: POST http://localhost:8001/v1/chat/completions "HTTP/1.1 200 OK"
2026-08-28 22:23:53,310 [INFO] HTTP Request: POST http://localhost:8001/v1/chat/completions "HTTP/1.1 200 OK"
2026-08-28 22:23:54,706 [INFO] HTTP Request: POST http://localhost:8001/v1/chat/completions "HTTP/1.1 200 OK"
2026-08-28 22:23:57,070 [INFO] HTTP Request: POST http://localhost:8001/v1/chat/completions "HTTP/1.1 200 OK"
2026-08-28 22:23:58,055 [INFO] HTTP Request: POST http://localhost:8001/v1/chat/completions "HTTP/1.1 200 OK"
2026-08-28 22:23:58,268 [INFO] HTTP Request: POST http://localhost:8001/v1/chat/completions "HTTP/1.1 200 OK"
2026-08-28 22:23:58,696 [INFO] HTTP Request: POST http://localhost:8001/v1/chat/completions "HTTP/1.1 200 OK"
2026-08-28 22:24:01,791 [INFO] HTTP Request: POST http://localhost:8001/v1/chat/completions "HTTP/1.1 200 OK"
2026-08-28 22:24:04,523 [INFO] HTTP Request: POST http://localhost:8001/v1/chat/completions "HTTP/1.1 200 OK"
2026-08-28 22:24:06,578 [INFO] HTTP Request: POST http://localhost:8001/v1/chat/completions "HTTP/1.1 200 OK"
2026-08-28 22:24:10,467 [INFO] HTTP Request: POST http://localhost:8001/v1/chat/completions "HTTP/1.1 200 OK"
2026-08-28 22:24:10,569 [INFO] HTTP Request: POST http://localhost:8001/v1/chat/completions "HTTP/1.1 200 OK"
2026-08-28 22:24:33,595 [INFO] HTTP Request: POST http://localhost:8001/v1/chat/completions "HTTP/1.1 200 OK"
2026-08-28 22:24:38,497 [INFO] HTTP Request: POST http://localhost:8001/v1/chat/completions "HTTP/1.1 200 OK"
2026-08-28 22:24:39,992 [INFO] HTTP Request: POST http://localhost:8001/v1/chat/completions "HTTP/1.1 200 OK"
2026-08-28 22:24:40,582 [INFO] HTTP Request: POST http://localhost:8001/v1/chat/completions "HTTP/1.1 200 OK"
2026-08-28 22:24:40,778 [INFO] HTTP Request: POST http://localhost:8001/v1/chat/completions "HTTP/1.1 200 OK"
2026-08-28 22:24:41,653 [INFO] HTTP Request: POST http://localhost:8001/v1/chat/completions "HTTP/1.1 200 OK"
2026-08-28 22:24:42,818 [INFO] HTTP Request: POST http://localhost:8001/v1/chat/completions "HTTP/1.1 200 OK"
2026-08-28 22:24:43,956 [INFO] HTTP Request: POST http://localhost:8001/v1/chat/completions "HTTP/1.1 200 OK"
2026-08-28 22:24:44,239 [INFO] HTTP Request: POST http://localhost:8001/v1/chat/completions "HTTP/1.1 200 OK"
2026-08-28 22:24:44,617 [INFO] HTTP Request: POST http://localhost:8001/v1/chat/completions "HTTP/1.1 200 OK"
2026-08-28 22:24:45,180 [INFO] HTTP Request: POST http://localhost:8001/v1/chat/completions "HTTP/1.1 200 OK"
2026-08-28 22:24:46,288 [INFO] HTTP Request: POST http://localhost:8001/v1/chat/completions "HTTP/1.1 200 OK"
2026-08-28 22:24:47,667 [INFO] HTTP Request: POST http://localhost:8001/v1/chat/completions "HTTP/1.1 200 OK"
2026-08-28 22:24:49,751 [INFO] HTTP Request: POST http://localhost:8001/v1/chat/completions "HTTP/1.1 200 OK"
2026-08-28 22:24:50,030 [INFO] HTTP Request: POST http://localhost:8001/v1/chat/completions "HTTP/1.1 200 OK"
2026-08-28 22:24:50,097 [INFO]   💾 736/4921  [ok=736 skip=0 error=0]
2026-08-28 22:25:47,092 [INFO] HTTP Request: POST http://localhost:8001/v1/chat/completions "HTTP/1.1 200 OK"
2026-08-28 22:25:49,115 [INFO] HTTP Request: POST http://localhost:8001/v1/chat/completions "HTTP/1.1 200 OK"
2026-08-28 22:25:51,028 [INFO] HTTP Request: POST http://localhost:8001/v1/chat/completions "HTTP/1.1 200 OK"
2026-08-28 22:25:53,044 [INFO] HTTP Request: POST http://localhost:8001/v1/chat/completions "HTTP/1.1 200 OK"
2026-08-28 22:25:54,248 [INFO] HTTP Request: POST http://localhost:8001/v1/chat/completions "HTTP/1.1 200 OK"
2026-08-28 22:25:55,549 [INFO] HTTP Request: POST http://localhost:8001/v1/chat/completions "HTTP/1.1 200 OK"
2026-08-28 22:25:56,954 [INFO] HTTP Request: POST http://localhost:8001/v1/chat/completions "HTTP/1.1 200 OK"
2026-08-28 22:25:58,558 [INFO] HTTP Request: POST http://localhost:8001/v1/chat/completions "HTTP/1.1 200 OK"
2026-08-28 22:25:59,750 [INFO] HTTP Request: POST http://localhost:8001/v1/chat/completions "HTTP/1.1 200 OK"
2026-08-28 22:25:59,751 [INFO] HTTP Request: POST http://localhost:8001/v1/chat/completions "HTTP/1.1 200 OK"
2026-08-28 22:26:02,965 [INFO] HTTP Request: POST http://localhost:8001/v1/chat/completions "HTTP/1.1 200 OK"
2026-08-28 22:26:04,182 [INFO] HTTP Request: POST http://localhost:8001/v1/chat/completions "HTTP/1.1 200 OK"
2026-08-28 22:26:05,590 [INFO] HTTP Request: POST http://localhost:8001/v1/chat/completions "HTTP/1.1 200 OK"
2026-08-28 22:26:07,540 [INFO] HTTP Request: POST http://localhost:8001/v1/chat/completions "HTTP/1.1 200 OK"
2026-08-28 22:26:10,398 [INFO] HTTP Request: POST http://localhost:8001/v1/chat/completions "HTTP/1.1 200 OK"
2026-08-28 22:26:11,218 [INFO] HTTP Request: POST http://localhost:8001/v1/chat/completions "HTTP/1.1 200 OK"
2026-08-28 22:26:11,219 [INFO] HTTP Request: POST http://localhost:8001/v1/chat/completions "HTTP/1.1 200 OK"
2026-08-28 22:26:39,670 [INFO] HTTP Request: POST http://localhost:8001/v1/chat/completions "HTTP/1.1 200 OK"
2026-08-28 22:26:42,175 [INFO] HTTP Request: POST http://localhost:8001/v1/chat/completions "HTTP/1.1 200 OK"
2026-08-28 22:26:45,469 [INFO] HTTP Request: POST http://localhost:8001/v1/chat/completions "HTTP/1.1 200 OK"
2026-08-28 22:26:46,645 [INFO] HTTP Request: POST http://localhost:8001/v1/chat/completions "HTTP/1.1 200 OK"
2026-08-28 22:26:47,134 [INFO] HTTP Request: POST http://localhost:8001/v1/chat/completions "HTTP/1.1 200 OK"
2026-08-28 22:26:47,815 [INFO] HTTP Request: POST http://localhost:8001/v1/chat/completions "HTTP/1.1 200 OK"
2026-08-28 22:26:50,442 [INFO] HTTP Request: POST http://localhost:8001/v1/chat/completions "HTTP/1.1 200 OK"
2026-08-28 22:26:50,917 [INFO] HTTP Request: POST http://localhost:8001/v1/chat/completions "HTTP/1.1 200 OK"
2026-08-28 22:26:51,013 [INFO] HTTP Request: POST http://localhost:8001/v1/chat/completions "HTTP/1.1 200 OK"
2026-08-28 22:26:52,332 [INFO] HTTP Request: POST http://localhost:8001/v1/chat/completions "HTTP/1.1 200 OK"
2026-08-28 22:26:55,999 [INFO] HTTP Request: POST http://localhost:8001/v1/chat/completions "HTTP/1.1 200 OK"
2026-08-28 22:26:56,278 [INFO] HTTP Request: POST http://localhost:8001/v1/chat/completions "HTTP/1.1 200 OK"
2026-08-28 22:26:56,922 [INFO] HTTP Request: POST http://localhost:8001/v1/chat/completions "HTTP/1.1 200 OK"
2026-08-28 22:27:01,358 [INFO] HTTP Request: POST http://localhost:8001/v1/chat/completions "HTTP/1.1 200 OK"
2026-08-28 22:27:01,734 [INFO] HTTP Request: POST http://localhost:8001/v1/chat/completions "HTTP/1.1 200 OK"
2026-08-28 22:27:01,810 [INFO]   💾 768/4921  [ok=768 skip=0 error=0]
2026-08-28 22:27:59,891 [INFO] HTTP Request: POST http://localhost:8001/v1/chat/completions "HTTP/1.1 200 OK"
2026-08-28 22:28:02,843 [INFO] HTTP Request: POST http://localhost:8001/v1/chat/completions "HTTP/1.1 200 OK"
2026-08-28 22:28:04,558 [INFO] HTTP Request: POST http://localhost:8001/v1/chat/completions "HTTP/1.1 200 OK"
2026-08-28 22:28:06,480 [INFO] HTTP Request: POST http://localhost:8001/v1/chat/completions "HTTP/1.1 200 OK"
2026-08-28 22:28:07,011 [INFO] HTTP Request: POST http://localhost:8001/v1/chat/completions "HTTP/1.1 200 OK"
2026-08-28 22:28:08,852 [INFO] HTTP Request: POST http://localhost:8001/v1/chat/completions "HTTP/1.1 200 OK"
2026-08-28 22:28:10,363 [INFO] HTTP Request: POST http://localhost:8001/v1/chat/completions "HTTP/1.1 200 OK"
2026-08-28 22:28:11,566 [INFO] HTTP Request: POST http://localhost:8001/v1/chat/completions "HTTP/1.1 200 OK"
2026-08-28 22:28:12,095 [INFO] HTTP Request: POST http://localhost:8001/v1/chat/completions "HTTP/1.1 200 OK"
2026-08-28 22:28:13,935 [INFO] HTTP Request: POST http://localhost:8001/v1/chat/completions "HTTP/1.1 200 OK"
2026-08-28 22:28:14,913 [INFO] HTTP Request: POST http://localhost:8001/v1/chat/completions "HTTP/1.1 200 OK"
2026-08-28 22:28:15,798 [INFO] HTTP Request: POST http://localhost:8001/v1/chat/completions "HTTP/1.1 200 OK"
2026-08-28 22:28:17,574 [INFO] HTTP Request: POST http://localhost:8001/v1/chat/completions "HTTP/1.1 200 OK"
2026-08-28 22:28:19,877 [INFO] HTTP Request: POST http://localhost:8001/v1/chat/completions "HTTP/1.1 200 OK"
2026-08-28 22:28:21,934 [INFO] HTTP Request: POST http://localhost:8001/v1/chat/completions "HTTP/1.1 200 OK"
2026-08-28 22:28:28,895 [INFO] HTTP Request: POST http://localhost:8001/v1/chat/completions "HTTP/1.1 200 OK"
2026-08-28 22:28:30,503 [INFO] HTTP Request: POST http://localhost:8001/v1/chat/completions "HTTP/1.1 200 OK"
2026-08-28 22:28:55,665 [INFO] HTTP Request: POST http://localhost:8001/v1/chat/completions "HTTP/1.1 200 OK"
2026-08-28 22:28:56,567 [INFO] HTTP Request: POST http://localhost:8001/v1/chat/completions "HTTP/1.1 200 OK"
2026-08-28 22:28:57,067 [INFO] HTTP Request: POST http://localhost:8001/v1/chat/completions "HTTP/1.1 200 OK"
2026-08-28 22:28:58,929 [INFO] HTTP Request: POST http://localhost:8001/v1/chat/completions "HTTP/1.1 200 OK"
2026-08-28 22:28:59,125 [INFO] HTTP Request: POST http://localhost:8001/v1/chat/completions "HTTP/1.1 200 OK"
2026-08-28 22:29:00,294 [INFO] HTTP Request: POST http://localhost:8001/v1/chat/completions "HTTP/1.1 200 OK"
2026-08-28 22:29:00,586 [INFO] HTTP Request: POST http://localhost:8001/v1/chat/completions "HTTP/1.1 200 OK"
2026-08-28 22:29:00,779 [INFO] HTTP Request: POST http://localhost:8001/v1/chat/completions "HTTP/1.1 200 OK"
2026-08-28 22:29:01,723 [INFO] HTTP Request: POST http://localhost:8001/v1/chat/completions "HTTP/1.1 200 OK"
2026-08-28 22:29:02,382 [INFO] HTTP Request: POST http://localhost:8001/v1/chat/completions "HTTP/1.1 200 OK"
2026-08-28 22:29:02,476 [INFO] HTTP Request: POST http://localhost:8001/v1/chat/completions "HTTP/1.1 200 OK"
2026-08-28 22:29:02,847 [INFO] HTTP Request: POST http://localhost:8001/v1/chat/completions "HTTP/1.1 200 OK"
2026-08-28 22:29:03,399 [INFO] HTTP Request: POST http://localhost:8001/v1/chat/completions "HTTP/1.1 200 OK"
2026-08-28 22:29:07,382 [INFO] HTTP Request: POST http://localhost:8001/v1/chat/completions "HTTP/1.1 200 OK"
2026-08-28 22:29:09,652 [INFO] HTTP Request: POST http://localhost:8001/v1/chat/completions "HTTP/1.1 200 OK"
2026-08-28 22:29:09,732 [INFO]   💾 800/4921  [ok=800 skip=0 error=0]
2026-08-28 22:30:03,389 [INFO] HTTP Request: POST http://localhost:8001/v1/chat/completions "HTTP/1.1 200 OK"
2026-08-28 22:30:07,377 [INFO] HTTP Request: POST http://localhost:8001/v1/chat/completions "HTTP/1.1 200 OK"
2026-08-28 22:30:11,783 [INFO] HTTP Request: POST http://localhost:8001/v1/chat/completions "HTTP/1.1 200 OK"
2026-08-28 22:30:13,207 [INFO] HTTP Request: POST http://localhost:8001/v1/chat/completions "HTTP/1.1 200 OK"
2026-08-28 22:30:14,846 [INFO] HTTP Request: POST http://localhost:8001/v1/chat/completions "HTTP/1.1 200 OK"
2026-08-28 22:30:15,376 [INFO] HTTP Request: POST http://localhost:8001/v1/chat/completions "HTTP/1.1 200 OK"
2026-08-28 22:30:17,656 [INFO] HTTP Request: POST http://localhost:8001/v1/chat/completions "HTTP/1.1 200 OK"
2026-08-28 22:30:18,186 [INFO] HTTP Request: POST http://localhost:8001/v1/chat/completions "HTTP/1.1 200 OK"
2026-08-28 22:30:18,639 [INFO] HTTP Request: POST http://localhost:8001/v1/chat/completions "HTTP/1.1 200 OK"
2026-08-28 22:30:22,159 [INFO] HTTP Request: POST http://localhost:8001/v1/chat/completions "HTTP/1.1 200 OK"
2026-08-28 22:30:24,190 [INFO] HTTP Request: POST http://localhost:8001/v1/chat/completions "HTTP/1.1 200 OK"
2026-08-28 22:30:27,047 [INFO] HTTP Request: POST http://localhost:8001/v1/chat/completions "HTTP/1.1 200 OK"
2026-08-28 22:30:28,361 [INFO] HTTP Request: POST http://localhost:8001/v1/chat/completions "HTTP/1.1 200 OK"
2026-08-28 22:30:30,900 [INFO] HTTP Request: POST http://localhost:8001/v1/chat/completions "HTTP/1.1 200 OK"
2026-08-28 22:30:33,414 [INFO] HTTP Request: POST http://localhost:8001/v1/chat/completions "HTTP/1.1 200 OK"
2026-08-28 22:30:33,668 [INFO] HTTP Request: POST http://localhost:8001/v1/chat/completions "HTTP/1.1 200 OK"
2026-08-28 22:30:42,914 [INFO] HTTP Request: POST http://localhost:8001/v1/chat/completions "HTTP/1.1 200 OK"
2026-08-28 22:31:04,604 [INFO] HTTP Request: POST http://localhost:8001/v1/chat/completions "HTTP/1.1 200 OK"
2026-08-28 22:31:06,711 [INFO] HTTP Request: POST http://localhost:8001/v1/chat/completions "HTTP/1.1 200 OK"
2026-08-28 22:31:06,912 [INFO] HTTP Request: POST http://localhost:8001/v1/chat/completions "HTTP/1.1 200 OK"
2026-08-28 22:31:07,404 [INFO] HTTP Request: POST http://localhost:8001/v1/chat/completions "HTTP/1.1 200 OK"
2026-08-28 22:31:08,479 [INFO] HTTP Request: POST http://localhost:8001/v1/chat/completions "HTTP/1.1 200 OK"
2026-08-28 22:31:10,723 [INFO] HTTP Request: POST http://localhost:8001/v1/chat/completions "HTTP/1.1 200 OK"
2026-08-28 22:31:10,917 [INFO] HTTP Request: POST http://localhost:8001/v1/chat/completions "HTTP/1.1 200 OK"
2026-08-28 22:31:11,488 [INFO] HTTP Request: POST http://localhost:8001/v1/chat/completions "HTTP/1.1 200 OK"
2026-08-28 22:31:13,284 [INFO] HTTP Request: POST http://localhost:8001/v1/chat/completions "HTTP/1.1 200 OK"
2026-08-28 22:31:15,642 [INFO] HTTP Request: POST http://localhost:8001/v1/chat/completions "HTTP/1.1 200 OK"
2026-08-28 22:31:16,584 [INFO] HTTP Request: POST http://localhost:8001/v1/chat/completions "HTTP/1.1 200 OK"
2026-08-28 22:31:18,705 [INFO] HTTP Request: POST http://localhost:8001/v1/chat/completions "HTTP/1.1 200 OK"
2026-08-28 22:31:19,257 [INFO] HTTP Request: POST http://localhost:8001/v1/chat/completions "HTTP/1.1 200 OK"
2026-08-28 22:31:21,522 [INFO] HTTP Request: POST http://localhost:8001/v1/chat/completions "HTTP/1.1 200 OK"
2026-08-28 22:31:23,034 [INFO] HTTP Request: POST http://localhost:8001/v1/chat/completions "HTTP/1.1 200 OK"
2026-08-28 22:31:23,109 [INFO]   💾 832/4921  [ok=832 skip=0 error=0]
2026-08-28 22:32:20,090 [INFO] HTTP Request: POST http://localhost:8001/v1/chat/completions "HTTP/1.1 200 OK"
2026-08-28 22:32:21,941 [INFO] HTTP Request: POST http://localhost:8001/v1/chat/completions "HTTP/1.1 200 OK"
2026-08-28 22:32:23,683 [INFO] HTTP Request: POST http://localhost:8001/v1/chat/completions "HTTP/1.1 200 OK"
2026-08-28 22:32:25,018 [INFO] HTTP Request: POST http://localhost:8001/v1/chat/completions "HTTP/1.1 200 OK"
2026-08-28 22:32:25,552 [INFO] HTTP Request: POST http://localhost:8001/v1/chat/completions "HTTP/1.1 200 OK"
2026-08-28 22:32:28,155 [INFO] HTTP Request: POST http://localhost:8001/v1/chat/completions "HTTP/1.1 200 OK"
2026-08-28 22:32:28,156 [INFO] HTTP Request: POST http://localhost:8001/v1/chat/completions "HTTP/1.1 200 OK"
2026-08-28 22:32:28,257 [INFO] HTTP Request: POST http://localhost:8001/v1/chat/completions "HTTP/1.1 200 OK"
2026-08-28 22:32:31,844 [INFO] HTTP Request: POST http://localhost:8001/v1/chat/completions "HTTP/1.1 200 OK"
2026-08-28 22:32:33,377 [INFO] HTTP Request: POST http://localhost:8001/v1/chat/completions "HTTP/1.1 200 OK"
2026-08-28 22:32:34,705 [INFO] HTTP Request: POST http://localhost:8001/v1/chat/completions "HTTP/1.1 200 OK"
2026-08-28 22:32:35,931 [INFO] HTTP Request: POST http://localhost:8001/v1/chat/completions "HTTP/1.1 200 OK"
2026-08-28 22:32:37,418 [INFO] HTTP Request: POST http://localhost:8001/v1/chat/completions "HTTP/1.1 200 OK"
2026-08-28 22:32:37,418 [INFO] HTTP Request: POST http://localhost:8001/v1/chat/completions "HTTP/1.1 200 OK"
2026-08-28 22:32:37,947 [INFO] HTTP Request: POST http://localhost:8001/v1/chat/completions "HTTP/1.1 200 OK"
2026-08-28 22:32:47,526 [INFO] HTTP Request: POST http://localhost:8001/v1/chat/completions "HTTP/1.1 200 OK"
2026-08-28 22:32:49,036 [INFO] HTTP Request: POST http://localhost:8001/v1/chat/completions "HTTP/1.1 200 OK"
2026-08-28 22:32:51,342 [INFO] HTTP Request: POST http://localhost:8001/v1/chat/completions "HTTP/1.1 200 OK"
2026-08-28 22:33:17,293 [INFO] HTTP Request: POST http://localhost:8001/v1/chat/completions "HTTP/1.1 200 OK"
2026-08-28 22:33:18,896 [INFO] HTTP Request: POST http://localhost:8001/v1/chat/completions "HTTP/1.1 200 OK"
2026-08-28 22:33:19,389 [INFO] HTTP Request: POST http://localhost:8001/v1/chat/completions "HTTP/1.1 200 OK"
2026-08-28 22:33:20,368 [INFO] HTTP Request: POST http://localhost:8001/v1/chat/completions "HTTP/1.1 200 OK"
2026-08-28 22:33:20,466 [INFO] HTTP Request: POST http://localhost:8001/v1/chat/completions "HTTP/1.1 200 OK"
2026-08-28 22:33:20,758 [INFO] HTTP Request: POST http://localhost:8001/v1/chat/completions "HTTP/1.1 200 OK"
2026-08-28 22:33:22,182 [INFO] HTTP Request: POST http://localhost:8001/v1/chat/completions "HTTP/1.1 200 OK"
2026-08-28 22:33:22,277 [INFO] HTTP Request: POST http://localhost:8001/v1/chat/completions "HTTP/1.1 200 OK"
2026-08-28 22:33:23,032 [INFO] HTTP Request: POST http://localhost:8001/v1/chat/completions "HTTP/1.1 200 OK"
2026-08-28 22:33:23,879 [INFO] HTTP Request: POST http://localhost:8001/v1/chat/completions "HTTP/1.1 200 OK"
2026-08-28 22:33:24,525 [INFO] HTTP Request: POST http://localhost:8001/v1/chat/completions "HTTP/1.1 200 OK"
2026-08-28 22:33:27,009 [INFO] HTTP Request: POST http://localhost:8001/v1/chat/completions "HTTP/1.1 200 OK"
2026-08-28 22:33:28,006 [INFO] HTTP Request: POST http://localhost:8001/v1/chat/completions "HTTP/1.1 200 OK"
2026-08-28 22:33:31,509 [INFO] HTTP Request: POST http://localhost:8001/v1/chat/completions "HTTP/1.1 200 OK"
2026-08-28 22:33:31,565 [INFO]   💾 864/4921  [ok=864 skip=0 error=0]
2026-08-28 22:34:30,626 [INFO] HTTP Request: POST http://localhost:8001/v1/chat/completions "HTTP/1.1 200 OK"
2026-08-28 22:34:33,501 [INFO] HTTP Request: POST http://localhost:8001/v1/chat/completions "HTTP/1.1 200 OK"
2026-08-28 22:34:33,501 [INFO] HTTP Request: POST http://localhost:8001/v1/chat/completions "HTTP/1.1 200 OK"
2026-08-28 22:34:34,478 [INFO] HTTP Request: POST http://localhost:8001/v1/chat/completions "HTTP/1.1 200 OK"
2026-08-28 22:34:34,479 [INFO] HTTP Request: POST http://localhost:8001/v1/chat/completions "HTTP/1.1 200 OK"
2026-08-28 22:34:38,413 [INFO] HTTP Request: POST http://localhost:8001/v1/chat/completions "HTTP/1.1 200 OK"
2026-08-28 22:34:38,515 [INFO] HTTP Request: POST http://localhost:8001/v1/chat/completions "HTTP/1.1 200 OK"
2026-08-28 22:34:40,711 [INFO] HTTP Request: POST http://localhost:8001/v1/chat/completions "HTTP/1.1 200 OK"
2026-08-28 22:34:42,758 [INFO] HTTP Request: POST http://localhost:8001/v1/chat/completions "HTTP/1.1 200 OK"
2026-08-28 22:34:45,311 [INFO] HTTP Request: POST http://localhost:8001/v1/chat/completions "HTTP/1.1 200 OK"
2026-08-28 22:34:45,311 [INFO] HTTP Request: POST http://localhost:8001/v1/chat/completions "HTTP/1.1 200 OK"
2026-08-28 22:34:45,412 [INFO] HTTP Request: POST http://localhost:8001/v1/chat/completions "HTTP/1.1 200 OK"
2026-08-28 22:34:49,410 [INFO] HTTP Request: POST http://localhost:8001/v1/chat/completions "HTTP/1.1 200 OK"
2026-08-28 22:34:53,458 [INFO] HTTP Request: POST http://localhost:8001/v1/chat/completions "HTTP/1.1 200 OK"
2026-08-28 22:34:54,676 [INFO] HTTP Request: POST http://localhost:8001/v1/chat/completions "HTTP/1.1 200 OK"
2026-08-28 22:34:56,319 [INFO] HTTP Request: POST http://localhost:8001/v1/chat/completions "HTTP/1.1 200 OK"
2026-08-28 22:35:07,287 [INFO] HTTP Request: POST http://localhost:8001/v1/chat/completions "HTTP/1.1 200 OK"
2026-08-28 22:35:22,262 [INFO] HTTP Request: POST http://localhost:8001/v1/chat/completions "HTTP/1.1 200 OK"
2026-08-28 22:35:26,177 [INFO] HTTP Request: POST http://localhost:8001/v1/chat/completions "HTTP/1.1 200 OK"
2026-08-28 22:35:30,185 [INFO] HTTP Request: POST http://localhost:8001/v1/chat/completions "HTTP/1.1 200 OK"
2026-08-28 22:35:31,168 [INFO] HTTP Request: POST http://localhost:8001/v1/chat/completions "HTTP/1.1 200 OK"
2026-08-28 22:35:31,168 [INFO] HTTP Request: POST http://localhost:8001/v1/chat/completions "HTTP/1.1 200 OK"
2026-08-28 22:35:32,633 [INFO] HTTP Request: POST http://localhost:8001/v1/chat/completions "HTTP/1.1 200 OK"
2026-08-28 22:35:33,120 [INFO] HTTP Request: POST http://localhost:8001/v1/chat/completions "HTTP/1.1 200 OK"
2026-08-28 22:35:33,597 [INFO] HTTP Request: POST http://localhost:8001/v1/chat/completions "HTTP/1.1 200 OK"
2026-08-28 22:35:34,164 [INFO] HTTP Request: POST http://localhost:8001/v1/chat/completions "HTTP/1.1 200 OK"
2026-08-28 22:35:35,296 [INFO] HTTP Request: POST http://localhost:8001/v1/chat/completions "HTTP/1.1 200 OK"
2026-08-28 22:35:35,673 [INFO] HTTP Request: POST http://localhost:8001/v1/chat/completions "HTTP/1.1 200 OK"
2026-08-28 22:35:36,688 [INFO] HTTP Request: POST http://localhost:8001/v1/chat/completions "HTTP/1.1 200 OK"
2026-08-28 22:35:36,872 [INFO] HTTP Request: POST http://localhost:8001/v1/chat/completions "HTTP/1.1 200 OK"
2026-08-28 22:35:37,055 [INFO] HTTP Request: POST http://localhost:8001/v1/chat/completions "HTTP/1.1 200 OK"
2026-08-28 22:35:37,335 [INFO] HTTP Request: POST http://localhost:8001/v1/chat/completions "HTTP/1.1 200 OK"
2026-08-28 22:35:37,414 [INFO]   💾 896/4921  [ok=896 skip=0 error=0]
2026-08-28 22:36:36,752 [INFO] HTTP Request: POST http://localhost:8001/v1/chat/completions "HTTP/1.1 200 OK"
2026-08-28 22:36:37,277 [INFO] HTTP Request: POST http://localhost:8001/v1/chat/completions "HTTP/1.1 200 OK"
2026-08-28 22:36:40,499 [INFO] HTTP Request: POST http://localhost:8001/v1/chat/completions "HTTP/1.1 200 OK"
2026-08-28 22:36:42,450 [INFO] HTTP Request: POST http://localhost:8001/v1/chat/completions "HTTP/1.1 200 OK"
2026-08-28 22:36:43,889 [INFO] HTTP Request: POST http://localhost:8001/v1/chat/completions "HTTP/1.1 200 OK"
2026-08-28 22:36:45,427 [INFO] HTTP Request: POST http://localhost:8001/v1/chat/completions "HTTP/1.1 200 OK"
2026-08-28 22:36:45,958 [INFO] HTTP Request: POST http://localhost:8001/v1/chat/completions "HTTP/1.1 200 OK"
2026-08-28 22:36:47,887 [INFO] HTTP Request: POST http://localhost:8001/v1/chat/completions "HTTP/1.1 200 OK"
2026-08-28 22:36:48,420 [INFO] HTTP Request: POST http://localhost:8001/v1/chat/completions "HTTP/1.1 200 OK"
2026-08-28 22:36:50,608 [INFO] HTTP Request: POST http://localhost:8001/v1/chat/completions "HTTP/1.1 200 OK"
2026-08-28 22:36:50,712 [INFO] HTTP Request: POST http://localhost:8001/v1/chat/completions "HTTP/1.1 200 OK"
2026-08-28 22:36:52,471 [INFO] HTTP Request: POST http://localhost:8001/v1/chat/completions "HTTP/1.1 200 OK"
2026-08-28 22:36:54,656 [INFO] HTTP Request: POST http://localhost:8001/v1/chat/completions "HTTP/1.1 200 OK"
2026-08-28 22:36:54,758 [INFO] HTTP Request: POST http://localhost:8001/v1/chat/completions "HTTP/1.1 200 OK"
2026-08-28 22:36:58,356 [INFO] HTTP Request: POST http://localhost:8001/v1/chat/completions "HTTP/1.1 200 OK"
2026-08-28 22:36:59,589 [INFO] HTTP Request: POST http://localhost:8001/v1/chat/completions "HTTP/1.1 200 OK"
2026-08-28 22:37:07,635 [INFO] HTTP Request: POST http://localhost:8001/v1/chat/completions "HTTP/1.1 200 OK"
2026-08-28 22:37:29,748 [INFO] HTTP Request: POST http://localhost:8001/v1/chat/completions "HTTP/1.1 200 OK"
2026-08-28 22:37:33,459 [INFO] HTTP Request: POST http://localhost:8001/v1/chat/completions "HTTP/1.1 200 OK"
2026-08-28 22:37:33,760 [INFO] HTTP Request: POST http://localhost:8001/v1/chat/completions "HTTP/1.1 200 OK"
2026-08-28 22:37:36,609 [INFO] HTTP Request: POST http://localhost:8001/v1/chat/completions "HTTP/1.1 200 OK"
2026-08-28 22:37:39,060 [INFO] HTTP Request: POST http://localhost:8001/v1/chat/completions "HTTP/1.1 200 OK"
2026-08-28 22:37:39,158 [INFO] HTTP Request: POST http://localhost:8001/v1/chat/completions "HTTP/1.1 200 OK"
2026-08-28 22:37:39,451 [INFO] HTTP Request: POST http://localhost:8001/v1/chat/completions "HTTP/1.1 200 OK"
2026-08-28 22:37:40,403 [INFO] HTTP Request: POST http://localhost:8001/v1/chat/completions "HTTP/1.1 200 OK"
2026-08-28 22:37:40,404 [INFO] HTTP Request: POST http://localhost:8001/v1/chat/completions "HTTP/1.1 200 OK"
2026-08-28 22:37:45,124 [INFO] HTTP Request: POST http://localhost:8001/v1/chat/completions "HTTP/1.1 200 OK"
2026-08-28 22:37:45,594 [INFO] HTTP Request: POST http://localhost:8001/v1/chat/completions "HTTP/1.1 200 OK"
2026-08-28 22:37:45,873 [INFO] HTTP Request: POST http://localhost:8001/v1/chat/completions "HTTP/1.1 200 OK"
2026-08-28 22:37:46,610 [INFO] HTTP Request: POST http://localhost:8001/v1/chat/completions "HTTP/1.1 200 OK"
2026-08-28 22:37:46,792 [INFO] HTTP Request: POST http://localhost:8001/v1/chat/completions "HTTP/1.1 200 OK"
2026-08-28 22:37:47,166 [INFO] HTTP Request: POST http://localhost:8001/v1/chat/completions "HTTP/1.1 200 OK"
2026-08-28 22:37:47,237 [INFO]   💾 928/4921  [ok=928 skip=0 error=0]
2026-08-28 22:38:44,167 [INFO] HTTP Request: POST http://localhost:8001/v1/chat/completions "HTTP/1.1 200 OK"
2026-08-28 22:38:45,141 [INFO] HTTP Request: POST http://localhost:8001/v1/chat/completions "HTTP/1.1 200 OK"
2026-08-28 22:38:46,910 [INFO] HTTP Request: POST http://localhost:8001/v1/chat/completions "HTTP/1.1 200 OK"
2026-08-28 22:38:51,784 [INFO] HTTP Request: POST http://localhost:8001/v1/chat/completions "HTTP/1.1 200 OK"
2026-08-28 22:38:52,315 [INFO] HTTP Request: POST http://localhost:8001/v1/chat/completions "HTTP/1.1 200 OK"
2026-08-28 22:38:54,302 [INFO] HTTP Request: POST http://localhost:8001/v1/chat/completions "HTTP/1.1 200 OK"
2026-08-28 22:38:55,633 [INFO] HTTP Request: POST http://localhost:8001/v1/chat/completions "HTTP/1.1 200 OK"
2026-08-28 22:38:57,684 [INFO] HTTP Request: POST http://localhost:8001/v1/chat/completions "HTTP/1.1 200 OK"
2026-08-28 22:38:59,322 [INFO] HTTP Request: POST http://localhost:8001/v1/chat/completions "HTTP/1.1 200 OK"
2026-08-28 22:39:00,553 [INFO] HTTP Request: POST http://localhost:8001/v1/chat/completions "HTTP/1.1 200 OK"
2026-08-28 22:39:03,421 [INFO] HTTP Request: POST http://localhost:8001/v1/chat/completions "HTTP/1.1 200 OK"
2026-08-28 22:39:03,422 [INFO] HTTP Request: POST http://localhost:8001/v1/chat/completions "HTTP/1.1 200 OK"
2026-08-28 22:39:06,443 [INFO] HTTP Request: POST http://localhost:8001/v1/chat/completions "HTTP/1.1 200 OK"
2026-08-28 22:39:08,395 [INFO] HTTP Request: POST http://localhost:8001/v1/chat/completions "HTTP/1.1 200 OK"
2026-08-28 22:39:10,595 [INFO] HTTP Request: POST http://localhost:8001/v1/chat/completions "HTTP/1.1 200 OK"
2026-08-28 22:39:11,124 [INFO] HTTP Request: POST http://localhost:8001/v1/chat/completions "HTTP/1.1 200 OK"
2026-08-28 22:39:26,925 [INFO] HTTP Request: POST http://localhost:8001/v1/chat/completions "HTTP/1.1 200 OK"
2026-08-28 22:39:40,714 [INFO] HTTP Request: POST http://localhost:8001/v1/chat/completions "HTTP/1.1 200 OK"
2026-08-28 22:39:41,217 [INFO] HTTP Request: POST http://localhost:8001/v1/chat/completions "HTTP/1.1 200 OK"
2026-08-28 22:39:42,120 [INFO] HTTP Request: POST http://localhost:8001/v1/chat/completions "HTTP/1.1 200 OK"
2026-08-28 22:39:43,592 [INFO] HTTP Request: POST http://localhost:8001/v1/chat/completions "HTTP/1.1 200 OK"
2026-08-28 22:39:46,921 [INFO] HTTP Request: POST http://localhost:8001/v1/chat/completions "HTTP/1.1 200 OK"
2026-08-28 22:39:47,312 [INFO] HTTP Request: POST http://localhost:8001/v1/chat/completions "HTTP/1.1 200 OK"
2026-08-28 22:39:48,286 [INFO] HTTP Request: POST http://localhost:8001/v1/chat/completions "HTTP/1.1 200 OK"
2026-08-28 22:39:49,710 [INFO] HTTP Request: POST http://localhost:8001/v1/chat/completions "HTTP/1.1 200 OK"
2026-08-28 22:39:50,563 [INFO] HTTP Request: POST http://localhost:8001/v1/chat/completions "HTTP/1.1 200 OK"
2026-08-28 22:39:50,752 [INFO] HTTP Request: POST http://localhost:8001/v1/chat/completions "HTTP/1.1 200 OK"
2026-08-28 22:39:50,940 [INFO] HTTP Request: POST http://localhost:8001/v1/chat/completions "HTTP/1.1 200 OK"
2026-08-28 22:39:53,339 [INFO] HTTP Request: POST http://localhost:8001/v1/chat/completions "HTTP/1.1 200 OK"
2026-08-28 22:39:54,075 [INFO] HTTP Request: POST http://localhost:8001/v1/chat/completions "HTTP/1.1 200 OK"
2026-08-28 22:39:54,167 [INFO] HTTP Request: POST http://localhost:8001/v1/chat/completions "HTTP/1.1 200 OK"
2026-08-28 22:39:56,817 [INFO] HTTP Request: POST http://localhost:8001/v1/chat/completions "HTTP/1.1 200 OK"
2026-08-28 22:39:56,923 [INFO]   💾 960/4921  [ok=960 skip=0 error=0]
2026-08-28 22:40:55,641 [INFO] HTTP Request: POST http://localhost:8001/v1/chat/completions "HTTP/1.1 200 OK"
2026-08-28 22:40:56,863 [INFO] HTTP Request: POST http://localhost:8001/v1/chat/completions "HTTP/1.1 200 OK"
2026-08-28 22:40:59,835 [INFO] HTTP Request: POST http://localhost:8001/v1/chat/completions "HTTP/1.1 200 OK"
2026-08-28 22:41:00,811 [INFO] HTTP Request: POST http://localhost:8001/v1/chat/completions "HTTP/1.1 200 OK"
2026-08-28 22:41:03,803 [INFO] HTTP Request: POST http://localhost:8001/v1/chat/completions "HTTP/1.1 200 OK"
2026-08-28 22:41:04,334 [INFO] HTTP Request: POST http://localhost:8001/v1/chat/completions "HTTP/1.1 200 OK"
2026-08-28 22:41:07,478 [INFO] HTTP Request: POST http://localhost:8001/v1/chat/completions "HTTP/1.1 200 OK"
2026-08-28 22:41:09,220 [INFO] HTTP Request: POST http://localhost:8001/v1/chat/completions "HTTP/1.1 200 OK"
2026-08-28 22:41:09,323 [INFO] HTTP Request: POST http://localhost:8001/v1/chat/completions "HTTP/1.1 200 OK"
2026-08-28 22:41:11,540 [INFO] HTTP Request: POST http://localhost:8001/v1/chat/completions "HTTP/1.1 200 OK"
2026-08-28 22:41:14,925 [INFO] HTTP Request: POST http://localhost:8001/v1/chat/completions "HTTP/1.1 200 OK"
2026-08-28 22:41:15,027 [INFO] HTTP Request: POST http://localhost:8001/v1/chat/completions "HTTP/1.1 200 OK"
2026-08-28 22:41:18,485 [INFO] HTTP Request: POST http://localhost:8001/v1/chat/completions "HTTP/1.1 200 OK"
2026-08-28 22:41:21,822 [INFO] HTTP Request: POST http://localhost:8001/v1/chat/completions "HTTP/1.1 200 OK"
2026-08-28 22:41:23,358 [INFO] HTTP Request: POST http://localhost:8001/v1/chat/completions "HTTP/1.1 200 OK"
2026-08-28 22:41:25,310 [INFO] HTTP Request: POST http://localhost:8001/v1/chat/completions "HTTP/1.1 200 OK"
2026-08-28 22:41:36,291 [INFO] HTTP Request: POST http://localhost:8001/v1/chat/completions "HTTP/1.1 200 OK"
2026-08-28 22:41:54,411 [INFO] HTTP Request: POST http://localhost:8001/v1/chat/completions "HTTP/1.1 200 OK"
2026-08-28 22:41:58,130 [INFO] HTTP Request: POST http://localhost:8001/v1/chat/completions "HTTP/1.1 200 OK"
2026-08-28 22:41:58,927 [INFO] HTTP Request: POST http://localhost:8001/v1/chat/completions "HTTP/1.1 200 OK"
2026-08-28 22:41:59,616 [INFO] HTTP Request: POST http://localhost:8001/v1/chat/completions "HTTP/1.1 200 OK"
2026-08-28 22:41:59,715 [INFO] HTTP Request: POST http://localhost:8001/v1/chat/completions "HTTP/1.1 200 OK"
2026-08-28 22:41:59,813 [INFO] HTTP Request: POST http://localhost:8001/v1/chat/completions "HTTP/1.1 200 OK"
2026-08-28 22:42:00,398 [INFO] HTTP Request: POST http://localhost:8001/v1/chat/completions "HTTP/1.1 200 OK"
2026-08-28 22:42:00,685 [INFO] HTTP Request: POST http://localhost:8001/v1/chat/completions "HTTP/1.1 200 OK"
2026-08-28 22:42:04,663 [INFO] HTTP Request: POST http://localhost:8001/v1/chat/completions "HTTP/1.1 200 OK"
2026-08-28 22:42:07,593 [INFO] HTTP Request: POST http://localhost:8001/v1/chat/completions "HTTP/1.1 200 OK"
2026-08-28 22:42:09,096 [INFO] HTTP Request: POST http://localhost:8001/v1/chat/completions "HTTP/1.1 200 OK"
2026-08-28 22:42:10,020 [INFO] HTTP Request: POST http://localhost:8001/v1/chat/completions "HTTP/1.1 200 OK"
2026-08-28 22:42:10,848 [INFO] HTTP Request: POST http://localhost:8001/v1/chat/completions "HTTP/1.1 200 OK"
2026-08-28 22:42:13,565 [INFO] HTTP Request: POST http://localhost:8001/v1/chat/completions "HTTP/1.1 200 OK"
2026-08-28 22:42:15,932 [INFO] HTTP Request: POST http://localhost:8001/v1/chat/completions "HTTP/1.1 200 OK"
2026-08-28 22:42:16,003 [INFO]   💾 992/4921  [ok=992 skip=0 error=0]
2026-08-28 22:43:11,826 [INFO] HTTP Request: POST http://localhost:8001/v1/chat/completions "HTTP/1.1 200 OK"
2026-08-28 22:43:13,559 [INFO] HTTP Request: POST http://localhost:8001/v1/chat/completions "HTTP/1.1 200 OK"
2026-08-28 22:43:13,660 [INFO] HTTP Request: POST http://localhost:8001/v1/chat/completions "HTTP/1.1 200 OK"
2026-08-28 22:43:16,180 [INFO] HTTP Request: POST http://localhost:8001/v1/chat/completions "HTTP/1.1 200 OK"
2026-08-28 22:43:20,857 [INFO] HTTP Request: POST http://localhost:8001/v1/chat/completions "HTTP/1.1 200 OK"
2026-08-28 22:43:25,030 [INFO] HTTP Request: POST http://localhost:8001/v1/chat/completions "HTTP/1.1 200 OK"
2026-08-28 22:43:26,007 [INFO] HTTP Request: POST http://localhost:8001/v1/chat/completions "HTTP/1.1 200 OK"
2026-08-28 22:43:26,449 [INFO] HTTP Request: POST http://localhost:8001/v1/chat/completions "HTTP/1.1 200 OK"
2026-08-28 22:43:31,744 [INFO] HTTP Request: POST http://localhost:8001/v1/chat/completions "HTTP/1.1 200 OK"
2026-08-28 22:43:34,109 [INFO] HTTP Request: POST http://localhost:8001/v1/chat/completions "HTTP/1.1 200 OK"
2026-08-28 22:43:36,782 [INFO] HTTP Request: POST http://localhost:8001/v1/chat/completions "HTTP/1.1 200 OK"
2026-08-28 22:43:36,782 [INFO] HTTP Request: POST http://localhost:8001/v1/chat/completions "HTTP/1.1 200 OK"
2026-08-28 22:43:40,347 [INFO] HTTP Request: POST http://localhost:8001/v1/chat/completions "HTTP/1.1 200 OK"
2026-08-28 22:43:40,878 [INFO] HTTP Request: POST http://localhost:8001/v1/chat/completions "HTTP/1.1 200 OK"
2026-08-28 22:43:46,902 [INFO] HTTP Request: POST http://localhost:8001/v1/chat/completions "HTTP/1.1 200 OK"
2026-08-28 22:43:47,005 [INFO] HTTP Request: POST http://localhost:8001/v1/chat/completions "HTTP/1.1 200 OK"
2026-08-28 22:44:08,882 [INFO] HTTP Request: POST http://localhost:8001/v1/chat/completions "HTTP/1.1 200 OK"
2026-08-28 22:44:11,909 [INFO] HTTP Request: POST http://localhost:8001/v1/chat/completions "HTTP/1.1 200 OK"
2026-08-28 22:44:12,312 [INFO] HTTP Request: POST http://localhost:8001/v1/chat/completions "HTTP/1.1 200 OK"
2026-08-28 22:44:13,210 [INFO] HTTP Request: POST http://localhost:8001/v1/chat/completions "HTTP/1.1 200 OK"
2026-08-28 22:44:14,389 [INFO] HTTP Request: POST http://localhost:8001/v1/chat/completions "HTTP/1.1 200 OK"
2026-08-28 22:44:15,760 [INFO] HTTP Request: POST http://localhost:8001/v1/chat/completions "HTTP/1.1 200 OK"
2026-08-28 22:44:18,397 [INFO] HTTP Request: POST http://localhost:8001/v1/chat/completions "HTTP/1.1 200 OK"
2026-08-28 22:44:18,397 [INFO] HTTP Request: POST http://localhost:8001/v1/chat/completions "HTTP/1.1 200 OK"
2026-08-28 22:44:21,914 [INFO] HTTP Request: POST http://localhost:8001/v1/chat/completions "HTTP/1.1 200 OK"
2026-08-28 22:44:22,958 [INFO] HTTP Request: POST http://localhost:8001/v1/chat/completions "HTTP/1.1 200 OK"
2026-08-28 22:44:24,564 [INFO] HTTP Request: POST http://localhost:8001/v1/chat/completions "HTTP/1.1 200 OK"
2026-08-28 22:44:25,035 [INFO] HTTP Request: POST http://localhost:8001/v1/chat/completions "HTTP/1.1 200 OK"
2026-08-28 22:44:25,682 [INFO] HTTP Request: POST http://localhost:8001/v1/chat/completions "HTTP/1.1 200 OK"
2026-08-28 22:44:28,074 [INFO] HTTP Request: POST http://localhost:8001/v1/chat/completions "HTTP/1.1 200 OK"
2026-08-28 22:44:28,075 [INFO] HTTP Request: POST http://localhost:8001/v1/chat/completions "HTTP/1.1 200 OK"
2026-08-28 22:44:35,940 [INFO] HTTP Request: POST http://localhost:8001/v1/chat/completions "HTTP/1.1 200 OK"
2026-08-28 22:44:36,027 [INFO]   💾 1024/4921  [ok=1024 skip=0 error=0]
2026-08-28 22:45:33,696 [INFO] HTTP Request: POST http://localhost:8001/v1/chat/completions "HTTP/1.1 200 OK"
2026-08-28 22:45:33,797 [INFO] HTTP Request: POST http://localhost:8001/v1/chat/completions "HTTP/1.1 200 OK"
2026-08-28 22:45:37,449 [INFO] HTTP Request: POST http://localhost:8001/v1/chat/completions "HTTP/1.1 200 OK"
2026-08-28 22:45:39,488 [INFO] HTTP Request: POST http://localhost:8001/v1/chat/completions "HTTP/1.1 200 OK"
2026-08-28 22:45:41,627 [INFO] HTTP Request: POST http://localhost:8001/v1/chat/completions "HTTP/1.1 200 OK"
2026-08-28 22:45:44,576 [INFO] HTTP Request: POST http://localhost:8001/v1/chat/completions "HTTP/1.1 200 OK"
2026-08-28 22:45:44,678 [INFO] HTTP Request: POST http://localhost:8001/v1/chat/completions "HTTP/1.1 200 OK"
2026-08-28 22:45:45,990 [INFO] HTTP Request: POST http://localhost:8001/v1/chat/completions "HTTP/1.1 200 OK"
2026-08-28 22:45:46,876 [INFO] HTTP Request: POST http://localhost:8001/v1/chat/completions "HTTP/1.1 200 OK"
2026-08-28 22:45:47,309 [INFO] HTTP Request: POST http://localhost:8001/v1/chat/completions "HTTP/1.1 200 OK"
2026-08-28 22:45:52,397 [INFO] HTTP Request: POST http://localhost:8001/v1/chat/completions "HTTP/1.1 200 OK"
2026-08-28 22:45:52,928 [INFO] HTTP Request: POST http://localhost:8001/v1/chat/completions "HTTP/1.1 200 OK"
2026-08-28 22:45:55,986 [INFO] HTTP Request: POST http://localhost:8001/v1/chat/completions "HTTP/1.1 200 OK"
2026-08-28 22:45:57,940 [INFO] HTTP Request: POST http://localhost:8001/v1/chat/completions "HTTP/1.1 200 OK"
2026-08-28 22:46:00,831 [INFO] HTTP Request: POST http://localhost:8001/v1/chat/completions "HTTP/1.1 200 OK"
2026-08-28 22:46:01,813 [INFO] HTTP Request: POST http://localhost:8001/v1/chat/completions "HTTP/1.1 200 OK"
2026-08-28 22:46:22,997 [INFO] HTTP Request: POST http://localhost:8001/v1/chat/completions "HTTP/1.1 200 OK"
2026-08-28 22:46:29,948 [INFO] HTTP Request: POST http://localhost:8001/v1/chat/completions "HTTP/1.1 200 OK"
2026-08-28 22:46:30,753 [INFO] HTTP Request: POST http://localhost:8001/v1/chat/completions "HTTP/1.1 200 OK"
2026-08-28 22:46:33,053 [INFO] HTTP Request: POST http://localhost:8001/v1/chat/completions "HTTP/1.1 200 OK"
2026-08-28 22:46:35,221 [INFO] HTTP Request: POST http://localhost:8001/v1/chat/completions "HTTP/1.1 200 OK"
2026-08-28 22:46:37,867 [INFO] HTTP Request: POST http://localhost:8001/v1/chat/completions "HTTP/1.1 200 OK"
2026-08-28 22:46:38,844 [INFO] HTTP Request: POST http://localhost:8001/v1/chat/completions "HTTP/1.1 200 OK"
2026-08-28 22:46:40,693 [INFO] HTTP Request: POST http://localhost:8001/v1/chat/completions "HTTP/1.1 200 OK"
2026-08-28 22:46:43,075 [INFO] HTTP Request: POST http://localhost:8001/v1/chat/completions "HTTP/1.1 200 OK"
2026-08-28 22:46:43,455 [INFO] HTTP Request: POST http://localhost:8001/v1/chat/completions "HTTP/1.1 200 OK"
2026-08-28 22:46:43,645 [INFO] HTTP Request: POST http://localhost:8001/v1/chat/completions "HTTP/1.1 200 OK"
2026-08-28 22:46:44,492 [INFO] HTTP Request: POST http://localhost:8001/v1/chat/completions "HTTP/1.1 200 OK"
2026-08-28 22:46:44,678 [INFO] HTTP Request: POST http://localhost:8001/v1/chat/completions "HTTP/1.1 200 OK"
2026-08-28 22:46:46,334 [INFO] HTTP Request: POST http://localhost:8001/v1/chat/completions "HTTP/1.1 200 OK"
2026-08-28 22:46:46,698 [INFO] HTTP Request: POST http://localhost:8001/v1/chat/completions "HTTP/1.1 200 OK"
2026-08-28 22:46:47,167 [INFO] HTTP Request: POST http://localhost:8001/v1/chat/completions "HTTP/1.1 200 OK"
2026-08-28 22:46:47,248 [INFO]   💾 1056/4921  [ok=1056 skip=0 error=0]
2026-08-28 22:47:44,149 [INFO] HTTP Request: POST http://localhost:8001/v1/chat/completions "HTTP/1.1 200 OK"
2026-08-28 22:47:45,594 [INFO] HTTP Request: POST http://localhost:8001/v1/chat/completions "HTTP/1.1 200 OK"
2026-08-28 22:47:47,648 [INFO] HTTP Request: POST http://localhost:8001/v1/chat/completions "HTTP/1.1 200 OK"
2026-08-28 22:47:49,909 [INFO] HTTP Request: POST http://localhost:8001/v1/chat/completions "HTTP/1.1 200 OK"
2026-08-28 22:47:50,437 [INFO] HTTP Request: POST http://localhost:8001/v1/chat/completions "HTTP/1.1 200 OK"
2026-08-28 22:47:52,673 [INFO] HTTP Request: POST http://localhost:8001/v1/chat/completions "HTTP/1.1 200 OK"
2026-08-28 22:47:54,118 [INFO] HTTP Request: POST http://localhost:8001/v1/chat/completions "HTTP/1.1 200 OK"
2026-08-28 22:47:55,463 [INFO] HTTP Request: POST http://localhost:8001/v1/chat/completions "HTTP/1.1 200 OK"
2026-08-28 22:47:57,326 [INFO] HTTP Request: POST http://localhost:8001/v1/chat/completions "HTTP/1.1 200 OK"
2026-08-28 22:47:59,687 [INFO] HTTP Request: POST http://localhost:8001/v1/chat/completions "HTTP/1.1 200 OK"
2026-08-28 22:48:01,966 [INFO] HTTP Request: POST http://localhost:8001/v1/chat/completions "HTTP/1.1 200 OK"
2026-08-28 22:48:04,243 [INFO] HTTP Request: POST http://localhost:8001/v1/chat/completions "HTTP/1.1 200 OK"
2026-08-28 22:48:05,801 [INFO] HTTP Request: POST http://localhost:8001/v1/chat/completions "HTTP/1.1 200 OK"
2026-08-28 22:48:06,785 [INFO] HTTP Request: POST http://localhost:8001/v1/chat/completions "HTTP/1.1 200 OK"
2026-08-28 22:48:08,915 [INFO] HTTP Request: POST http://localhost:8001/v1/chat/completions "HTTP/1.1 200 OK"
2026-08-28 22:48:11,736 [INFO] HTTP Request: POST http://localhost:8001/v1/chat/completions "HTTP/1.1 200 OK"
2026-08-28 22:48:43,873 [INFO] HTTP Request: POST http://localhost:8001/v1/chat/completions "HTTP/1.1 200 OK"
2026-08-28 22:48:44,984 [INFO] HTTP Request: POST http://localhost:8001/v1/chat/completions "HTTP/1.1 200 OK"
2026-08-28 22:48:45,387 [INFO] HTTP Request: POST http://localhost:8001/v1/chat/completions "HTTP/1.1 200 OK"
2026-08-28 22:48:45,886 [INFO] HTTP Request: POST http://localhost:8001/v1/chat/completions "HTTP/1.1 200 OK"
2026-08-28 22:48:46,380 [INFO] HTTP Request: POST http://localhost:8001/v1/chat/completions "HTTP/1.1 200 OK"
2026-08-28 22:48:47,068 [INFO] HTTP Request: POST http://localhost:8001/v1/chat/completions "HTTP/1.1 200 OK"
2026-08-28 22:48:47,947 [INFO] HTTP Request: POST http://localhost:8001/v1/chat/completions "HTTP/1.1 200 OK"
2026-08-28 22:48:49,116 [INFO] HTTP Request: POST http://localhost:8001/v1/chat/completions "HTTP/1.1 200 OK"
2026-08-28 22:48:49,593 [INFO] HTTP Request: POST http://localhost:8001/v1/chat/completions "HTTP/1.1 200 OK"
2026-08-28 22:48:50,069 [INFO] HTTP Request: POST http://localhost:8001/v1/chat/completions "HTTP/1.1 200 OK"
2026-08-28 22:48:50,919 [INFO] HTTP Request: POST http://localhost:8001/v1/chat/completions "HTTP/1.1 200 OK"
2026-08-28 22:48:51,766 [INFO] HTTP Request: POST http://localhost:8001/v1/chat/completions "HTTP/1.1 200 OK"
2026-08-28 22:48:52,044 [INFO] HTTP Request: POST http://localhost:8001/v1/chat/completions "HTTP/1.1 200 OK"
2026-08-28 22:48:53,057 [INFO] HTTP Request: POST http://localhost:8001/v1/chat/completions "HTTP/1.1 200 OK"
2026-08-28 22:48:58,400 [INFO] HTTP Request: POST http://localhost:8001/v1/chat/completions "HTTP/1.1 200 OK"
2026-08-28 22:48:58,490 [INFO] HTTP Request: POST http://localhost:8001/v1/chat/completions "HTTP/1.1 200 OK"
2026-08-28 22:48:58,549 [INFO]   💾 1088/4921  [ok=1088 skip=0 error=0]
2026-08-28 22:49:55,094 [INFO] HTTP Request: POST http://localhost:8001/v1/chat/completions "HTTP/1.1 200 OK"
2026-08-28 22:49:56,072 [INFO] HTTP Request: POST http://localhost:8001/v1/chat/completions "HTTP/1.1 200 OK"
2026-08-28 22:49:59,717 [INFO] HTTP Request: POST http://localhost:8001/v1/chat/completions "HTTP/1.1 200 OK"
2026-08-28 22:50:02,074 [INFO] HTTP Request: POST http://localhost:8001/v1/chat/completions "HTTP/1.1 200 OK"
2026-08-28 22:50:03,319 [INFO] HTTP Request: POST http://localhost:8001/v1/chat/completions "HTTP/1.1 200 OK"
2026-08-28 22:50:04,766 [INFO] HTTP Request: POST http://localhost:8001/v1/chat/completions "HTTP/1.1 200 OK"
2026-08-28 22:50:05,293 [INFO] HTTP Request: POST http://localhost:8001/v1/chat/completions "HTTP/1.1 200 OK"
2026-08-28 22:50:08,344 [INFO] HTTP Request: POST http://localhost:8001/v1/chat/completions "HTTP/1.1 200 OK"
2026-08-28 22:50:09,322 [INFO] HTTP Request: POST http://localhost:8001/v1/chat/completions "HTTP/1.1 200 OK"
2026-08-28 22:50:10,732 [INFO] HTTP Request: POST http://localhost:8001/v1/chat/completions "HTTP/1.1 200 OK"
2026-08-28 22:50:10,732 [INFO] HTTP Request: POST http://localhost:8001/v1/chat/completions "HTTP/1.1 200 OK"
2026-08-28 22:50:11,700 [INFO] HTTP Request: POST http://localhost:8001/v1/chat/completions "HTTP/1.1 200 OK"
2026-08-28 22:50:14,798 [INFO] HTTP Request: POST http://localhost:8001/v1/chat/completions "HTTP/1.1 200 OK"
2026-08-28 22:50:18,348 [INFO] HTTP Request: POST http://localhost:8001/v1/chat/completions "HTTP/1.1 200 OK"
2026-08-28 22:50:18,450 [INFO] HTTP Request: POST http://localhost:8001/v1/chat/completions "HTTP/1.1 200 OK"
2026-08-28 22:50:18,451 [INFO] HTTP Request: POST http://localhost:8001/v1/chat/completions "HTTP/1.1 200 OK"
2026-08-28 22:50:45,184 [INFO] HTTP Request: POST http://localhost:8001/v1/chat/completions "HTTP/1.1 200 OK"
2026-08-28 22:50:55,178 [INFO] HTTP Request: POST http://localhost:8001/v1/chat/completions "HTTP/1.1 200 OK"
2026-08-28 22:50:59,606 [INFO] HTTP Request: POST http://localhost:8001/v1/chat/completions "HTTP/1.1 200 OK"
2026-08-28 22:51:00,108 [INFO] HTTP Request: POST http://localhost:8001/v1/chat/completions "HTTP/1.1 200 OK"
2026-08-28 22:51:00,108 [INFO] HTTP Request: POST http://localhost:8001/v1/chat/completions "HTTP/1.1 200 OK"
2026-08-28 22:51:02,171 [INFO] HTTP Request: POST http://localhost:8001/v1/chat/completions "HTTP/1.1 200 OK"
2026-08-28 22:51:02,759 [INFO] HTTP Request: POST http://localhost:8001/v1/chat/completions "HTTP/1.1 200 OK"
2026-08-28 22:51:02,955 [INFO] HTTP Request: POST http://localhost:8001/v1/chat/completions "HTTP/1.1 200 OK"
2026-08-28 22:51:03,147 [INFO] HTTP Request: POST http://localhost:8001/v1/chat/completions "HTTP/1.1 200 OK"
2026-08-28 22:51:03,338 [INFO] HTTP Request: POST http://localhost:8001/v1/chat/completions "HTTP/1.1 200 OK"
2026-08-28 22:51:04,850 [INFO] HTTP Request: POST http://localhost:8001/v1/chat/completions "HTTP/1.1 200 OK"
2026-08-28 22:51:05,793 [INFO] HTTP Request: POST http://localhost:8001/v1/chat/completions "HTTP/1.1 200 OK"
2026-08-28 22:51:05,979 [INFO] HTTP Request: POST http://localhost:8001/v1/chat/completions "HTTP/1.1 200 OK"
2026-08-28 22:51:06,348 [INFO] HTTP Request: POST http://localhost:8001/v1/chat/completions "HTTP/1.1 200 OK"
2026-08-28 22:51:09,609 [INFO] HTTP Request: POST http://localhost:8001/v1/chat/completions "HTTP/1.1 200 OK"
2026-08-28 22:51:12,829 [INFO] HTTP Request: POST http://localhost:8001/v1/chat/completions "HTTP/1.1 200 OK"
2026-08-28 22:51:12,900 [INFO]   💾 1120/4921  [ok=1120 skip=0 error=0]
2026-08-28 22:52:08,114 [INFO] HTTP Request: POST http://localhost:8001/v1/chat/completions "HTTP/1.1 200 OK"
2026-08-28 22:52:12,104 [INFO] HTTP Request: POST http://localhost:8001/v1/chat/completions "HTTP/1.1 200 OK"
2026-08-28 22:52:12,630 [INFO] HTTP Request: POST http://localhost:8001/v1/chat/completions "HTTP/1.1 200 OK"
2026-08-28 22:52:13,520 [INFO] HTTP Request: POST http://localhost:8001/v1/chat/completions "HTTP/1.1 200 OK"
2026-08-28 22:52:15,301 [INFO] HTTP Request: POST http://localhost:8001/v1/chat/completions "HTTP/1.1 200 OK"
2026-08-28 22:52:18,480 [INFO] HTTP Request: POST http://localhost:8001/v1/chat/completions "HTTP/1.1 200 OK"
2026-08-28 22:52:19,728 [INFO] HTTP Request: POST http://localhost:8001/v1/chat/completions "HTTP/1.1 200 OK"
2026-08-28 22:52:20,254 [INFO] HTTP Request: POST http://localhost:8001/v1/chat/completions "HTTP/1.1 200 OK"
2026-08-28 22:52:21,588 [INFO] HTTP Request: POST http://localhost:8001/v1/chat/completions "HTTP/1.1 200 OK"
2026-08-28 22:52:23,364 [INFO] HTTP Request: POST http://localhost:8001/v1/chat/completions "HTTP/1.1 200 OK"
2026-08-28 22:52:25,521 [INFO] HTTP Request: POST http://localhost:8001/v1/chat/completions "HTTP/1.1 200 OK"
2026-08-28 22:52:27,899 [INFO] HTTP Request: POST http://localhost:8001/v1/chat/completions "HTTP/1.1 200 OK"
2026-08-28 22:52:32,031 [INFO] HTTP Request: POST http://localhost:8001/v1/chat/completions "HTTP/1.1 200 OK"
2026-08-28 22:52:33,804 [INFO] HTTP Request: POST http://localhost:8001/v1/chat/completions "HTTP/1.1 200 OK"
2026-08-28 22:52:35,879 [INFO] HTTP Request: POST http://localhost:8001/v1/chat/completions "HTTP/1.1 200 OK"
2026-08-28 22:52:38,703 [INFO] HTTP Request: POST http://localhost:8001/v1/chat/completions "HTTP/1.1 200 OK"
2026-08-28 22:53:08,255 [INFO] HTTP Request: POST http://localhost:8001/v1/chat/completions "HTTP/1.1 200 OK"
2026-08-28 22:53:11,289 [INFO] HTTP Request: POST http://localhost:8001/v1/chat/completions "HTTP/1.1 200 OK"
2026-08-28 22:53:11,391 [INFO] HTTP Request: POST http://localhost:8001/v1/chat/completions "HTTP/1.1 200 OK"
2026-08-28 22:53:11,491 [INFO] HTTP Request: POST http://localhost:8001/v1/chat/completions "HTTP/1.1 200 OK"
2026-08-28 22:53:11,887 [INFO] HTTP Request: POST http://localhost:8001/v1/chat/completions "HTTP/1.1 200 OK"
2026-08-28 22:53:11,985 [INFO] HTTP Request: POST http://localhost:8001/v1/chat/completions "HTTP/1.1 200 OK"
2026-08-28 22:53:12,475 [INFO] HTTP Request: POST http://localhost:8001/v1/chat/completions "HTTP/1.1 200 OK"
2026-08-28 22:53:13,546 [INFO] HTTP Request: POST http://localhost:8001/v1/chat/completions "HTTP/1.1 200 OK"
2026-08-28 22:53:14,975 [INFO] HTTP Request: POST http://localhost:8001/v1/chat/completions "HTTP/1.1 200 OK"
2026-08-28 22:53:16,115 [INFO] HTTP Request: POST http://localhost:8001/v1/chat/completions "HTTP/1.1 200 OK"
2026-08-28 22:53:17,059 [INFO] HTTP Request: POST http://localhost:8001/v1/chat/completions "HTTP/1.1 200 OK"
2026-08-28 22:53:17,154 [INFO] HTTP Request: POST http://localhost:8001/v1/chat/completions "HTTP/1.1 200 OK"
2026-08-28 22:53:18,631 [INFO] HTTP Request: POST http://localhost:8001/v1/chat/completions "HTTP/1.1 200 OK"
2026-08-28 22:53:19,551 [INFO] HTTP Request: POST http://localhost:8001/v1/chat/completions "HTTP/1.1 200 OK"
2026-08-28 22:53:21,273 [INFO] HTTP Request: POST http://localhost:8001/v1/chat/completions "HTTP/1.1 200 OK"
2026-08-28 22:53:21,838 [INFO] HTTP Request: POST http://localhost:8001/v1/chat/completions "HTTP/1.1 200 OK"
2026-08-28 22:53:21,917 [INFO]   💾 1152/4921  [ok=1152 skip=0 error=0]
2026-08-28 22:54:19,981 [INFO] HTTP Request: POST http://localhost:8001/v1/chat/completions "HTTP/1.1 200 OK"
2026-08-28 22:54:22,957 [INFO] HTTP Request: POST http://localhost:8001/v1/chat/completions "HTTP/1.1 200 OK"
2026-08-28 22:54:24,207 [INFO] HTTP Request: POST http://localhost:8001/v1/chat/completions "HTTP/1.1 200 OK"
2026-08-28 22:54:24,306 [INFO] HTTP Request: POST http://localhost:8001/v1/chat/completions "HTTP/1.1 200 OK"
2026-08-28 22:54:26,779 [INFO] HTTP Request: POST http://localhost:8001/v1/chat/completions "HTTP/1.1 200 OK"
2026-08-28 22:54:28,633 [INFO] HTTP Request: POST http://localhost:8001/v1/chat/completions "HTTP/1.1 200 OK"
2026-08-28 22:54:28,734 [INFO] HTTP Request: POST http://localhost:8001/v1/chat/completions "HTTP/1.1 200 OK"
2026-08-28 22:54:28,735 [INFO] HTTP Request: POST http://localhost:8001/v1/chat/completions "HTTP/1.1 200 OK"
2026-08-28 22:54:30,478 [INFO] HTTP Request: POST http://localhost:8001/v1/chat/completions "HTTP/1.1 200 OK"
2026-08-28 22:54:35,969 [INFO] HTTP Request: POST http://localhost:8001/v1/chat/completions "HTTP/1.1 200 OK"
2026-08-28 22:54:36,496 [INFO] HTTP Request: POST http://localhost:8001/v1/chat/completions "HTTP/1.1 200 OK"
2026-08-28 22:54:36,945 [INFO] HTTP Request: POST http://localhost:8001/v1/chat/completions "HTTP/1.1 200 OK"
2026-08-28 22:54:40,405 [INFO] HTTP Request: POST http://localhost:8001/v1/chat/completions "HTTP/1.1 200 OK"
2026-08-28 22:54:42,382 [INFO] HTTP Request: POST http://localhost:8001/v1/chat/completions "HTTP/1.1 200 OK"
2026-08-28 22:54:44,360 [INFO] HTTP Request: POST http://localhost:8001/v1/chat/completions "HTTP/1.1 200 OK"
2026-08-28 22:54:55,001 [INFO] HTTP Request: POST http://localhost:8001/v1/chat/completions "HTTP/1.1 200 OK"
2026-08-28 22:55:15,880 [INFO] HTTP Request: POST http://localhost:8001/v1/chat/completions "HTTP/1.1 200 OK"
2026-08-28 22:55:17,396 [INFO] HTTP Request: POST http://localhost:8001/v1/chat/completions "HTTP/1.1 200 OK"
2026-08-28 22:55:19,610 [INFO] HTTP Request: POST http://localhost:8001/v1/chat/completions "HTTP/1.1 200 OK"
2026-08-28 22:55:20,809 [INFO] HTTP Request: POST http://localhost:8001/v1/chat/completions "HTTP/1.1 200 OK"
2026-08-28 22:55:21,501 [INFO] HTTP Request: POST http://localhost:8001/v1/chat/completions "HTTP/1.1 200 OK"
2026-08-28 22:55:22,190 [INFO] HTTP Request: POST http://localhost:8001/v1/chat/completions "HTTP/1.1 200 OK"
2026-08-28 22:55:22,190 [INFO] HTTP Request: POST http://localhost:8001/v1/chat/completions "HTTP/1.1 200 OK"
2026-08-28 22:55:24,627 [INFO] HTTP Request: POST http://localhost:8001/v1/chat/completions "HTTP/1.1 200 OK"
2026-08-28 22:55:25,201 [INFO] HTTP Request: POST http://localhost:8001/v1/chat/completions "HTTP/1.1 200 OK"
2026-08-28 22:55:25,771 [INFO] HTTP Request: POST http://localhost:8001/v1/chat/completions "HTTP/1.1 200 OK"
2026-08-28 22:55:26,149 [INFO] HTTP Request: POST http://localhost:8001/v1/chat/completions "HTTP/1.1 200 OK"
2026-08-28 22:55:26,526 [INFO] HTTP Request: POST http://localhost:8001/v1/chat/completions "HTTP/1.1 200 OK"
2026-08-28 22:55:28,097 [INFO] HTTP Request: POST http://localhost:8001/v1/chat/completions "HTTP/1.1 200 OK"
2026-08-28 22:55:29,752 [INFO] HTTP Request: POST http://localhost:8001/v1/chat/completions "HTTP/1.1 200 OK"
2026-08-28 22:55:32,108 [INFO] HTTP Request: POST http://localhost:8001/v1/chat/completions "HTTP/1.1 200 OK"
2026-08-28 22:55:33,052 [INFO] HTTP Request: POST http://localhost:8001/v1/chat/completions "HTTP/1.1 200 OK"
2026-08-28 22:55:33,126 [INFO]   💾 1184/4921  [ok=1184 skip=0 error=0]
2026-08-28 22:56:31,168 [INFO] HTTP Request: POST http://localhost:8001/v1/chat/completions "HTTP/1.1 200 OK"
2026-08-28 22:56:34,465 [INFO] HTTP Request: POST http://localhost:8001/v1/chat/completions "HTTP/1.1 200 OK"
2026-08-28 22:56:35,816 [INFO] HTTP Request: POST http://localhost:8001/v1/chat/completions "HTTP/1.1 200 OK"
2026-08-28 22:56:36,796 [INFO] HTTP Request: POST http://localhost:8001/v1/chat/completions "HTTP/1.1 200 OK"
2026-08-28 22:56:39,461 [INFO] HTTP Request: POST http://localhost:8001/v1/chat/completions "HTTP/1.1 200 OK"
2026-08-28 22:56:41,012 [INFO] HTTP Request: POST http://localhost:8001/v1/chat/completions "HTTP/1.1 200 OK"
2026-08-28 22:56:41,991 [INFO] HTTP Request: POST http://localhost:8001/v1/chat/completions "HTTP/1.1 200 OK"
2026-08-28 22:56:43,140 [INFO] HTTP Request: POST http://localhost:8001/v1/chat/completions "HTTP/1.1 200 OK"
2026-08-28 22:56:44,560 [INFO] HTTP Request: POST http://localhost:8001/v1/chat/completions "HTTP/1.1 200 OK"
2026-08-28 22:56:44,561 [INFO] HTTP Request: POST http://localhost:8001/v1/chat/completions "HTTP/1.1 200 OK"
2026-08-28 22:56:46,831 [INFO] HTTP Request: POST http://localhost:8001/v1/chat/completions "HTTP/1.1 200 OK"
2026-08-28 22:56:48,803 [INFO] HTTP Request: POST http://localhost:8001/v1/chat/completions "HTTP/1.1 200 OK"
2026-08-28 22:56:49,781 [INFO] HTTP Request: POST http://localhost:8001/v1/chat/completions "HTTP/1.1 200 OK"
2026-08-28 22:56:54,722 [INFO] HTTP Request: POST http://localhost:8001/v1/chat/completions "HTTP/1.1 200 OK"
2026-08-28 22:56:56,189 [INFO] HTTP Request: POST http://localhost:8001/v1/chat/completions "HTTP/1.1 200 OK"
2026-08-28 22:57:02,823 [INFO] HTTP Request: POST http://localhost:8001/v1/chat/completions "HTTP/1.1 200 OK"
2026-08-28 22:57:25,748 [INFO] HTTP Request: POST http://localhost:8001/v1/chat/completions "HTTP/1.1 200 OK"
2026-08-28 22:57:28,274 [INFO] HTTP Request: POST http://localhost:8001/v1/chat/completions "HTTP/1.1 200 OK"
2026-08-28 22:57:34,017 [INFO] HTTP Request: POST http://localhost:8001/v1/chat/completions "HTTP/1.1 200 OK"
2026-08-28 22:57:34,118 [INFO] HTTP Request: POST http://localhost:8001/v1/chat/completions "HTTP/1.1 200 OK"
2026-08-28 22:57:34,416 [INFO] HTTP Request: POST http://localhost:8001/v1/chat/completions "HTTP/1.1 200 OK"
2026-08-28 22:57:36,383 [INFO] HTTP Request: POST http://localhost:8001/v1/chat/completions "HTTP/1.1 200 OK"
2026-08-28 22:57:36,481 [INFO] HTTP Request: POST http://localhost:8001/v1/chat/completions "HTTP/1.1 200 OK"
2026-08-28 22:57:36,969 [INFO] HTTP Request: POST http://localhost:8001/v1/chat/completions "HTTP/1.1 200 OK"
2026-08-28 22:57:37,163 [INFO] HTTP Request: POST http://localhost:8001/v1/chat/completions "HTTP/1.1 200 OK"
2026-08-28 22:57:37,258 [INFO] HTTP Request: POST http://localhost:8001/v1/chat/completions "HTTP/1.1 200 OK"
2026-08-28 22:57:37,259 [INFO] HTTP Request: POST http://localhost:8001/v1/chat/completions "HTTP/1.1 200 OK"
2026-08-28 22:57:37,541 [INFO] HTTP Request: POST http://localhost:8001/v1/chat/completions "HTTP/1.1 200 OK"
2026-08-28 22:57:38,465 [INFO] HTTP Request: POST http://localhost:8001/v1/chat/completions "HTTP/1.1 200 OK"
2026-08-28 22:57:40,765 [INFO] HTTP Request: POST http://localhost:8001/v1/chat/completions "HTTP/1.1 200 OK"
2026-08-28 22:57:44,391 [INFO] HTTP Request: POST http://localhost:8001/v1/chat/completions "HTTP/1.1 200 OK"
2026-08-28 22:57:47,136 [INFO] HTTP Request: POST http://localhost:8001/v1/chat/completions "HTTP/1.1 200 OK"
2026-08-28 22:57:47,214 [INFO]   💾 1216/4921  [ok=1216 skip=0 error=0]
2026-08-28 22:58:45,901 [INFO] HTTP Request: POST http://localhost:8001/v1/chat/completions "HTTP/1.1 200 OK"
2026-08-28 22:58:47,153 [INFO] HTTP Request: POST http://localhost:8001/v1/chat/completions "HTTP/1.1 200 OK"
2026-08-28 22:58:49,331 [INFO] HTTP Request: POST http://localhost:8001/v1/chat/completions "HTTP/1.1 200 OK"
2026-08-28 22:58:50,693 [INFO] HTTP Request: POST http://localhost:8001/v1/chat/completions "HTTP/1.1 200 OK"
2026-08-28 22:58:51,673 [INFO] HTTP Request: POST http://localhost:8001/v1/chat/completions "HTTP/1.1 200 OK"
2026-08-28 22:58:52,383 [INFO] HTTP Request: POST http://localhost:8001/v1/chat/completions "HTTP/1.1 200 OK"
2026-08-28 22:58:52,834 [INFO] HTTP Request: POST http://localhost:8001/v1/chat/completions "HTTP/1.1 200 OK"
2026-08-28 22:58:56,513 [INFO] HTTP Request: POST http://localhost:8001/v1/chat/completions "HTTP/1.1 200 OK"
2026-08-28 22:58:57,872 [INFO] HTTP Request: POST http://localhost:8001/v1/chat/completions "HTTP/1.1 200 OK"
2026-08-28 22:58:57,873 [INFO] HTTP Request: POST http://localhost:8001/v1/chat/completions "HTTP/1.1 200 OK"
2026-08-28 22:59:00,254 [INFO] HTTP Request: POST http://localhost:8001/v1/chat/completions "HTTP/1.1 200 OK"
2026-08-28 22:59:02,220 [INFO] HTTP Request: POST http://localhost:8001/v1/chat/completions "HTTP/1.1 200 OK"
2026-08-28 22:59:03,586 [INFO] HTTP Request: POST http://localhost:8001/v1/chat/completions "HTTP/1.1 200 OK"
2026-08-28 22:59:04,564 [INFO] HTTP Request: POST http://localhost:8001/v1/chat/completions "HTTP/1.1 200 OK"
2026-08-28 22:59:10,846 [INFO] HTTP Request: POST http://localhost:8001/v1/chat/completions "HTTP/1.1 200 OK"
2026-08-28 22:59:10,946 [INFO] HTTP Request: POST http://localhost:8001/v1/chat/completions "HTTP/1.1 200 OK"
2026-08-28 22:59:44,657 [INFO] HTTP Request: POST http://localhost:8001/v1/chat/completions "HTTP/1.1 200 OK"
2026-08-28 22:59:47,190 [INFO] HTTP Request: POST http://localhost:8001/v1/chat/completions "HTTP/1.1 200 OK"
2026-08-28 22:59:47,392 [INFO] HTTP Request: POST http://localhost:8001/v1/chat/completions "HTTP/1.1 200 OK"
2026-08-28 22:59:48,295 [INFO] HTTP Request: POST http://localhost:8001/v1/chat/completions "HTTP/1.1 200 OK"
2026-08-28 22:59:49,581 [INFO] HTTP Request: POST http://localhost:8001/v1/chat/completions "HTTP/1.1 200 OK"
2026-08-28 22:59:49,777 [INFO] HTTP Request: POST http://localhost:8001/v1/chat/completions "HTTP/1.1 200 OK"
2026-08-28 22:59:50,170 [INFO] HTTP Request: POST http://localhost:8001/v1/chat/completions "HTTP/1.1 200 OK"
2026-08-28 22:59:51,830 [INFO] HTTP Request: POST http://localhost:8001/v1/chat/completions "HTTP/1.1 200 OK"
2026-08-28 22:59:51,928 [INFO] HTTP Request: POST http://localhost:8001/v1/chat/completions "HTTP/1.1 200 OK"
2026-08-28 22:59:52,118 [INFO] HTTP Request: POST http://localhost:8001/v1/chat/completions "HTTP/1.1 200 OK"
2026-08-28 22:59:52,401 [INFO] HTTP Request: POST http://localhost:8001/v1/chat/completions "HTTP/1.1 200 OK"
2026-08-28 22:59:52,684 [INFO] HTTP Request: POST http://localhost:8001/v1/chat/completions "HTTP/1.1 200 OK"
2026-08-28 22:59:52,779 [INFO] HTTP Request: POST http://localhost:8001/v1/chat/completions "HTTP/1.1 200 OK"
2026-08-28 22:59:54,895 [INFO] HTTP Request: POST http://localhost:8001/v1/chat/completions "HTTP/1.1 200 OK"
2026-08-28 22:59:55,349 [INFO] HTTP Request: POST http://localhost:8001/v1/chat/completions "HTTP/1.1 200 OK"
2026-08-28 22:59:58,760 [INFO] HTTP Request: POST http://localhost:8001/v1/chat/completions "HTTP/1.1 200 OK"
2026-08-28 22:59:58,829 [INFO]   💾 1248/4921  [ok=1248 skip=0 error=0]
2026-08-28 23:00:53,247 [INFO] HTTP Request: POST http://localhost:8001/v1/chat/completions "HTTP/1.1 200 OK"
2026-08-28 23:00:55,539 [INFO] HTTP Request: POST http://localhost:8001/v1/chat/completions "HTTP/1.1 200 OK"
2026-08-28 23:00:59,458 [INFO] HTTP Request: POST http://localhost:8001/v1/chat/completions "HTTP/1.1 200 OK"
2026-08-28 23:00:59,458 [INFO] HTTP Request: POST http://localhost:8001/v1/chat/completions "HTTP/1.1 200 OK"
2026-08-28 23:00:59,559 [INFO] HTTP Request: POST http://localhost:8001/v1/chat/completions "HTTP/1.1 200 OK"
2026-08-28 23:00:59,985 [INFO] HTTP Request: POST http://localhost:8001/v1/chat/completions "HTTP/1.1 200 OK"
2026-08-28 23:01:03,071 [INFO] HTTP Request: POST http://localhost:8001/v1/chat/completions "HTTP/1.1 200 OK"
2026-08-28 23:01:03,967 [INFO] HTTP Request: POST http://localhost:8001/v1/chat/completions "HTTP/1.1 200 OK"
2026-08-28 23:01:06,438 [INFO] HTTP Request: POST http://localhost:8001/v1/chat/completions "HTTP/1.1 200 OK"
2026-08-28 23:01:08,931 [INFO] HTTP Request: POST http://localhost:8001/v1/chat/completions "HTTP/1.1 200 OK"
2026-08-28 23:01:12,833 [INFO] HTTP Request: POST http://localhost:8001/v1/chat/completions "HTTP/1.1 200 OK"
2026-08-28 23:01:13,361 [INFO] HTTP Request: POST http://localhost:8001/v1/chat/completions "HTTP/1.1 200 OK"
2026-08-28 23:01:13,811 [INFO] HTTP Request: POST http://localhost:8001/v1/chat/completions "HTTP/1.1 200 OK"
2026-08-28 23:01:17,208 [INFO] HTTP Request: POST http://localhost:8001/v1/chat/completions "HTTP/1.1 200 OK"
2026-08-28 23:01:17,737 [INFO] HTTP Request: POST http://localhost:8001/v1/chat/completions "HTTP/1.1 200 OK"
2026-08-28 23:01:21,037 [INFO] HTTP Request: POST http://localhost:8001/v1/chat/completions "HTTP/1.1 200 OK"
2026-08-28 23:01:53,238 [INFO] HTTP Request: POST http://localhost:8001/v1/chat/completions "HTTP/1.1 200 OK"
2026-08-28 23:01:54,859 [INFO] HTTP Request: POST http://localhost:8001/v1/chat/completions "HTTP/1.1 200 OK"
2026-08-28 23:01:56,173 [INFO] HTTP Request: POST http://localhost:8001/v1/chat/completions "HTTP/1.1 200 OK"
2026-08-28 23:01:59,084 [INFO] HTTP Request: POST http://localhost:8001/v1/chat/completions "HTTP/1.1 200 OK"
2026-08-28 23:01:59,184 [INFO] HTTP Request: POST http://localhost:8001/v1/chat/completions "HTTP/1.1 200 OK"
2026-08-28 23:01:59,284 [INFO] HTTP Request: POST http://localhost:8001/v1/chat/completions "HTTP/1.1 200 OK"
2026-08-28 23:02:00,068 [INFO] HTTP Request: POST http://localhost:8001/v1/chat/completions "HTTP/1.1 200 OK"
2026-08-28 23:02:00,166 [INFO] HTTP Request: POST http://localhost:8001/v1/chat/completions "HTTP/1.1 200 OK"
2026-08-28 23:02:01,120 [INFO] HTTP Request: POST http://localhost:8001/v1/chat/completions "HTTP/1.1 200 OK"
2026-08-28 23:02:02,166 [INFO] HTTP Request: POST http://localhost:8001/v1/chat/completions "HTTP/1.1 200 OK"
2026-08-28 23:02:02,355 [INFO] HTTP Request: POST http://localhost:8001/v1/chat/completions "HTTP/1.1 200 OK"
2026-08-28 23:02:02,921 [INFO] HTTP Request: POST http://localhost:8001/v1/chat/completions "HTTP/1.1 200 OK"
2026-08-28 23:02:04,860 [INFO] HTTP Request: POST http://localhost:8001/v1/chat/completions "HTTP/1.1 200 OK"
2026-08-28 23:02:06,148 [INFO] HTTP Request: POST http://localhost:8001/v1/chat/completions "HTTP/1.1 200 OK"
2026-08-28 23:02:07,871 [INFO] HTTP Request: POST http://localhost:8001/v1/chat/completions "HTTP/1.1 200 OK"
2026-08-28 23:02:08,246 [INFO] HTTP Request: POST http://localhost:8001/v1/chat/completions "HTTP/1.1 200 OK"
2026-08-28 23:02:08,315 [INFO]   💾 1280/4921  [ok=1280 skip=0 error=0]
2026-08-28 23:03:07,156 [INFO] HTTP Request: POST http://localhost:8001/v1/chat/completions "HTTP/1.1 200 OK"
2026-08-28 23:03:09,347 [INFO] HTTP Request: POST http://localhost:8001/v1/chat/completions "HTTP/1.1 200 OK"
2026-08-28 23:03:09,448 [INFO] HTTP Request: POST http://localhost:8001/v1/chat/completions "HTTP/1.1 200 OK"
2026-08-28 23:03:10,317 [INFO] HTTP Request: POST http://localhost:8001/v1/chat/completions "HTTP/1.1 200 OK"
2026-08-28 23:03:14,665 [INFO] HTTP Request: POST http://localhost:8001/v1/chat/completions "HTTP/1.1 200 OK"
2026-08-28 23:03:14,667 [INFO] HTTP Request: POST http://localhost:8001/v1/chat/completions "HTTP/1.1 200 OK"
2026-08-28 23:03:17,790 [INFO] HTTP Request: POST http://localhost:8001/v1/chat/completions "HTTP/1.1 200 OK"
2026-08-28 23:03:19,167 [INFO] HTTP Request: POST http://localhost:8001/v1/chat/completions "HTTP/1.1 200 OK"
2026-08-28 23:03:20,544 [INFO] HTTP Request: POST http://localhost:8001/v1/chat/completions "HTTP/1.1 200 OK"
2026-08-28 23:03:22,021 [INFO] HTTP Request: POST http://localhost:8001/v1/chat/completions "HTTP/1.1 200 OK"
2026-08-28 23:03:22,999 [INFO] HTTP Request: POST http://localhost:8001/v1/chat/completions "HTTP/1.1 200 OK"
2026-08-28 23:03:24,577 [INFO] HTTP Request: POST http://localhost:8001/v1/chat/completions "HTTP/1.1 200 OK"
2026-08-28 23:03:26,156 [INFO] HTTP Request: POST http://localhost:8001/v1/chat/completions "HTTP/1.1 200 OK"
2026-08-28 23:03:28,448 [INFO] HTTP Request: POST http://localhost:8001/v1/chat/completions "HTTP/1.1 200 OK"
2026-08-28 23:03:31,346 [INFO] HTTP Request: POST http://localhost:8001/v1/chat/completions "HTTP/1.1 200 OK"
2026-08-28 23:03:44,624 [INFO] HTTP Request: POST http://localhost:8001/v1/chat/completions "HTTP/1.1 200 OK"
2026-08-28 23:04:05,911 [INFO] HTTP Request: POST http://localhost:8001/v1/chat/completions "HTTP/1.1 200 OK"
2026-08-28 23:04:08,359 [INFO] HTTP Request: POST http://localhost:8001/v1/chat/completions "HTTP/1.1 200 OK"
2026-08-28 23:04:09,675 [INFO] HTTP Request: POST http://localhost:8001/v1/chat/completions "HTTP/1.1 200 OK"
2026-08-28 23:04:12,598 [INFO] HTTP Request: POST http://localhost:8001/v1/chat/completions "HTTP/1.1 200 OK"
2026-08-28 23:04:12,698 [INFO] HTTP Request: POST http://localhost:8001/v1/chat/completions "HTTP/1.1 200 OK"
2026-08-28 23:04:13,389 [INFO] HTTP Request: POST http://localhost:8001/v1/chat/completions "HTTP/1.1 200 OK"
2026-08-28 23:04:13,586 [INFO] HTTP Request: POST http://localhost:8001/v1/chat/completions "HTTP/1.1 200 OK"
2026-08-28 23:04:14,369 [INFO] HTTP Request: POST http://localhost:8001/v1/chat/completions "HTTP/1.1 200 OK"
2026-08-28 23:04:16,661 [INFO] HTTP Request: POST http://localhost:8001/v1/chat/completions "HTTP/1.1 200 OK"
2026-08-28 23:04:17,136 [INFO] HTTP Request: POST http://localhost:8001/v1/chat/completions "HTTP/1.1 200 OK"
2026-08-28 23:04:18,651 [INFO] HTTP Request: POST http://localhost:8001/v1/chat/completions "HTTP/1.1 200 OK"
2026-08-28 23:04:19,407 [INFO] HTTP Request: POST http://localhost:8001/v1/chat/completions "HTTP/1.1 200 OK"
2026-08-28 23:04:23,286 [INFO] HTTP Request: POST http://localhost:8001/v1/chat/completions "HTTP/1.1 200 OK"
2026-08-28 23:04:23,931 [INFO] HTTP Request: POST http://localhost:8001/v1/chat/completions "HTTP/1.1 200 OK"
2026-08-28 23:04:25,835 [INFO] HTTP Request: POST http://localhost:8001/v1/chat/completions "HTTP/1.1 200 OK"
2026-08-28 23:04:32,676 [INFO] HTTP Request: POST http://localhost:8001/v1/chat/completions "HTTP/1.1 200 OK"
2026-08-28 23:04:32,760 [INFO]   💾 1312/4921  [ok=1312 skip=0 error=0]
2026-08-28 23:05:29,958 [INFO] HTTP Request: POST http://localhost:8001/v1/chat/completions "HTTP/1.1 200 OK"
2026-08-28 23:05:35,185 [INFO] HTTP Request: POST http://localhost:8001/v1/chat/completions "HTTP/1.1 200 OK"
2026-08-28 23:05:36,160 [INFO] HTTP Request: POST http://localhost:8001/v1/chat/completions "HTTP/1.1 200 OK"
2026-08-28 23:05:38,549 [INFO] HTTP Request: POST http://localhost:8001/v1/chat/completions "HTTP/1.1 200 OK"
2026-08-28 23:05:39,926 [INFO] HTTP Request: POST http://localhost:8001/v1/chat/completions "HTTP/1.1 200 OK"
2026-08-28 23:05:40,028 [INFO] HTTP Request: POST http://localhost:8001/v1/chat/completions "HTTP/1.1 200 OK"
2026-08-28 23:05:41,342 [INFO] HTTP Request: POST http://localhost:8001/v1/chat/completions "HTTP/1.1 200 OK"
2026-08-28 23:05:42,662 [INFO] HTTP Request: POST http://localhost:8001/v1/chat/completions "HTTP/1.1 200 OK"
2026-08-28 23:05:46,848 [INFO] HTTP Request: POST http://localhost:8001/v1/chat/completions "HTTP/1.1 200 OK"
2026-08-28 23:05:47,377 [INFO] HTTP Request: POST http://localhost:8001/v1/chat/completions "HTTP/1.1 200 OK"
2026-08-28 23:05:49,617 [INFO] HTTP Request: POST http://localhost:8001/v1/chat/completions "HTTP/1.1 200 OK"
2026-08-28 23:05:50,895 [INFO] HTTP Request: POST http://localhost:8001/v1/chat/completions "HTTP/1.1 200 OK"
2026-08-28 23:05:52,372 [INFO] HTTP Request: POST http://localhost:8001/v1/chat/completions "HTTP/1.1 200 OK"
2026-08-28 23:05:53,656 [INFO] HTTP Request: POST http://localhost:8001/v1/chat/completions "HTTP/1.1 200 OK"
2026-08-28 23:05:59,179 [INFO] HTTP Request: POST http://localhost:8001/v1/chat/completions "HTTP/1.1 200 OK"
2026-08-28 23:06:23,509 [INFO] HTTP Request: POST http://localhost:8001/v1/chat/completions "HTTP/1.1 200 OK"
2026-08-28 23:06:35,091 [INFO] HTTP Request: POST http://localhost:8001/v1/chat/completions "HTTP/1.1 200 OK"
2026-08-28 23:06:36,462 [INFO] HTTP Request: POST http://localhost:8001/v1/chat/completions "HTTP/1.1 200 OK"
2026-08-28 23:06:37,878 [INFO] HTTP Request: POST http://localhost:8001/v1/chat/completions "HTTP/1.1 200 OK"
2026-08-28 23:06:38,584 [INFO] HTTP Request: POST http://localhost:8001/v1/chat/completions "HTTP/1.1 200 OK"
2026-08-28 23:06:38,684 [INFO] HTTP Request: POST http://localhost:8001/v1/chat/completions "HTTP/1.1 200 OK"
2026-08-28 23:06:39,374 [INFO] HTTP Request: POST http://localhost:8001/v1/chat/completions "HTTP/1.1 200 OK"
2026-08-28 23:06:40,160 [INFO] HTTP Request: POST http://localhost:8001/v1/chat/completions "HTTP/1.1 200 OK"
2026-08-28 23:06:41,041 [INFO] HTTP Request: POST http://localhost:8001/v1/chat/completions "HTTP/1.1 200 OK"
2026-08-28 23:06:41,615 [INFO] HTTP Request: POST http://localhost:8001/v1/chat/completions "HTTP/1.1 200 OK"
2026-08-28 23:06:41,710 [INFO] HTTP Request: POST http://localhost:8001/v1/chat/completions "HTTP/1.1 200 OK"
2026-08-28 23:06:42,468 [INFO] HTTP Request: POST http://localhost:8001/v1/chat/completions "HTTP/1.1 200 OK"
2026-08-28 23:06:44,167 [INFO] HTTP Request: POST http://localhost:8001/v1/chat/completions "HTTP/1.1 200 OK"
2026-08-28 23:06:45,183 [INFO] HTTP Request: POST http://localhost:8001/v1/chat/completions "HTTP/1.1 200 OK"
2026-08-28 23:06:45,552 [INFO] HTTP Request: POST http://localhost:8001/v1/chat/completions "HTTP/1.1 200 OK"
2026-08-28 23:06:54,885 [INFO] HTTP Request: POST http://localhost:8001/v1/chat/completions "HTTP/1.1 200 OK"
2026-08-28 23:06:58,770 [INFO] HTTP Request: POST http://localhost:8001/v1/chat/completions "HTTP/1.1 200 OK"
2026-08-28 23:06:58,836 [INFO]   💾 1344/4921  [ok=1344 skip=0 error=0]
2026-08-28 23:07:56,028 [INFO] HTTP Request: POST http://localhost:8001/v1/chat/completions "HTTP/1.1 200 OK"
2026-08-28 23:07:58,423 [INFO] HTTP Request: POST http://localhost:8001/v1/chat/completions "HTTP/1.1 200 OK"
2026-08-28 23:07:58,523 [INFO] HTTP Request: POST http://localhost:8001/v1/chat/completions "HTTP/1.1 200 OK"
2026-08-28 23:08:02,008 [INFO] HTTP Request: POST http://localhost:8001/v1/chat/completions "HTTP/1.1 200 OK"
2026-08-28 23:08:02,535 [INFO] HTTP Request: POST http://localhost:8001/v1/chat/completions "HTTP/1.1 200 OK"
2026-08-28 23:08:05,286 [INFO] HTTP Request: POST http://localhost:8001/v1/chat/completions "HTTP/1.1 200 OK"
2026-08-28 23:08:05,287 [INFO] HTTP Request: POST http://localhost:8001/v1/chat/completions "HTTP/1.1 200 OK"
2026-08-28 23:08:09,510 [INFO] HTTP Request: POST http://localhost:8001/v1/chat/completions "HTTP/1.1 200 OK"
2026-08-28 23:08:10,039 [INFO] HTTP Request: POST http://localhost:8001/v1/chat/completions "HTTP/1.1 200 OK"
2026-08-28 23:08:10,939 [INFO] HTTP Request: POST http://localhost:8001/v1/chat/completions "HTTP/1.1 200 OK"
2026-08-28 23:08:12,270 [INFO] HTTP Request: POST http://localhost:8001/v1/chat/completions "HTTP/1.1 200 OK"
2026-08-28 23:08:14,641 [INFO] HTTP Request: POST http://localhost:8001/v1/chat/completions "HTTP/1.1 200 OK"
2026-08-28 23:08:15,924 [INFO] HTTP Request: POST http://localhost:8001/v1/chat/completions "HTTP/1.1 200 OK"
2026-08-28 23:08:16,023 [INFO] HTTP Request: POST http://localhost:8001/v1/chat/completions "HTTP/1.1 200 OK"
2026-08-28 23:08:21,728 [INFO] HTTP Request: POST http://localhost:8001/v1/chat/completions "HTTP/1.1 200 OK"
2026-08-28 23:08:54,084 [INFO] HTTP Request: POST http://localhost:8001/v1/chat/completions "HTTP/1.1 200 OK"
2026-08-28 23:08:59,566 [INFO] HTTP Request: POST http://localhost:8001/v1/chat/completions "HTTP/1.1 200 OK"
2026-08-28 23:09:00,987 [INFO] HTTP Request: POST http://localhost:8001/v1/chat/completions "HTTP/1.1 200 OK"
2026-08-28 23:09:01,392 [INFO] HTTP Request: POST http://localhost:8001/v1/chat/completions "HTTP/1.1 200 OK"
2026-08-28 23:09:03,613 [INFO] HTTP Request: POST http://localhost:8001/v1/chat/completions "HTTP/1.1 200 OK"
2026-08-28 23:09:04,107 [INFO] HTTP Request: POST http://localhost:8001/v1/chat/completions "HTTP/1.1 200 OK"
2026-08-28 23:09:04,700 [INFO] HTTP Request: POST http://localhost:8001/v1/chat/completions "HTTP/1.1 200 OK"
2026-08-28 23:09:05,192 [INFO] HTTP Request: POST http://localhost:8001/v1/chat/completions "HTTP/1.1 200 OK"
2026-08-28 23:09:08,228 [INFO] HTTP Request: POST http://localhost:8001/v1/chat/completions "HTTP/1.1 200 OK"
2026-08-28 23:09:08,517 [INFO] HTTP Request: POST http://localhost:8001/v1/chat/completions "HTTP/1.1 200 OK"
2026-08-28 23:09:08,612 [INFO] HTTP Request: POST http://localhost:8001/v1/chat/completions "HTTP/1.1 200 OK"
2026-08-28 23:09:09,180 [INFO] HTTP Request: POST http://localhost:8001/v1/chat/completions "HTTP/1.1 200 OK"
2026-08-28 23:09:10,786 [INFO] HTTP Request: POST http://localhost:8001/v1/chat/completions "HTTP/1.1 200 OK"
2026-08-28 23:09:11,527 [INFO] HTTP Request: POST http://localhost:8001/v1/chat/completions "HTTP/1.1 200 OK"
2026-08-28 23:09:14,840 [INFO] HTTP Request: POST http://localhost:8001/v1/chat/completions "HTTP/1.1 200 OK"
2026-08-28 23:09:23,810 [INFO] HTTP Request: POST http://localhost:8001/v1/chat/completions "HTTP/1.1 200 OK"
2026-08-28 23:09:27,979 [INFO] HTTP Request: POST http://localhost:8001/v1/chat/completions "HTTP/1.1 200 OK"
2026-08-28 23:09:28,049 [INFO]   💾 1376/4921  [ok=1376 skip=0 error=0]
2026-08-28 23:10:27,857 [INFO] HTTP Request: POST http://localhost:8001/v1/chat/completions "HTTP/1.1 200 OK"
2026-08-28 23:10:29,248 [INFO] HTTP Request: POST http://localhost:8001/v1/chat/completions "HTTP/1.1 200 OK"
2026-08-28 23:10:31,455 [INFO] HTTP Request: POST http://localhost:8001/v1/chat/completions "HTTP/1.1 200 OK"
2026-08-28 23:10:32,946 [INFO] HTTP Request: POST http://localhost:8001/v1/chat/completions "HTTP/1.1 200 OK"
2026-08-28 23:10:35,047 [INFO] HTTP Request: POST http://localhost:8001/v1/chat/completions "HTTP/1.1 200 OK"
2026-08-28 23:10:36,326 [INFO] HTTP Request: POST http://localhost:8001/v1/chat/completions "HTTP/1.1 200 OK"
2026-08-28 23:10:36,427 [INFO] HTTP Request: POST http://localhost:8001/v1/chat/completions "HTTP/1.1 200 OK"
2026-08-28 23:10:40,652 [INFO] HTTP Request: POST http://localhost:8001/v1/chat/completions "HTTP/1.1 200 OK"
2026-08-28 23:10:41,632 [INFO] HTTP Request: POST http://localhost:8001/v1/chat/completions "HTTP/1.1 200 OK"
2026-08-28 23:10:42,819 [INFO] HTTP Request: POST http://localhost:8001/v1/chat/completions "HTTP/1.1 200 OK"
2026-08-28 23:10:43,123 [INFO] HTTP Request: POST http://localhost:8001/v1/chat/completions "HTTP/1.1 200 OK"
2026-08-28 23:10:46,307 [INFO] HTTP Request: POST http://localhost:8001/v1/chat/completions "HTTP/1.1 200 OK"
2026-08-28 23:10:48,005 [INFO] HTTP Request: POST http://localhost:8001/v1/chat/completions "HTTP/1.1 200 OK"
2026-08-28 23:10:49,492 [INFO] HTTP Request: POST http://localhost:8001/v1/chat/completions "HTTP/1.1 200 OK"
2026-08-28 23:10:52,397 [INFO] HTTP Request: POST http://localhost:8001/v1/chat/completions "HTTP/1.1 200 OK"
2026-08-28 23:11:26,479 [INFO] HTTP Request: POST http://localhost:8001/v1/chat/completions "HTTP/1.1 200 OK"
2026-08-28 23:11:28,950 [INFO] HTTP Request: POST http://localhost:8001/v1/chat/completions "HTTP/1.1 200 OK"
2026-08-28 23:11:29,052 [INFO] HTTP Request: POST http://localhost:8001/v1/chat/completions "HTTP/1.1 200 OK"
2026-08-28 23:11:32,084 [INFO] HTTP Request: POST http://localhost:8001/v1/chat/completions "HTTP/1.1 200 OK"
2026-08-28 23:11:33,194 [INFO] HTTP Request: POST http://localhost:8001/v1/chat/completions "HTTP/1.1 200 OK"
2026-08-28 23:11:34,480 [INFO] HTTP Request: POST http://localhost:8001/v1/chat/completions "HTTP/1.1 200 OK"
2026-08-28 23:11:34,776 [INFO] HTTP Request: POST http://localhost:8001/v1/chat/completions "HTTP/1.1 200 OK"
2026-08-28 23:11:35,857 [INFO] HTTP Request: POST http://localhost:8001/v1/chat/completions "HTTP/1.1 200 OK"
2026-08-28 23:11:36,541 [INFO] HTTP Request: POST http://localhost:8001/v1/chat/completions "HTTP/1.1 200 OK"
2026-08-28 23:11:37,688 [INFO] HTTP Request: POST http://localhost:8001/v1/chat/completions "HTTP/1.1 200 OK"
2026-08-28 23:11:38,257 [INFO] HTTP Request: POST http://localhost:8001/v1/chat/completions "HTTP/1.1 200 OK"
2026-08-28 23:11:40,340 [INFO] HTTP Request: POST http://localhost:8001/v1/chat/completions "HTTP/1.1 200 OK"
2026-08-28 23:11:40,908 [INFO] HTTP Request: POST http://localhost:8001/v1/chat/completions "HTTP/1.1 200 OK"
2026-08-28 23:11:44,415 [INFO] HTTP Request: POST http://localhost:8001/v1/chat/completions "HTTP/1.1 200 OK"
2026-08-28 23:11:49,939 [INFO] HTTP Request: POST http://localhost:8001/v1/chat/completions "HTTP/1.1 200 OK"
2026-08-28 23:11:55,012 [INFO] HTTP Request: POST http://localhost:8001/v1/chat/completions "HTTP/1.1 200 OK"
2026-08-28 23:11:56,905 [INFO] HTTP Request: POST http://localhost:8001/v1/chat/completions "HTTP/1.1 200 OK"
2026-08-28 23:11:56,984 [INFO]   💾 1408/4921  [ok=1408 skip=0 error=0]
2026-08-28 23:12:55,213 [INFO] HTTP Request: POST http://localhost:8001/v1/chat/completions "HTTP/1.1 200 OK"
2026-08-28 23:12:58,740 [INFO] HTTP Request: POST http://localhost:8001/v1/chat/completions "HTTP/1.1 200 OK"
2026-08-28 23:13:02,064 [INFO] HTTP Request: POST http://localhost:8001/v1/chat/completions "HTTP/1.1 200 OK"
2026-08-28 23:13:03,041 [INFO] HTTP Request: POST http://localhost:8001/v1/chat/completions "HTTP/1.1 200 OK"
2026-08-28 23:13:04,951 [INFO] HTTP Request: POST http://localhost:8001/v1/chat/completions "HTTP/1.1 200 OK"
2026-08-28 23:13:06,851 [INFO] HTTP Request: POST http://localhost:8001/v1/chat/completions "HTTP/1.1 200 OK"
2026-08-28 23:13:06,851 [INFO] HTTP Request: POST http://localhost:8001/v1/chat/completions "HTTP/1.1 200 OK"
2026-08-28 23:13:07,374 [INFO] HTTP Request: POST http://localhost:8001/v1/chat/completions "HTTP/1.1 200 OK"
2026-08-28 23:13:11,761 [INFO] HTTP Request: POST http://localhost:8001/v1/chat/completions "HTTP/1.1 200 OK"
2026-08-28 23:13:12,288 [INFO] HTTP Request: POST http://localhost:8001/v1/chat/completions "HTTP/1.1 200 OK"
2026-08-28 23:13:15,306 [INFO] HTTP Request: POST http://localhost:8001/v1/chat/completions "HTTP/1.1 200 OK"
2026-08-28 23:13:15,832 [INFO] HTTP Request: POST http://localhost:8001/v1/chat/completions "HTTP/1.1 200 OK"
2026-08-28 23:13:16,733 [INFO] HTTP Request: POST http://localhost:8001/v1/chat/completions "HTTP/1.1 200 OK"
2026-08-28 23:13:19,262 [INFO] HTTP Request: POST http://localhost:8001/v1/chat/completions "HTTP/1.1 200 OK"
2026-08-28 23:13:19,791 [INFO] HTTP Request: POST http://localhost:8001/v1/chat/completions "HTTP/1.1 200 OK"
2026-08-28 23:13:55,481 [INFO] HTTP Request: POST http://localhost:8001/v1/chat/completions "HTTP/1.1 200 OK"
2026-08-28 23:13:57,399 [INFO] HTTP Request: POST http://localhost:8001/v1/chat/completions "HTTP/1.1 200 OK"
2026-08-28 23:14:00,358 [INFO] HTTP Request: POST http://localhost:8001/v1/chat/completions "HTTP/1.1 200 OK"
2026-08-28 23:14:02,282 [INFO] HTTP Request: POST http://localhost:8001/v1/chat/completions "HTTP/1.1 200 OK"
2026-08-28 23:14:03,393 [INFO] HTTP Request: POST http://localhost:8001/v1/chat/completions "HTTP/1.1 200 OK"
2026-08-28 23:14:03,494 [INFO] HTTP Request: POST http://localhost:8001/v1/chat/completions "HTTP/1.1 200 OK"
2026-08-28 23:14:05,663 [INFO] HTTP Request: POST http://localhost:8001/v1/chat/completions "HTTP/1.1 200 OK"
2026-08-28 23:14:05,664 [INFO] HTTP Request: POST http://localhost:8001/v1/chat/completions "HTTP/1.1 200 OK"
2026-08-28 23:14:05,957 [INFO] HTTP Request: POST http://localhost:8001/v1/chat/completions "HTTP/1.1 200 OK"
2026-08-28 23:14:06,151 [INFO] HTTP Request: POST http://localhost:8001/v1/chat/completions "HTTP/1.1 200 OK"
2026-08-28 23:14:06,436 [INFO] HTTP Request: POST http://localhost:8001/v1/chat/completions "HTTP/1.1 200 OK"
2026-08-28 23:14:07,004 [INFO] HTTP Request: POST http://localhost:8001/v1/chat/completions "HTTP/1.1 200 OK"
2026-08-28 23:14:08,233 [INFO] HTTP Request: POST http://localhost:8001/v1/chat/completions "HTTP/1.1 200 OK"
2026-08-28 23:14:09,527 [INFO] HTTP Request: POST http://localhost:8001/v1/chat/completions "HTTP/1.1 200 OK"
2026-08-28 23:14:11,920 [INFO] HTTP Request: POST http://localhost:8001/v1/chat/completions "HTTP/1.1 200 OK"
2026-08-28 23:14:16,995 [INFO] HTTP Request: POST http://localhost:8001/v1/chat/completions "HTTP/1.1 200 OK"
2026-08-28 23:14:25,907 [INFO] HTTP Request: POST http://localhost:8001/v1/chat/completions "HTTP/1.1 200 OK"
2026-08-28 23:14:25,989 [INFO]   💾 1440/4921  [ok=1440 skip=0 error=0]
2026-08-28 23:15:22,366 [INFO] HTTP Request: POST http://localhost:8001/v1/chat/completions "HTTP/1.1 200 OK"
2026-08-28 23:15:25,807 [INFO] HTTP Request: POST http://localhost:8001/v1/chat/completions "HTTP/1.1 200 OK"
2026-08-28 23:15:28,422 [INFO] HTTP Request: POST http://localhost:8001/v1/chat/completions "HTTP/1.1 200 OK"
2026-08-28 23:15:30,434 [INFO] HTTP Request: POST http://localhost:8001/v1/chat/completions "HTTP/1.1 200 OK"
2026-08-28 23:15:31,412 [INFO] HTTP Request: POST http://localhost:8001/v1/chat/completions "HTTP/1.1 200 OK"
2026-08-28 23:15:31,412 [INFO] HTTP Request: POST http://localhost:8001/v1/chat/completions "HTTP/1.1 200 OK"
2026-08-28 23:15:34,630 [INFO] HTTP Request: POST http://localhost:8001/v1/chat/completions "HTTP/1.1 200 OK"
2026-08-28 23:15:35,604 [INFO] HTTP Request: POST http://localhost:8001/v1/chat/completions "HTTP/1.1 200 OK"
2026-08-28 23:15:37,212 [INFO] HTTP Request: POST http://localhost:8001/v1/chat/completions "HTTP/1.1 200 OK"
2026-08-28 23:15:38,815 [INFO] HTTP Request: POST http://localhost:8001/v1/chat/completions "HTTP/1.1 200 OK"
2026-08-28 23:15:41,418 [INFO] HTTP Request: POST http://localhost:8001/v1/chat/completions "HTTP/1.1 200 OK"
2026-08-28 23:15:42,827 [INFO] HTTP Request: POST http://localhost:8001/v1/chat/completions "HTTP/1.1 200 OK"
2026-08-28 23:15:44,438 [INFO] HTTP Request: POST http://localhost:8001/v1/chat/completions "HTTP/1.1 200 OK"
2026-08-28 23:15:44,968 [INFO] HTTP Request: POST http://localhost:8001/v1/chat/completions "HTTP/1.1 200 OK"
2026-08-28 23:15:53,451 [INFO] HTTP Request: POST http://localhost:8001/v1/chat/completions "HTTP/1.1 200 OK"
2026-08-28 23:16:20,247 [INFO] HTTP Request: POST http://localhost:8001/v1/chat/completions "HTTP/1.1 200 OK"
2026-08-28 23:16:21,917 [INFO] HTTP Request: POST http://localhost:8001/v1/chat/completions "HTTP/1.1 200 OK"
2026-08-28 23:16:26,188 [INFO] HTTP Request: POST http://localhost:8001/v1/chat/completions "HTTP/1.1 200 OK"
2026-08-28 23:16:28,724 [INFO] HTTP Request: POST http://localhost:8001/v1/chat/completions "HTTP/1.1 200 OK"
2026-08-28 23:16:29,836 [INFO] HTTP Request: POST http://localhost:8001/v1/chat/completions "HTTP/1.1 200 OK"
2026-08-28 23:16:32,508 [INFO] HTTP Request: POST http://localhost:8001/v1/chat/completions "HTTP/1.1 200 OK"
2026-08-28 23:16:32,607 [INFO] HTTP Request: POST http://localhost:8001/v1/chat/completions "HTTP/1.1 200 OK"
2026-08-28 23:16:32,903 [INFO] HTTP Request: POST http://localhost:8001/v1/chat/completions "HTTP/1.1 200 OK"
2026-08-28 23:16:32,903 [INFO] HTTP Request: POST http://localhost:8001/v1/chat/completions "HTTP/1.1 200 OK"
2026-08-28 23:16:34,335 [INFO] HTTP Request: POST http://localhost:8001/v1/chat/completions "HTTP/1.1 200 OK"
2026-08-28 23:16:36,045 [INFO] HTTP Request: POST http://localhost:8001/v1/chat/completions "HTTP/1.1 200 OK"
2026-08-28 23:16:37,373 [INFO] HTTP Request: POST http://localhost:8001/v1/chat/completions "HTTP/1.1 200 OK"
2026-08-28 23:16:39,830 [INFO] HTTP Request: POST http://localhost:8001/v1/chat/completions "HTTP/1.1 200 OK"
2026-08-28 23:16:41,401 [INFO] HTTP Request: POST http://localhost:8001/v1/chat/completions "HTTP/1.1 200 OK"
2026-08-28 23:16:46,465 [INFO] HTTP Request: POST http://localhost:8001/v1/chat/completions "HTTP/1.1 200 OK"
2026-08-28 23:16:52,265 [INFO] HTTP Request: POST http://localhost:8001/v1/chat/completions "HTTP/1.1 200 OK"
2026-08-28 23:16:56,623 [INFO] HTTP Request: POST http://localhost:8001/v1/chat/completions "HTTP/1.1 200 OK"
2026-08-28 23:16:56,703 [INFO]   💾 1472/4921  [ok=1472 skip=0 error=0]
2026-08-28 23:17:53,515 [INFO] HTTP Request: POST http://localhost:8001/v1/chat/completions "HTTP/1.1 200 OK"
2026-08-28 23:17:58,505 [INFO] HTTP Request: POST http://localhost:8001/v1/chat/completions "HTTP/1.1 200 OK"
2026-08-28 23:17:59,809 [INFO] HTTP Request: POST http://localhost:8001/v1/chat/completions "HTTP/1.1 200 OK"
2026-08-28 23:18:00,783 [INFO] HTTP Request: POST http://localhost:8001/v1/chat/completions "HTTP/1.1 200 OK"
2026-08-28 23:18:02,921 [INFO] HTTP Request: POST http://localhost:8001/v1/chat/completions "HTTP/1.1 200 OK"
2026-08-28 23:18:04,832 [INFO] HTTP Request: POST http://localhost:8001/v1/chat/completions "HTTP/1.1 200 OK"
2026-08-28 23:18:06,240 [INFO] HTTP Request: POST http://localhost:8001/v1/chat/completions "HTTP/1.1 200 OK"
2026-08-28 23:18:07,545 [INFO] HTTP Request: POST http://localhost:8001/v1/chat/completions "HTTP/1.1 200 OK"
2026-08-28 23:18:07,643 [INFO] HTTP Request: POST http://localhost:8001/v1/chat/completions "HTTP/1.1 200 OK"
2026-08-28 23:18:10,545 [INFO] HTTP Request: POST http://localhost:8001/v1/chat/completions "HTTP/1.1 200 OK"
2026-08-28 23:18:10,545 [INFO] HTTP Request: POST http://localhost:8001/v1/chat/completions "HTTP/1.1 200 OK"
2026-08-28 23:18:12,396 [INFO] HTTP Request: POST http://localhost:8001/v1/chat/completions "HTTP/1.1 200 OK"
2026-08-28 23:18:14,185 [INFO] HTTP Request: POST http://localhost:8001/v1/chat/completions "HTTP/1.1 200 OK"
2026-08-28 23:18:17,806 [INFO] HTTP Request: POST http://localhost:8001/v1/chat/completions "HTTP/1.1 200 OK"
2026-08-28 23:18:19,318 [INFO] HTTP Request: POST http://localhost:8001/v1/chat/completions "HTTP/1.1 200 OK"
2026-08-28 23:18:56,620 [INFO] HTTP Request: POST http://localhost:8001/v1/chat/completions "HTTP/1.1 200 OK"
2026-08-28 23:19:00,009 [INFO] HTTP Request: POST http://localhost:8001/v1/chat/completions "HTTP/1.1 200 OK"
2026-08-28 23:19:00,536 [INFO] HTTP Request: POST http://localhost:8001/v1/chat/completions "HTTP/1.1 200 OK"
2026-08-28 23:19:02,645 [INFO] HTTP Request: POST http://localhost:8001/v1/chat/completions "HTTP/1.1 200 OK"
2026-08-28 23:19:02,746 [INFO] HTTP Request: POST http://localhost:8001/v1/chat/completions "HTTP/1.1 200 OK"
2026-08-28 23:19:03,145 [INFO] HTTP Request: POST http://localhost:8001/v1/chat/completions "HTTP/1.1 200 OK"
2026-08-28 23:19:04,427 [INFO] HTTP Request: POST http://localhost:8001/v1/chat/completions "HTTP/1.1 200 OK"
2026-08-28 23:19:04,723 [INFO] HTTP Request: POST http://localhost:8001/v1/chat/completions "HTTP/1.1 200 OK"
2026-08-28 23:19:05,801 [INFO] HTTP Request: POST http://localhost:8001/v1/chat/completions "HTTP/1.1 200 OK"
2026-08-28 23:19:06,377 [INFO] HTTP Request: POST http://localhost:8001/v1/chat/completions "HTTP/1.1 200 OK"
2026-08-28 23:19:06,472 [INFO] HTTP Request: POST http://localhost:8001/v1/chat/completions "HTTP/1.1 200 OK"
2026-08-28 23:19:08,841 [INFO] HTTP Request: POST http://localhost:8001/v1/chat/completions "HTTP/1.1 200 OK"
2026-08-28 23:19:11,771 [INFO] HTTP Request: POST http://localhost:8001/v1/chat/completions "HTTP/1.1 200 OK"
2026-08-28 23:19:14,911 [INFO] HTTP Request: POST http://localhost:8001/v1/chat/completions "HTTP/1.1 200 OK"
2026-08-28 23:19:25,036 [INFO] HTTP Request: POST http://localhost:8001/v1/chat/completions "HTTP/1.1 200 OK"
2026-08-28 23:19:27,755 [INFO] HTTP Request: POST http://localhost:8001/v1/chat/completions "HTTP/1.1 200 OK"
2026-08-28 23:19:39,702 [INFO] HTTP Request: POST http://localhost:8001/v1/chat/completions "HTTP/1.1 200 OK"
2026-08-28 23:19:39,777 [INFO]   💾 1504/4921  [ok=1504 skip=0 error=0]
2026-08-28 23:20:36,652 [INFO] HTTP Request: POST http://localhost:8001/v1/chat/completions "HTTP/1.1 200 OK"
2026-08-28 23:20:36,753 [INFO] HTTP Request: POST http://localhost:8001/v1/chat/completions "HTTP/1.1 200 OK"
2026-08-28 23:20:39,967 [INFO] HTTP Request: POST http://localhost:8001/v1/chat/completions "HTTP/1.1 200 OK"
2026-08-28 23:20:42,389 [INFO] HTTP Request: POST http://localhost:8001/v1/chat/completions "HTTP/1.1 200 OK"
2026-08-28 23:20:43,719 [INFO] HTTP Request: POST http://localhost:8001/v1/chat/completions "HTTP/1.1 200 OK"
2026-08-28 23:20:46,128 [INFO] HTTP Request: POST http://localhost:8001/v1/chat/completions "HTTP/1.1 200 OK"
2026-08-28 23:20:46,229 [INFO] HTTP Request: POST http://localhost:8001/v1/chat/completions "HTTP/1.1 200 OK"
2026-08-28 23:20:47,985 [INFO] HTTP Request: POST http://localhost:8001/v1/chat/completions "HTTP/1.1 200 OK"
2026-08-28 23:20:50,013 [INFO] HTTP Request: POST http://localhost:8001/v1/chat/completions "HTTP/1.1 200 OK"
2026-08-28 23:20:51,842 [INFO] HTTP Request: POST http://localhost:8001/v1/chat/completions "HTTP/1.1 200 OK"
2026-08-28 23:20:55,081 [INFO] HTTP Request: POST http://localhost:8001/v1/chat/completions "HTTP/1.1 200 OK"
2026-08-28 23:20:57,701 [INFO] HTTP Request: POST http://localhost:8001/v1/chat/completions "HTTP/1.1 200 OK"
2026-08-28 23:20:57,802 [INFO] HTTP Request: POST http://localhost:8001/v1/chat/completions "HTTP/1.1 200 OK"
2026-08-28 23:21:01,386 [INFO] HTTP Request: POST http://localhost:8001/v1/chat/completions "HTTP/1.1 200 OK"
2026-08-28 23:21:08,095 [INFO] HTTP Request: POST http://localhost:8001/v1/chat/completions "HTTP/1.1 200 OK"
2026-08-28 23:21:34,328 [INFO] HTTP Request: POST http://localhost:8001/v1/chat/completions "HTTP/1.1 200 OK"
2026-08-28 23:21:38,072 [INFO] HTTP Request: POST http://localhost:8001/v1/chat/completions "HTTP/1.1 200 OK"
2026-08-28 23:21:41,025 [INFO] HTTP Request: POST http://localhost:8001/v1/chat/completions "HTTP/1.1 200 OK"
2026-08-28 23:21:42,751 [INFO] HTTP Request: POST http://localhost:8001/v1/chat/completions "HTTP/1.1 200 OK"
2026-08-28 23:21:46,189 [INFO] HTTP Request: POST http://localhost:8001/v1/chat/completions "HTTP/1.1 200 OK"
2026-08-28 23:21:46,389 [INFO] HTTP Request: POST http://localhost:8001/v1/chat/completions "HTTP/1.1 200 OK"
2026-08-28 23:21:47,574 [INFO] HTTP Request: POST http://localhost:8001/v1/chat/completions "HTTP/1.1 200 OK"
2026-08-28 23:21:48,164 [INFO] HTTP Request: POST http://localhost:8001/v1/chat/completions "HTTP/1.1 200 OK"
2026-08-28 23:21:48,753 [INFO] HTTP Request: POST http://localhost:8001/v1/chat/completions "HTTP/1.1 200 OK"
2026-08-28 23:21:50,663 [INFO] HTTP Request: POST http://localhost:8001/v1/chat/completions "HTTP/1.1 200 OK"
2026-08-28 23:21:52,849 [INFO] HTTP Request: POST http://localhost:8001/v1/chat/completions "HTTP/1.1 200 OK"
2026-08-28 23:21:53,040 [INFO] HTTP Request: POST http://localhost:8001/v1/chat/completions "HTTP/1.1 200 OK"
2026-08-28 23:21:55,971 [INFO] HTTP Request: POST http://localhost:8001/v1/chat/completions "HTTP/1.1 200 OK"
2026-08-28 23:21:56,435 [INFO] HTTP Request: POST http://localhost:8001/v1/chat/completions "HTTP/1.1 200 OK"
2026-08-28 23:21:58,000 [INFO] HTTP Request: POST http://localhost:8001/v1/chat/completions "HTTP/1.1 200 OK"
2026-08-28 23:22:09,599 [INFO] HTTP Request: POST http://localhost:8001/v1/chat/completions "HTTP/1.1 200 OK"
2026-08-28 23:22:22,113 [INFO] HTTP Request: POST http://localhost:8001/v1/chat/completions "HTTP/1.1 200 OK"
2026-08-28 23:22:22,182 [INFO]   💾 1536/4921  [ok=1536 skip=0 error=0]
2026-08-28 23:23:23,009 [INFO] HTTP Request: POST http://localhost:8001/v1/chat/completions "HTTP/1.1 200 OK"
2026-08-28 23:23:25,136 [INFO] HTTP Request: POST http://localhost:8001/v1/chat/completions "HTTP/1.1 200 OK"
2026-08-28 23:23:28,181 [INFO] HTTP Request: POST http://localhost:8001/v1/chat/completions "HTTP/1.1 200 OK"
2026-08-28 23:23:29,493 [INFO] HTTP Request: POST http://localhost:8001/v1/chat/completions "HTTP/1.1 200 OK"
2026-08-28 23:23:31,107 [INFO] HTTP Request: POST http://localhost:8001/v1/chat/completions "HTTP/1.1 200 OK"
2026-08-28 23:23:32,824 [INFO] HTTP Request: POST http://localhost:8001/v1/chat/completions "HTTP/1.1 200 OK"
2026-08-28 23:23:34,747 [INFO] HTTP Request: POST http://localhost:8001/v1/chat/completions "HTTP/1.1 200 OK"
2026-08-28 23:23:35,273 [INFO] HTTP Request: POST http://localhost:8001/v1/chat/completions "HTTP/1.1 200 OK"
2026-08-28 23:23:38,084 [INFO] HTTP Request: POST http://localhost:8001/v1/chat/completions "HTTP/1.1 200 OK"
2026-08-28 23:23:38,612 [INFO] HTTP Request: POST http://localhost:8001/v1/chat/completions "HTTP/1.1 200 OK"
2026-08-28 23:23:42,129 [INFO] HTTP Request: POST http://localhost:8001/v1/chat/completions "HTTP/1.1 200 OK"
2026-08-28 23:23:45,167 [INFO] HTTP Request: POST http://localhost:8001/v1/chat/completions "HTTP/1.1 200 OK"
2026-08-28 23:23:46,477 [INFO] HTTP Request: POST http://localhost:8001/v1/chat/completions "HTTP/1.1 200 OK"
2026-08-28 23:23:50,634 [INFO] HTTP Request: POST http://localhost:8001/v1/chat/completions "HTTP/1.1 200 OK"
2026-08-28 23:23:55,298 [INFO] HTTP Request: POST http://localhost:8001/v1/chat/completions "HTTP/1.1 200 OK"
2026-08-28 23:24:20,920 [INFO] HTTP Request: POST http://localhost:8001/v1/chat/completions "HTTP/1.1 200 OK"
2026-08-28 23:24:23,118 [INFO] HTTP Request: POST http://localhost:8001/v1/chat/completions "HTTP/1.1 200 OK"
2026-08-28 23:24:27,288 [INFO] HTTP Request: POST http://localhost:8001/v1/chat/completions "HTTP/1.1 200 OK"
2026-08-28 23:24:27,898 [INFO] HTTP Request: POST http://localhost:8001/v1/chat/completions "HTTP/1.1 200 OK"
2026-08-28 23:24:28,302 [INFO] HTTP Request: POST http://localhost:8001/v1/chat/completions "HTTP/1.1 200 OK"
2026-08-28 23:24:28,798 [INFO] HTTP Request: POST http://localhost:8001/v1/chat/completions "HTTP/1.1 200 OK"
2026-08-28 23:24:30,574 [INFO] HTTP Request: POST http://localhost:8001/v1/chat/completions "HTTP/1.1 200 OK"
2026-08-28 23:24:32,246 [INFO] HTTP Request: POST http://localhost:8001/v1/chat/completions "HTTP/1.1 200 OK"
2026-08-28 23:24:36,170 [INFO] HTTP Request: POST http://localhost:8001/v1/chat/completions "HTTP/1.1 200 OK"
2026-08-28 23:24:36,458 [INFO] HTTP Request: POST http://localhost:8001/v1/chat/completions "HTTP/1.1 200 OK"
2026-08-28 23:24:37,979 [INFO] HTTP Request: POST http://localhost:8001/v1/chat/completions "HTTP/1.1 200 OK"
2026-08-28 23:24:38,074 [INFO] HTTP Request: POST http://localhost:8001/v1/chat/completions "HTTP/1.1 200 OK"
2026-08-28 23:24:40,060 [INFO] HTTP Request: POST http://localhost:8001/v1/chat/completions "HTTP/1.1 200 OK"
2026-08-28 23:24:43,752 [INFO] HTTP Request: POST http://localhost:8001/v1/chat/completions "HTTP/1.1 200 OK"
2026-08-28 23:24:45,409 [INFO] HTTP Request: POST http://localhost:8001/v1/chat/completions "HTTP/1.1 200 OK"
2026-08-28 23:24:58,185 [INFO] HTTP Request: POST http://localhost:8001/v1/chat/completions "HTTP/1.1 200 OK"
2026-08-28 23:25:09,657 [INFO] HTTP Request: POST http://localhost:8001/v1/chat/completions "HTTP/1.1 200 OK"
2026-08-28 23:25:09,737 [INFO]   💾 1568/4921  [ok=1568 skip=0 error=0]
2026-08-28 23:26:09,696 [INFO] HTTP Request: POST http://localhost:8001/v1/chat/completions "HTTP/1.1 200 OK"
2026-08-28 23:26:10,673 [INFO] HTTP Request: POST http://localhost:8001/v1/chat/completions "HTTP/1.1 200 OK"
2026-08-28 23:26:12,541 [INFO] HTTP Request: POST http://localhost:8001/v1/chat/completions "HTTP/1.1 200 OK"
2026-08-28 23:26:12,642 [INFO] HTTP Request: POST http://localhost:8001/v1/chat/completions "HTTP/1.1 200 OK"
2026-08-28 23:26:13,965 [INFO] HTTP Request: POST http://localhost:8001/v1/chat/completions "HTTP/1.1 200 OK"
2026-08-28 23:26:16,762 [INFO] HTTP Request: POST http://localhost:8001/v1/chat/completions "HTTP/1.1 200 OK"
2026-08-28 23:26:18,279 [INFO] HTTP Request: POST http://localhost:8001/v1/chat/completions "HTTP/1.1 200 OK"
2026-08-28 23:26:19,706 [INFO] HTTP Request: POST http://localhost:8001/v1/chat/completions "HTTP/1.1 200 OK"
2026-08-28 23:26:20,683 [INFO] HTTP Request: POST http://localhost:8001/v1/chat/completions "HTTP/1.1 200 OK"
2026-08-28 23:26:22,438 [INFO] HTTP Request: POST http://localhost:8001/v1/chat/completions "HTTP/1.1 200 OK"
2026-08-28 23:26:24,258 [INFO] HTTP Request: POST http://localhost:8001/v1/chat/completions "HTTP/1.1 200 OK"
2026-08-28 23:26:27,803 [INFO] HTTP Request: POST http://localhost:8001/v1/chat/completions "HTTP/1.1 200 OK"
2026-08-28 23:26:27,905 [INFO] HTTP Request: POST http://localhost:8001/v1/chat/completions "HTTP/1.1 200 OK"
2026-08-28 23:26:31,954 [INFO] HTTP Request: POST http://localhost:8001/v1/chat/completions "HTTP/1.1 200 OK"
2026-08-28 23:26:33,669 [INFO] HTTP Request: POST http://localhost:8001/v1/chat/completions "HTTP/1.1 200 OK"
2026-08-28 23:27:08,299 [INFO] HTTP Request: POST http://localhost:8001/v1/chat/completions "HTTP/1.1 200 OK"
2026-08-28 23:27:10,096 [INFO] HTTP Request: POST http://localhost:8001/v1/chat/completions "HTTP/1.1 200 OK"
2026-08-28 23:27:13,356 [INFO] HTTP Request: POST http://localhost:8001/v1/chat/completions "HTTP/1.1 200 OK"
2026-08-28 23:27:15,083 [INFO] HTTP Request: POST http://localhost:8001/v1/chat/completions "HTTP/1.1 200 OK"
2026-08-28 23:27:16,598 [INFO] HTTP Request: POST http://localhost:8001/v1/chat/completions "HTTP/1.1 200 OK"
2026-08-28 23:27:16,897 [INFO] HTTP Request: POST http://localhost:8001/v1/chat/completions "HTTP/1.1 200 OK"
2026-08-28 23:27:17,095 [INFO] HTTP Request: POST http://localhost:8001/v1/chat/completions "HTTP/1.1 200 OK"
2026-08-28 23:27:18,868 [INFO] HTTP Request: POST http://localhost:8001/v1/chat/completions "HTTP/1.1 200 OK"
2026-08-28 23:27:19,946 [INFO] HTTP Request: POST http://localhost:8001/v1/chat/completions "HTTP/1.1 200 OK"
2026-08-28 23:27:20,997 [INFO] HTTP Request: POST http://localhost:8001/v1/chat/completions "HTTP/1.1 200 OK"
2026-08-28 23:27:21,188 [INFO] HTTP Request: POST http://localhost:8001/v1/chat/completions "HTTP/1.1 200 OK"
2026-08-28 23:27:25,553 [INFO] HTTP Request: POST http://localhost:8001/v1/chat/completions "HTTP/1.1 200 OK"
2026-08-28 23:27:27,636 [INFO] HTTP Request: POST http://localhost:8001/v1/chat/completions "HTTP/1.1 200 OK"
2026-08-28 23:27:27,731 [INFO] HTTP Request: POST http://localhost:8001/v1/chat/completions "HTTP/1.1 200 OK"
2026-08-28 23:27:31,505 [INFO] HTTP Request: POST http://localhost:8001/v1/chat/completions "HTTP/1.1 200 OK"
2026-08-28 23:27:51,528 [INFO] HTTP Request: POST http://localhost:8001/v1/chat/completions "HTTP/1.1 200 OK"
2026-08-28 23:27:55,318 [INFO] HTTP Request: POST http://localhost:8001/v1/chat/completions "HTTP/1.1 200 OK"
2026-08-28 23:27:55,399 [INFO]   💾 1600/4921  [ok=1600 skip=0 error=0]
2026-08-28 23:28:54,917 [INFO] HTTP Request: POST http://localhost:8001/v1/chat/completions "HTTP/1.1 200 OK"
2026-08-28 23:28:56,642 [INFO] HTTP Request: POST http://localhost:8001/v1/chat/completions "HTTP/1.1 200 OK"
2026-08-28 23:28:58,364 [INFO] HTTP Request: POST http://localhost:8001/v1/chat/completions "HTTP/1.1 200 OK"
2026-08-28 23:29:00,803 [INFO] HTTP Request: POST http://localhost:8001/v1/chat/completions "HTTP/1.1 200 OK"
2026-08-28 23:29:03,039 [INFO] HTTP Request: POST http://localhost:8001/v1/chat/completions "HTTP/1.1 200 OK"
2026-08-28 23:29:04,663 [INFO] HTTP Request: POST http://localhost:8001/v1/chat/completions "HTTP/1.1 200 OK"
2026-08-28 23:29:05,640 [INFO] HTTP Request: POST http://localhost:8001/v1/chat/completions "HTTP/1.1 200 OK"
2026-08-28 23:29:07,500 [INFO] HTTP Request: POST http://localhost:8001/v1/chat/completions "HTTP/1.1 200 OK"
2026-08-28 23:29:09,026 [INFO] HTTP Request: POST http://localhost:8001/v1/chat/completions "HTTP/1.1 200 OK"
2026-08-28 23:29:11,051 [INFO] HTTP Request: POST http://localhost:8001/v1/chat/completions "HTTP/1.1 200 OK"
2026-08-28 23:29:12,569 [INFO] HTTP Request: POST http://localhost:8001/v1/chat/completions "HTTP/1.1 200 OK"
2026-08-28 23:29:12,569 [INFO] HTTP Request: POST http://localhost:8001/v1/chat/completions "HTTP/1.1 200 OK"
2026-08-28 23:29:15,700 [INFO] HTTP Request: POST http://localhost:8001/v1/chat/completions "HTTP/1.1 200 OK"
2026-08-28 23:29:18,133 [INFO] HTTP Request: POST http://localhost:8001/v1/chat/completions "HTTP/1.1 200 OK"
2026-08-28 23:29:29,288 [INFO] HTTP Request: POST http://localhost:8001/v1/chat/completions "HTTP/1.1 200 OK"
2026-08-28 23:29:56,882 [INFO] HTTP Request: POST http://localhost:8001/v1/chat/completions "HTTP/1.1 200 OK"
2026-08-28 23:29:58,810 [INFO] HTTP Request: POST http://localhost:8001/v1/chat/completions "HTTP/1.1 200 OK"
2026-08-28 23:29:58,811 [INFO] HTTP Request: POST http://localhost:8001/v1/chat/completions "HTTP/1.1 200 OK"
2026-08-28 23:30:00,733 [INFO] HTTP Request: POST http://localhost:8001/v1/chat/completions "HTTP/1.1 200 OK"
2026-08-28 23:30:02,453 [INFO] HTTP Request: POST http://localhost:8001/v1/chat/completions "HTTP/1.1 200 OK"
2026-08-28 23:30:02,751 [INFO] HTTP Request: POST http://localhost:8001/v1/chat/completions "HTTP/1.1 200 OK"
2026-08-28 23:30:03,147 [INFO] HTTP Request: POST http://localhost:8001/v1/chat/completions "HTTP/1.1 200 OK"
2026-08-28 23:30:03,640 [INFO] HTTP Request: POST http://localhost:8001/v1/chat/completions "HTTP/1.1 200 OK"
2026-08-28 23:30:05,012 [INFO] HTTP Request: POST http://localhost:8001/v1/chat/completions "HTTP/1.1 200 OK"
2026-08-28 23:30:07,113 [INFO] HTTP Request: POST http://localhost:8001/v1/chat/completions "HTTP/1.1 200 OK"
2026-08-28 23:30:07,779 [INFO] HTTP Request: POST http://localhost:8001/v1/chat/completions "HTTP/1.1 200 OK"
2026-08-28 23:30:08,443 [INFO] HTTP Request: POST http://localhost:8001/v1/chat/completions "HTTP/1.1 200 OK"
2026-08-28 23:30:08,822 [INFO] HTTP Request: POST http://localhost:8001/v1/chat/completions "HTTP/1.1 200 OK"
2026-08-28 23:30:09,008 [INFO] HTTP Request: POST http://localhost:8001/v1/chat/completions "HTTP/1.1 200 OK"
2026-08-28 23:30:23,366 [INFO] HTTP Request: POST http://localhost:8001/v1/chat/completions "HTTP/1.1 200 OK"
2026-08-28 23:30:34,419 [INFO] HTTP Request: POST http://localhost:8001/v1/chat/completions "HTTP/1.1 200 OK"
2026-08-28 23:30:39,820 [INFO] HTTP Request: POST http://localhost:8001/v1/chat/completions "HTTP/1.1 200 OK"
2026-08-28 23:30:39,889 [INFO]   💾 1632/4921  [ok=1632 skip=0 error=0]
2026-08-28 23:31:35,051 [INFO] HTTP Request: POST http://localhost:8001/v1/chat/completions "HTTP/1.1 200 OK"
2026-08-28 23:31:38,108 [INFO] HTTP Request: POST http://localhost:8001/v1/chat/completions "HTTP/1.1 200 OK"
2026-08-28 23:31:44,728 [INFO] HTTP Request: POST http://localhost:8001/v1/chat/completions "HTTP/1.1 200 OK"
2026-08-28 23:31:46,462 [INFO] HTTP Request: POST http://localhost:8001/v1/chat/completions "HTTP/1.1 200 OK"
2026-08-28 23:31:48,690 [INFO] HTTP Request: POST http://localhost:8001/v1/chat/completions "HTTP/1.1 200 OK"
2026-08-28 23:31:50,117 [INFO] HTTP Request: POST http://localhost:8001/v1/chat/completions "HTTP/1.1 200 OK"
2026-08-28 23:31:51,535 [INFO] HTTP Request: POST http://localhost:8001/v1/chat/completions "HTTP/1.1 200 OK"
2026-08-28 23:31:53,977 [INFO] HTTP Request: POST http://localhost:8001/v1/chat/completions "HTTP/1.1 200 OK"
2026-08-28 23:31:54,505 [INFO] HTTP Request: POST http://localhost:8001/v1/chat/completions "HTTP/1.1 200 OK"
2026-08-28 23:31:54,954 [INFO] HTTP Request: POST http://localhost:8001/v1/chat/completions "HTTP/1.1 200 OK"
2026-08-28 23:31:56,732 [INFO] HTTP Request: POST http://localhost:8001/v1/chat/completions "HTTP/1.1 200 OK"
2026-08-28 23:31:58,512 [INFO] HTTP Request: POST http://localhost:8001/v1/chat/completions "HTTP/1.1 200 OK"
2026-08-28 23:32:02,669 [INFO] HTTP Request: POST http://localhost:8001/v1/chat/completions "HTTP/1.1 200 OK"
2026-08-28 23:32:02,670 [INFO] HTTP Request: POST http://localhost:8001/v1/chat/completions "HTTP/1.1 200 OK"
2026-08-28 23:32:04,087 [INFO] HTTP Request: POST http://localhost:8001/v1/chat/completions "HTTP/1.1 200 OK"
2026-08-28 23:32:38,823 [INFO] HTTP Request: POST http://localhost:8001/v1/chat/completions "HTTP/1.1 200 OK"
2026-08-28 23:32:44,830 [INFO] HTTP Request: POST http://localhost:8001/v1/chat/completions "HTTP/1.1 200 OK"
2026-08-28 23:32:44,831 [INFO] HTTP Request: POST http://localhost:8001/v1/chat/completions "HTTP/1.1 200 OK"
2026-08-28 23:32:46,560 [INFO] HTTP Request: POST http://localhost:8001/v1/chat/completions "HTTP/1.1 200 OK"
2026-08-28 23:32:48,279 [INFO] HTTP Request: POST http://localhost:8001/v1/chat/completions "HTTP/1.1 200 OK"
2026-08-28 23:32:48,280 [INFO] HTTP Request: POST http://localhost:8001/v1/chat/completions "HTTP/1.1 200 OK"
2026-08-28 23:32:49,072 [INFO] HTTP Request: POST http://localhost:8001/v1/chat/completions "HTTP/1.1 200 OK"
2026-08-28 23:32:49,663 [INFO] HTTP Request: POST http://localhost:8001/v1/chat/completions "HTTP/1.1 200 OK"
2026-08-28 23:32:49,859 [INFO] HTTP Request: POST http://localhost:8001/v1/chat/completions "HTTP/1.1 200 OK"
2026-08-28 23:32:50,435 [INFO] HTTP Request: POST http://localhost:8001/v1/chat/completions "HTTP/1.1 200 OK"
2026-08-28 23:32:51,482 [INFO] HTTP Request: POST http://localhost:8001/v1/chat/completions "HTTP/1.1 200 OK"
2026-08-28 23:32:52,999 [INFO] HTTP Request: POST http://localhost:8001/v1/chat/completions "HTTP/1.1 200 OK"
2026-08-28 23:32:54,324 [INFO] HTTP Request: POST http://localhost:8001/v1/chat/completions "HTTP/1.1 200 OK"
2026-08-28 23:32:55,618 [INFO] HTTP Request: POST http://localhost:8001/v1/chat/completions "HTTP/1.1 200 OK"
2026-08-28 23:32:59,669 [INFO] HTTP Request: POST http://localhost:8001/v1/chat/completions "HTTP/1.1 200 OK"
2026-08-28 23:33:21,414 [INFO] HTTP Request: POST http://localhost:8001/v1/chat/completions "HTTP/1.1 200 OK"
2026-08-28 23:33:38,196 [INFO] HTTP Request: POST http://localhost:8001/v1/chat/completions "HTTP/1.1 200 OK"
2026-08-28 23:33:38,288 [INFO]   💾 1664/4921  [ok=1664 skip=0 error=0]
2026-08-28 23:34:32,716 [INFO] HTTP Request: POST http://localhost:8001/v1/chat/completions "HTTP/1.1 200 OK"
2026-08-28 23:34:34,243 [INFO] HTTP Request: POST http://localhost:8001/v1/chat/completions "HTTP/1.1 200 OK"
2026-08-28 23:34:39,765 [INFO] HTTP Request: POST http://localhost:8001/v1/chat/completions "HTTP/1.1 200 OK"
2026-08-28 23:34:41,596 [INFO] HTTP Request: POST http://localhost:8001/v1/chat/completions "HTTP/1.1 200 OK"
2026-08-28 23:34:42,124 [INFO] HTTP Request: POST http://localhost:8001/v1/chat/completions "HTTP/1.1 200 OK"
2026-08-28 23:34:44,660 [INFO] HTTP Request: POST http://localhost:8001/v1/chat/completions "HTTP/1.1 200 OK"
2026-08-28 23:34:45,637 [INFO] HTTP Request: POST http://localhost:8001/v1/chat/completions "HTTP/1.1 200 OK"
2026-08-28 23:34:46,861 [INFO] HTTP Request: POST http://localhost:8001/v1/chat/completions "HTTP/1.1 200 OK"
2026-08-28 23:34:47,209 [INFO] HTTP Request: POST http://localhost:8001/v1/chat/completions "HTTP/1.1 200 OK"
2026-08-28 23:34:49,857 [INFO] HTTP Request: POST http://localhost:8001/v1/chat/completions "HTTP/1.1 200 OK"
2026-08-28 23:34:51,486 [INFO] HTTP Request: POST http://localhost:8001/v1/chat/completions "HTTP/1.1 200 OK"
2026-08-28 23:34:53,113 [INFO] HTTP Request: POST http://localhost:8001/v1/chat/completions "HTTP/1.1 200 OK"
2026-08-28 23:34:55,758 [INFO] HTTP Request: POST http://localhost:8001/v1/chat/completions "HTTP/1.1 200 OK"
2026-08-28 23:34:57,991 [INFO] HTTP Request: POST http://localhost:8001/v1/chat/completions "HTTP/1.1 200 OK"
2026-08-28 23:35:00,645 [INFO] HTTP Request: POST http://localhost:8001/v1/chat/completions "HTTP/1.1 200 OK"
2026-08-28 23:35:30,259 [INFO] HTTP Request: POST http://localhost:8001/v1/chat/completions "HTTP/1.1 200 OK"
2026-08-28 23:35:35,776 [INFO] HTTP Request: POST http://localhost:8001/v1/chat/completions "HTTP/1.1 200 OK"
2026-08-28 23:35:37,917 [INFO] HTTP Request: POST http://localhost:8001/v1/chat/completions "HTTP/1.1 200 OK"
2026-08-28 23:35:39,238 [INFO] HTTP Request: POST http://localhost:8001/v1/chat/completions "HTTP/1.1 200 OK"
2026-08-28 23:35:40,250 [INFO] HTTP Request: POST http://localhost:8001/v1/chat/completions "HTTP/1.1 200 OK"
2026-08-28 23:35:42,137 [INFO] HTTP Request: POST http://localhost:8001/v1/chat/completions "HTTP/1.1 200 OK"
2026-08-28 23:35:43,127 [INFO] HTTP Request: POST http://localhost:8001/v1/chat/completions "HTTP/1.1 200 OK"
2026-08-28 23:35:43,128 [INFO] HTTP Request: POST http://localhost:8001/v1/chat/completions "HTTP/1.1 200 OK"
2026-08-28 23:35:44,108 [INFO] HTTP Request: POST http://localhost:8001/v1/chat/completions "HTTP/1.1 200 OK"
2026-08-28 23:35:44,397 [INFO] HTTP Request: POST http://localhost:8001/v1/chat/completions "HTTP/1.1 200 OK"
2026-08-28 23:35:44,492 [INFO] HTTP Request: POST http://localhost:8001/v1/chat/completions "HTTP/1.1 200 OK"
2026-08-28 23:35:44,682 [INFO] HTTP Request: POST http://localhost:8001/v1/chat/completions "HTTP/1.1 200 OK"
2026-08-28 23:35:46,382 [INFO] HTTP Request: POST http://localhost:8001/v1/chat/completions "HTTP/1.1 200 OK"
2026-08-28 23:35:48,599 [INFO] HTTP Request: POST http://localhost:8001/v1/chat/completions "HTTP/1.1 200 OK"
2026-08-28 23:35:53,661 [INFO] HTTP Request: POST http://localhost:8001/v1/chat/completions "HTTP/1.1 200 OK"
2026-08-28 23:36:13,322 [INFO] HTTP Request: POST http://localhost:8001/v1/chat/completions "HTTP/1.1 200 OK"
2026-08-28 23:36:14,835 [INFO] HTTP Request: POST http://localhost:8001/v1/chat/completions "HTTP/1.1 200 OK"
2026-08-28 23:36:14,919 [INFO]   💾 1696/4921  [ok=1696 skip=0 error=0]
2026-08-28 23:37:11,798 [INFO] HTTP Request: POST http://localhost:8001/v1/chat/completions "HTTP/1.1 200 OK"
2026-08-28 23:37:13,150 [INFO] HTTP Request: POST http://localhost:8001/v1/chat/completions "HTTP/1.1 200 OK"
2026-08-28 23:37:16,304 [INFO] HTTP Request: POST http://localhost:8001/v1/chat/completions "HTTP/1.1 200 OK"
2026-08-28 23:37:18,353 [INFO] HTTP Request: POST http://localhost:8001/v1/chat/completions "HTTP/1.1 200 OK"
2026-08-28 23:37:21,341 [INFO] HTTP Request: POST http://localhost:8001/v1/chat/completions "HTTP/1.1 200 OK"
2026-08-28 23:37:21,444 [INFO] HTTP Request: POST http://localhost:8001/v1/chat/completions "HTTP/1.1 200 OK"
2026-08-28 23:37:22,777 [INFO] HTTP Request: POST http://localhost:8001/v1/chat/completions "HTTP/1.1 200 OK"
2026-08-28 23:37:26,043 [INFO] HTTP Request: POST http://localhost:8001/v1/chat/completions "HTTP/1.1 200 OK"
2026-08-28 23:37:27,027 [INFO] HTTP Request: POST http://localhost:8001/v1/chat/completions "HTTP/1.1 200 OK"
2026-08-28 23:37:29,753 [INFO] HTTP Request: POST http://localhost:8001/v1/chat/completions "HTTP/1.1 200 OK"
2026-08-28 23:37:32,423 [INFO] HTTP Request: POST http://localhost:8001/v1/chat/completions "HTTP/1.1 200 OK"
2026-08-28 23:37:32,423 [INFO] HTTP Request: POST http://localhost:8001/v1/chat/completions "HTTP/1.1 200 OK"
2026-08-28 23:37:34,673 [INFO] HTTP Request: POST http://localhost:8001/v1/chat/completions "HTTP/1.1 200 OK"
2026-08-28 23:37:41,101 [INFO] HTTP Request: POST http://localhost:8001/v1/chat/completions "HTTP/1.1 200 OK"
2026-08-28 23:37:41,624 [INFO] HTTP Request: POST http://localhost:8001/v1/chat/completions "HTTP/1.1 200 OK"
2026-08-28 23:38:12,771 [INFO] HTTP Request: POST http://localhost:8001/v1/chat/completions "HTTP/1.1 200 OK"
2026-08-28 23:38:14,028 [INFO] HTTP Request: POST http://localhost:8001/v1/chat/completions "HTTP/1.1 200 OK"
2026-08-28 23:38:15,971 [INFO] HTTP Request: POST http://localhost:8001/v1/chat/completions "HTTP/1.1 200 OK"
2026-08-28 23:38:19,887 [INFO] HTTP Request: POST http://localhost:8001/v1/chat/completions "HTTP/1.1 200 OK"
2026-08-28 23:38:19,988 [INFO] HTTP Request: POST http://localhost:8001/v1/chat/completions "HTTP/1.1 200 OK"
2026-08-28 23:38:20,586 [INFO] HTTP Request: POST http://localhost:8001/v1/chat/completions "HTTP/1.1 200 OK"
2026-08-28 23:38:21,774 [INFO] HTTP Request: POST http://localhost:8001/v1/chat/completions "HTTP/1.1 200 OK"
2026-08-28 23:38:21,775 [INFO] HTTP Request: POST http://localhost:8001/v1/chat/completions "HTTP/1.1 200 OK"
2026-08-28 23:38:23,932 [INFO] HTTP Request: POST http://localhost:8001/v1/chat/completions "HTTP/1.1 200 OK"
2026-08-28 23:38:24,700 [INFO] HTTP Request: POST http://localhost:8001/v1/chat/completions "HTTP/1.1 200 OK"
2026-08-28 23:38:26,319 [INFO] HTTP Request: POST http://localhost:8001/v1/chat/completions "HTTP/1.1 200 OK"
2026-08-28 23:38:28,218 [INFO] HTTP Request: POST http://localhost:8001/v1/chat/completions "HTTP/1.1 200 OK"
2026-08-28 23:38:31,145 [INFO] HTTP Request: POST http://localhost:8001/v1/chat/completions "HTTP/1.1 200 OK"
2026-08-28 23:38:31,424 [INFO] HTTP Request: POST http://localhost:8001/v1/chat/completions "HTTP/1.1 200 OK"
2026-08-28 23:38:32,897 [INFO] HTTP Request: POST http://localhost:8001/v1/chat/completions "HTTP/1.1 200 OK"
2026-08-28 23:38:36,976 [INFO] HTTP Request: POST http://localhost:8001/v1/chat/completions "HTTP/1.1 200 OK"
2026-08-28 23:39:02,010 [INFO] HTTP Request: POST http://localhost:8001/v1/chat/completions "HTTP/1.1 200 OK"
2026-08-28 23:39:02,091 [INFO]   💾 1728/4921  [ok=1728 skip=0 error=0]
2026-08-28 23:39:59,186 [INFO] HTTP Request: POST http://localhost:8001/v1/chat/completions "HTTP/1.1 200 OK"
2026-08-28 23:40:03,060 [INFO] HTTP Request: POST http://localhost:8001/v1/chat/completions "HTTP/1.1 200 OK"
2026-08-28 23:40:04,034 [INFO] HTTP Request: POST http://localhost:8001/v1/chat/completions "HTTP/1.1 200 OK"
2026-08-28 23:40:06,981 [INFO] HTTP Request: POST http://localhost:8001/v1/chat/completions "HTTP/1.1 200 OK"
2026-08-28 23:40:08,625 [INFO] HTTP Request: POST http://localhost:8001/v1/chat/completions "HTTP/1.1 200 OK"
2026-08-28 23:40:08,625 [INFO] HTTP Request: POST http://localhost:8001/v1/chat/completions "HTTP/1.1 200 OK"
2026-08-28 23:40:12,014 [INFO] HTTP Request: POST http://localhost:8001/v1/chat/completions "HTTP/1.1 200 OK"
2026-08-28 23:40:13,963 [INFO] HTTP Request: POST http://localhost:8001/v1/chat/completions "HTTP/1.1 200 OK"
2026-08-28 23:40:14,941 [INFO] HTTP Request: POST http://localhost:8001/v1/chat/completions "HTTP/1.1 200 OK"
2026-08-28 23:40:16,852 [INFO] HTTP Request: POST http://localhost:8001/v1/chat/completions "HTTP/1.1 200 OK"
2026-08-28 23:40:20,431 [INFO] HTTP Request: POST http://localhost:8001/v1/chat/completions "HTTP/1.1 200 OK"
2026-08-28 23:40:21,979 [INFO] HTTP Request: POST http://localhost:8001/v1/chat/completions "HTTP/1.1 200 OK"
2026-08-28 23:40:25,248 [INFO] HTTP Request: POST http://localhost:8001/v1/chat/completions "HTTP/1.1 200 OK"
2026-08-28 23:40:26,685 [INFO] HTTP Request: POST http://localhost:8001/v1/chat/completions "HTTP/1.1 200 OK"
2026-08-28 23:41:01,735 [INFO] HTTP Request: POST http://localhost:8001/v1/chat/completions "HTTP/1.1 200 OK"
2026-08-28 23:41:03,899 [INFO] HTTP Request: POST http://localhost:8001/v1/chat/completions "HTTP/1.1 200 OK"
2026-08-28 23:41:05,739 [INFO] HTTP Request: POST http://localhost:8001/v1/chat/completions "HTTP/1.1 200 OK"
2026-08-28 23:41:05,740 [INFO] HTTP Request: POST http://localhost:8001/v1/chat/completions "HTTP/1.1 200 OK"
2026-08-28 23:41:05,840 [INFO] HTTP Request: POST http://localhost:8001/v1/chat/completions "HTTP/1.1 200 OK"
2026-08-28 23:41:10,037 [INFO] HTTP Request: POST http://localhost:8001/v1/chat/completions "HTTP/1.1 200 OK"
2026-08-28 23:41:11,231 [INFO] HTTP Request: POST http://localhost:8001/v1/chat/completions "HTTP/1.1 200 OK"
2026-08-28 23:41:11,429 [INFO] HTTP Request: POST http://localhost:8001/v1/chat/completions "HTTP/1.1 200 OK"
2026-08-28 23:41:12,416 [INFO] HTTP Request: POST http://localhost:8001/v1/chat/completions "HTTP/1.1 200 OK"
2026-08-28 23:41:12,905 [INFO] HTTP Request: POST http://localhost:8001/v1/chat/completions "HTTP/1.1 200 OK"
2026-08-28 23:41:13,386 [INFO] HTTP Request: POST http://localhost:8001/v1/chat/completions "HTTP/1.1 200 OK"
2026-08-28 23:41:13,863 [INFO] HTTP Request: POST http://localhost:8001/v1/chat/completions "HTTP/1.1 200 OK"
2026-08-28 23:41:15,191 [INFO] HTTP Request: POST http://localhost:8001/v1/chat/completions "HTTP/1.1 200 OK"
2026-08-28 23:41:16,043 [INFO] HTTP Request: POST http://localhost:8001/v1/chat/completions "HTTP/1.1 200 OK"
2026-08-28 23:41:22,782 [INFO] HTTP Request: POST http://localhost:8001/v1/chat/completions "HTTP/1.1 200 OK"
2026-08-28 23:41:23,150 [INFO] HTTP Request: POST http://localhost:8001/v1/chat/completions "HTTP/1.1 200 OK"
2026-08-28 23:41:44,534 [INFO] HTTP Request: POST http://localhost:8001/v1/chat/completions "HTTP/1.1 200 OK"
2026-08-28 23:41:47,375 [INFO] HTTP Request: POST http://localhost:8001/v1/chat/completions "HTTP/1.1 200 OK"
2026-08-28 23:41:47,439 [INFO]   💾 1760/4921  [ok=1760 skip=0 error=0]
2026-08-28 23:42:47,139 [INFO] HTTP Request: POST http://localhost:8001/v1/chat/completions "HTTP/1.1 200 OK"
2026-08-28 23:42:49,690 [INFO] HTTP Request: POST http://localhost:8001/v1/chat/completions "HTTP/1.1 200 OK"
2026-08-28 23:42:50,664 [INFO] HTTP Request: POST http://localhost:8001/v1/chat/completions "HTTP/1.1 200 OK"
2026-08-28 23:42:52,363 [INFO] HTTP Request: POST http://localhost:8001/v1/chat/completions "HTTP/1.1 200 OK"
2026-08-28 23:42:56,363 [INFO] HTTP Request: POST http://localhost:8001/v1/chat/completions "HTTP/1.1 200 OK"
2026-08-28 23:42:58,224 [INFO] HTTP Request: POST http://localhost:8001/v1/chat/completions "HTTP/1.1 200 OK"
2026-08-28 23:42:59,565 [INFO] HTTP Request: POST http://localhost:8001/v1/chat/completions "HTTP/1.1 200 OK"
2026-08-28 23:43:01,488 [INFO] HTTP Request: POST http://localhost:8001/v1/chat/completions "HTTP/1.1 200 OK"
2026-08-28 23:43:03,241 [INFO] HTTP Request: POST http://localhost:8001/v1/chat/completions "HTTP/1.1 200 OK"
2026-08-28 23:43:03,342 [INFO] HTTP Request: POST http://localhost:8001/v1/chat/completions "HTTP/1.1 200 OK"
2026-08-28 23:43:04,668 [INFO] HTTP Request: POST http://localhost:8001/v1/chat/completions "HTTP/1.1 200 OK"
2026-08-28 23:43:07,147 [INFO] HTTP Request: POST http://localhost:8001/v1/chat/completions "HTTP/1.1 200 OK"
2026-08-28 23:43:11,027 [INFO] HTTP Request: POST http://localhost:8001/v1/chat/completions "HTTP/1.1 200 OK"
2026-08-28 23:43:13,177 [INFO] HTTP Request: POST http://localhost:8001/v1/chat/completions "HTTP/1.1 200 OK"
2026-08-28 23:43:50,056 [INFO] HTTP Request: POST http://localhost:8001/v1/chat/completions "HTTP/1.1 200 OK"
2026-08-28 23:43:51,135 [INFO] HTTP Request: POST http://localhost:8001/v1/chat/completions "HTTP/1.1 200 OK"
2026-08-28 23:43:54,298 [INFO] HTTP Request: POST http://localhost:8001/v1/chat/completions "HTTP/1.1 200 OK"
2026-08-28 23:43:55,272 [INFO] HTTP Request: POST http://localhost:8001/v1/chat/completions "HTTP/1.1 200 OK"
2026-08-28 23:43:55,272 [INFO] HTTP Request: POST http://localhost:8001/v1/chat/completions "HTTP/1.1 200 OK"
2026-08-28 23:43:56,052 [INFO] HTTP Request: POST http://localhost:8001/v1/chat/completions "HTTP/1.1 200 OK"
2026-08-28 23:43:57,201 [INFO] HTTP Request: POST http://localhost:8001/v1/chat/completions "HTTP/1.1 200 OK"
2026-08-28 23:43:57,498 [INFO] HTTP Request: POST http://localhost:8001/v1/chat/completions "HTTP/1.1 200 OK"
2026-08-28 23:43:57,695 [INFO] HTTP Request: POST http://localhost:8001/v1/chat/completions "HTTP/1.1 200 OK"
2026-08-28 23:43:58,479 [INFO] HTTP Request: POST http://localhost:8001/v1/chat/completions "HTTP/1.1 200 OK"
2026-08-28 23:43:59,821 [INFO] HTTP Request: POST http://localhost:8001/v1/chat/completions "HTTP/1.1 200 OK"
2026-08-28 23:44:00,108 [INFO] HTTP Request: POST http://localhost:8001/v1/chat/completions "HTTP/1.1 200 OK"
2026-08-28 23:44:02,574 [INFO] HTTP Request: POST http://localhost:8001/v1/chat/completions "HTTP/1.1 200 OK"
2026-08-28 23:44:02,858 [INFO] HTTP Request: POST http://localhost:8001/v1/chat/completions "HTTP/1.1 200 OK"
2026-08-28 23:44:14,675 [INFO] HTTP Request: POST http://localhost:8001/v1/chat/completions "HTTP/1.1 200 OK"
2026-08-28 23:44:15,320 [INFO] HTTP Request: POST http://localhost:8001/v1/chat/completions "HTTP/1.1 200 OK"
2026-08-28 23:44:33,352 [INFO] HTTP Request: POST http://localhost:8001/v1/chat/completions "HTTP/1.1 200 OK"
2026-08-28 23:44:35,528 [INFO] HTTP Request: POST http://localhost:8001/v1/chat/completions "HTTP/1.1 200 OK"
2026-08-28 23:44:35,606 [INFO]   💾 1792/4921  [ok=1792 skip=0 error=0]
2026-08-28 23:45:34,251 [INFO] HTTP Request: POST http://localhost:8001/v1/chat/completions "HTTP/1.1 200 OK"
2026-08-28 23:45:35,223 [INFO] HTTP Request: POST http://localhost:8001/v1/chat/completions "HTTP/1.1 200 OK"
2026-08-28 23:45:36,462 [INFO] HTTP Request: POST http://localhost:8001/v1/chat/completions "HTTP/1.1 200 OK"
2026-08-28 23:45:38,886 [INFO] HTTP Request: POST http://localhost:8001/v1/chat/completions "HTTP/1.1 200 OK"
2026-08-28 23:45:40,736 [INFO] HTTP Request: POST http://localhost:8001/v1/chat/completions "HTTP/1.1 200 OK"
2026-08-28 23:45:44,238 [INFO] HTTP Request: POST http://localhost:8001/v1/chat/completions "HTTP/1.1 200 OK"
2026-08-28 23:45:46,829 [INFO] HTTP Request: POST http://localhost:8001/v1/chat/completions "HTTP/1.1 200 OK"
2026-08-28 23:45:48,274 [INFO] HTTP Request: POST http://localhost:8001/v1/chat/completions "HTTP/1.1 200 OK"
2026-08-28 23:45:50,844 [INFO] HTTP Request: POST http://localhost:8001/v1/chat/completions "HTTP/1.1 200 OK"
2026-08-28 23:45:51,372 [INFO] HTTP Request: POST http://localhost:8001/v1/chat/completions "HTTP/1.1 200 OK"
2026-08-28 23:45:53,843 [INFO] HTTP Request: POST http://localhost:8001/v1/chat/completions "HTTP/1.1 200 OK"
2026-08-28 23:45:55,193 [INFO] HTTP Request: POST http://localhost:8001/v1/chat/completions "HTTP/1.1 200 OK"
2026-08-28 23:46:02,039 [INFO] HTTP Request: POST http://localhost:8001/v1/chat/completions "HTTP/1.1 200 OK"
2026-08-28 23:46:06,949 [INFO] HTTP Request: POST http://localhost:8001/v1/chat/completions "HTTP/1.1 200 OK"
2026-08-28 23:46:33,976 [INFO] HTTP Request: POST http://localhost:8001/v1/chat/completions "HTTP/1.1 200 OK"
2026-08-28 23:46:35,938 [INFO] HTTP Request: POST http://localhost:8001/v1/chat/completions "HTTP/1.1 200 OK"
2026-08-28 23:46:36,464 [INFO] HTTP Request: POST http://localhost:8001/v1/chat/completions "HTTP/1.1 200 OK"
2026-08-28 23:46:37,364 [INFO] HTTP Request: POST http://localhost:8001/v1/chat/completions "HTTP/1.1 200 OK"
2026-08-28 23:46:42,119 [INFO] HTTP Request: POST http://localhost:8001/v1/chat/completions "HTTP/1.1 200 OK"
2026-08-28 23:46:44,246 [INFO] HTTP Request: POST http://localhost:8001/v1/chat/completions "HTTP/1.1 200 OK"
2026-08-28 23:46:45,442 [INFO] HTTP Request: POST http://localhost:8001/v1/chat/completions "HTTP/1.1 200 OK"
2026-08-28 23:46:45,541 [INFO] HTTP Request: POST http://localhost:8001/v1/chat/completions "HTTP/1.1 200 OK"
2026-08-28 23:46:47,118 [INFO] HTTP Request: POST http://localhost:8001/v1/chat/completions "HTTP/1.1 200 OK"
2026-08-28 23:46:47,904 [INFO] HTTP Request: POST http://localhost:8001/v1/chat/completions "HTTP/1.1 200 OK"
2026-08-28 23:46:48,768 [INFO] HTTP Request: POST http://localhost:8001/v1/chat/completions "HTTP/1.1 200 OK"
2026-08-28 23:46:52,483 [INFO] HTTP Request: POST http://localhost:8001/v1/chat/completions "HTTP/1.1 200 OK"
2026-08-28 23:46:53,339 [INFO] HTTP Request: POST http://localhost:8001/v1/chat/completions "HTTP/1.1 200 OK"
2026-08-28 23:46:54,382 [INFO] HTTP Request: POST http://localhost:8001/v1/chat/completions "HTTP/1.1 200 OK"
2026-08-28 23:46:58,725 [INFO] HTTP Request: POST http://localhost:8001/v1/chat/completions "HTTP/1.1 200 OK"
2026-08-28 23:47:07,749 [INFO] HTTP Request: POST http://localhost:8001/v1/chat/completions "HTTP/1.1 200 OK"
2026-08-28 23:47:15,634 [INFO] HTTP Request: POST http://localhost:8001/v1/chat/completions "HTTP/1.1 200 OK"
2026-08-28 23:47:19,053 [INFO] HTTP Request: POST http://localhost:8001/v1/chat/completions "HTTP/1.1 200 OK"
2026-08-28 23:47:19,133 [INFO]   💾 1824/4921  [ok=1824 skip=0 error=0]
2026-08-28 23:48:17,644 [INFO] HTTP Request: POST http://localhost:8001/v1/chat/completions "HTTP/1.1 200 OK"
2026-08-28 23:48:20,513 [INFO] HTTP Request: POST http://localhost:8001/v1/chat/completions "HTTP/1.1 200 OK"
2026-08-28 23:48:22,466 [INFO] HTTP Request: POST http://localhost:8001/v1/chat/completions "HTTP/1.1 200 OK"
2026-08-28 23:48:24,624 [INFO] HTTP Request: POST http://localhost:8001/v1/chat/completions "HTTP/1.1 200 OK"
2026-08-28 23:48:26,170 [INFO] HTTP Request: POST http://localhost:8001/v1/chat/completions "HTTP/1.1 200 OK"
2026-08-28 23:48:27,146 [INFO] HTTP Request: POST http://localhost:8001/v1/chat/completions "HTTP/1.1 200 OK"
2026-08-28 23:48:30,312 [INFO] HTTP Request: POST http://localhost:8001/v1/chat/completions "HTTP/1.1 200 OK"
2026-08-28 23:48:31,292 [INFO] HTTP Request: POST http://localhost:8001/v1/chat/completions "HTTP/1.1 200 OK"
2026-08-28 23:48:34,239 [INFO] HTTP Request: POST http://localhost:8001/v1/chat/completions "HTTP/1.1 200 OK"
2026-08-28 23:48:34,341 [INFO] HTTP Request: POST http://localhost:8001/v1/chat/completions "HTTP/1.1 200 OK"
2026-08-28 23:48:37,456 [INFO] HTTP Request: POST http://localhost:8001/v1/chat/completions "HTTP/1.1 200 OK"
2026-08-28 23:48:38,804 [INFO] HTTP Request: POST http://localhost:8001/v1/chat/completions "HTTP/1.1 200 OK"
2026-08-28 23:48:40,152 [INFO] HTTP Request: POST http://localhost:8001/v1/chat/completions "HTTP/1.1 200 OK"
2026-08-28 23:48:41,501 [INFO] HTTP Request: POST http://localhost:8001/v1/chat/completions "HTTP/1.1 200 OK"
2026-08-28 23:49:10,752 [INFO] HTTP Request: POST http://localhost:8001/v1/chat/completions "HTTP/1.1 200 OK"
2026-08-28 23:49:14,552 [INFO] HTTP Request: POST http://localhost:8001/v1/chat/completions "HTTP/1.1 200 OK"
2026-08-28 23:49:19,861 [INFO] HTTP Request: POST http://localhost:8001/v1/chat/completions "HTTP/1.1 200 OK"
2026-08-28 23:49:22,527 [INFO] HTTP Request: POST http://localhost:8001/v1/chat/completions "HTTP/1.1 200 OK"
2026-08-28 23:49:26,044 [INFO] HTTP Request: POST http://localhost:8001/v1/chat/completions "HTTP/1.1 200 OK"
2026-08-28 23:49:27,966 [INFO] HTTP Request: POST http://localhost:8001/v1/chat/completions "HTTP/1.1 200 OK"
2026-08-28 23:49:28,564 [INFO] HTTP Request: POST http://localhost:8001/v1/chat/completions "HTTP/1.1 200 OK"
2026-08-28 23:49:31,338 [INFO] HTTP Request: POST http://localhost:8001/v1/chat/completions "HTTP/1.1 200 OK"
2026-08-28 23:49:33,708 [INFO] HTTP Request: POST http://localhost:8001/v1/chat/completions "HTTP/1.1 200 OK"
2026-08-28 23:49:34,592 [INFO] HTTP Request: POST http://localhost:8001/v1/chat/completions "HTTP/1.1 200 OK"
2026-08-28 23:49:35,359 [INFO] HTTP Request: POST http://localhost:8001/v1/chat/completions "HTTP/1.1 200 OK"
2026-08-28 23:49:37,837 [INFO] HTTP Request: POST http://localhost:8001/v1/chat/completions "HTTP/1.1 200 OK"
2026-08-28 23:49:38,028 [INFO] HTTP Request: POST http://localhost:8001/v1/chat/completions "HTTP/1.1 200 OK"
2026-08-28 23:49:40,299 [INFO] HTTP Request: POST http://localhost:8001/v1/chat/completions "HTTP/1.1 200 OK"
2026-08-28 23:49:43,071 [INFO] HTTP Request: POST http://localhost:8001/v1/chat/completions "HTTP/1.1 200 OK"
2026-08-28 23:49:54,305 [INFO] HTTP Request: POST http://localhost:8001/v1/chat/completions "HTTP/1.1 200 OK"
2026-08-28 23:49:54,940 [INFO] HTTP Request: POST http://localhost:8001/v1/chat/completions "HTTP/1.1 200 OK"
2026-08-28 23:50:05,653 [INFO] HTTP Request: POST http://localhost:8001/v1/chat/completions "HTTP/1.1 200 OK"
2026-08-28 23:50:05,727 [INFO]   💾 1856/4921  [ok=1856 skip=0 error=0]
2026-08-28 23:51:02,957 [INFO] HTTP Request: POST http://localhost:8001/v1/chat/completions "HTTP/1.1 200 OK"
2026-08-28 23:51:05,216 [INFO] HTTP Request: POST http://localhost:8001/v1/chat/completions "HTTP/1.1 200 OK"
2026-08-28 23:51:05,742 [INFO] HTTP Request: POST http://localhost:8001/v1/chat/completions "HTTP/1.1 200 OK"
2026-08-28 23:51:07,802 [INFO] HTTP Request: POST http://localhost:8001/v1/chat/completions "HTTP/1.1 200 OK"
2026-08-28 23:51:09,753 [INFO] HTTP Request: POST http://localhost:8001/v1/chat/completions "HTTP/1.1 200 OK"
2026-08-28 23:51:10,278 [INFO] HTTP Request: POST http://localhost:8001/v1/chat/completions "HTTP/1.1 200 OK"
2026-08-28 23:51:13,904 [INFO] HTTP Request: POST http://localhost:8001/v1/chat/completions "HTTP/1.1 200 OK"
2026-08-28 23:51:15,770 [INFO] HTTP Request: POST http://localhost:8001/v1/chat/completions "HTTP/1.1 200 OK"
2026-08-28 23:51:18,648 [INFO] HTTP Request: POST http://localhost:8001/v1/chat/completions "HTTP/1.1 200 OK"
2026-08-28 23:51:20,108 [INFO] HTTP Request: POST http://localhost:8001/v1/chat/completions "HTTP/1.1 200 OK"
2026-08-28 23:51:22,989 [INFO] HTTP Request: POST http://localhost:8001/v1/chat/completions "HTTP/1.1 200 OK"
2026-08-28 23:51:25,355 [INFO] HTTP Request: POST http://localhost:8001/v1/chat/completions "HTTP/1.1 200 OK"
2026-08-28 23:51:27,417 [INFO] HTTP Request: POST http://localhost:8001/v1/chat/completions "HTTP/1.1 200 OK"
2026-08-28 23:51:30,808 [INFO] HTTP Request: POST http://localhost:8001/v1/chat/completions "HTTP/1.1 200 OK"
2026-08-28 23:51:58,254 [INFO] HTTP Request: POST http://localhost:8001/v1/chat/completions "HTTP/1.1 200 OK"
2026-08-28 23:52:05,991 [INFO] HTTP Request: POST http://localhost:8001/v1/chat/completions "HTTP/1.1 200 OK"
2026-08-28 23:52:07,373 [INFO] HTTP Request: POST http://localhost:8001/v1/chat/completions "HTTP/1.1 200 OK"
2026-08-28 23:52:07,475 [INFO] HTTP Request: POST http://localhost:8001/v1/chat/completions "HTTP/1.1 200 OK"
2026-08-28 23:52:10,506 [INFO] HTTP Request: POST http://localhost:8001/v1/chat/completions "HTTP/1.1 200 OK"
2026-08-28 23:52:10,710 [INFO] HTTP Request: POST http://localhost:8001/v1/chat/completions "HTTP/1.1 200 OK"
2026-08-28 23:52:12,800 [INFO] HTTP Request: POST http://localhost:8001/v1/chat/completions "HTTP/1.1 200 OK"
2026-08-28 23:52:12,900 [INFO] HTTP Request: POST http://localhost:8001/v1/chat/completions "HTTP/1.1 200 OK"
2026-08-28 23:52:14,085 [INFO] HTTP Request: POST http://localhost:8001/v1/chat/completions "HTTP/1.1 200 OK"
2026-08-28 23:52:16,635 [INFO] HTTP Request: POST http://localhost:8001/v1/chat/completions "HTTP/1.1 200 OK"
2026-08-28 23:52:17,213 [INFO] HTTP Request: POST http://localhost:8001/v1/chat/completions "HTTP/1.1 200 OK"
2026-08-28 23:52:17,785 [INFO] HTTP Request: POST http://localhost:8001/v1/chat/completions "HTTP/1.1 200 OK"
2026-08-28 23:52:20,822 [INFO] HTTP Request: POST http://localhost:8001/v1/chat/completions "HTTP/1.1 200 OK"
2026-08-28 23:52:26,307 [INFO] HTTP Request: POST http://localhost:8001/v1/chat/completions "HTTP/1.1 200 OK"
2026-08-28 23:52:37,295 [INFO] HTTP Request: POST http://localhost:8001/v1/chat/completions "HTTP/1.1 200 OK"
2026-08-28 23:52:40,155 [INFO] HTTP Request: POST http://localhost:8001/v1/chat/completions "HTTP/1.1 200 OK"
2026-08-28 23:52:44,874 [INFO] HTTP Request: POST http://localhost:8001/v1/chat/completions "HTTP/1.1 200 OK"
2026-08-28 23:53:05,878 [INFO] Retrying request to /chat/completions in 0.429555 seconds
2026-08-28 23:56:06,412 [INFO] Retrying request to /chat/completions in 0.800582 seconds
2026-08-28 23:59:07,231 [WARNING] Intento 1/2 fallido: Request timed out.
2026-08-29 00:02:08,285 [INFO] Retrying request to /chat/completions in 0.389551 seconds
2026-08-29 00:05:08,775 [INFO] Retrying request to /chat/completions in 0.917364 seconds
2026-08-29 00:08:09,796 [WARNING] Intento 2/2 fallido: Request timed out.
2026-08-29 00:08:10,796 [ERROR] Error fila 1883 de youtube_global_dataset.csv: Modelo no respondió tras 2 intentos
2026-08-29 00:08:10,884 [INFO]   💾 1888/4921  [ok=1887 skip=0 error=1]
2026-08-29 00:09:09,072 [INFO] HTTP Request: POST http://localhost:8001/v1/chat/completions "HTTP/1.1 200 OK"
2026-08-29 00:09:12,869 [INFO] HTTP Request: POST http://localhost:8001/v1/chat/completions "HTTP/1.1 200 OK"
2026-08-29 00:09:15,334 [INFO] HTTP Request: POST http://localhost:8001/v1/chat/completions "HTTP/1.1 200 OK"
2026-08-29 00:09:15,335 [INFO] HTTP Request: POST http://localhost:8001/v1/chat/completions "HTTP/1.1 200 OK"
2026-08-29 00:09:18,316 [INFO] HTTP Request: POST http://localhost:8001/v1/chat/completions "HTTP/1.1 200 OK"
2026-08-29 00:09:19,867 [INFO] HTTP Request: POST http://localhost:8001/v1/chat/completions "HTTP/1.1 200 OK"
2026-08-29 00:09:20,840 [INFO] HTTP Request: POST http://localhost:8001/v1/chat/completions "HTTP/1.1 200 OK"
2026-08-29 00:09:23,801 [INFO] HTTP Request: POST http://localhost:8001/v1/chat/completions "HTTP/1.1 200 OK"
2026-08-29 00:09:25,764 [INFO] HTTP Request: POST http://localhost:8001/v1/chat/completions "HTTP/1.1 200 OK"
2026-08-29 00:09:27,417 [INFO] HTTP Request: POST http://localhost:8001/v1/chat/completions "HTTP/1.1 200 OK"
2026-08-29 00:09:27,946 [INFO] HTTP Request: POST http://localhost:8001/v1/chat/completions "HTTP/1.1 200 OK"
2026-08-29 00:09:32,980 [INFO] HTTP Request: POST http://localhost:8001/v1/chat/completions "HTTP/1.1 200 OK"
2026-08-29 00:09:34,541 [INFO] HTTP Request: POST http://localhost:8001/v1/chat/completions "HTTP/1.1 200 OK"
2026-08-29 00:09:36,200 [INFO] HTTP Request: POST http://localhost:8001/v1/chat/completions "HTTP/1.1 200 OK"
2026-08-29 00:10:10,965 [INFO] HTTP Request: POST http://localhost:8001/v1/chat/completions "HTTP/1.1 200 OK"
2026-08-29 00:10:12,606 [INFO] HTTP Request: POST http://localhost:8001/v1/chat/completions "HTTP/1.1 200 OK"
2026-08-29 00:10:12,606 [INFO] HTTP Request: POST http://localhost:8001/v1/chat/completions "HTTP/1.1 200 OK"
2026-08-29 00:10:15,800 [INFO] HTTP Request: POST http://localhost:8001/v1/chat/completions "HTTP/1.1 200 OK"
2026-08-29 00:10:18,713 [INFO] HTTP Request: POST http://localhost:8001/v1/chat/completions "HTTP/1.1 200 OK"
2026-08-29 00:10:18,815 [INFO] HTTP Request: POST http://localhost:8001/v1/chat/completions "HTTP/1.1 200 OK"
2026-08-29 00:10:19,215 [INFO] HTTP Request: POST http://localhost:8001/v1/chat/completions "HTTP/1.1 200 OK"
2026-08-29 00:10:19,610 [INFO] HTTP Request: POST http://localhost:8001/v1/chat/completions "HTTP/1.1 200 OK"
2026-08-29 00:10:20,596 [INFO] HTTP Request: POST http://localhost:8001/v1/chat/completions "HTTP/1.1 200 OK"
2026-08-29 00:10:21,875 [INFO] HTTP Request: POST http://localhost:8001/v1/chat/completions "HTTP/1.1 200 OK"
2026-08-29 00:10:24,939 [INFO] HTTP Request: POST http://localhost:8001/v1/chat/completions "HTTP/1.1 200 OK"
2026-08-29 00:10:26,463 [INFO] HTTP Request: POST http://localhost:8001/v1/chat/completions "HTTP/1.1 200 OK"
2026-08-29 00:10:27,127 [INFO] HTTP Request: POST http://localhost:8001/v1/chat/completions "HTTP/1.1 200 OK"
2026-08-29 00:10:27,508 [INFO] HTTP Request: POST http://localhost:8001/v1/chat/completions "HTTP/1.1 200 OK"
2026-08-29 00:10:34,801 [INFO] HTTP Request: POST http://localhost:8001/v1/chat/completions "HTTP/1.1 200 OK"
2026-08-29 00:10:47,875 [INFO] HTTP Request: POST http://localhost:8001/v1/chat/completions "HTTP/1.1 200 OK"
2026-08-29 00:10:55,578 [INFO] HTTP Request: POST http://localhost:8001/v1/chat/completions "HTTP/1.1 200 OK"
2026-08-29 00:10:59,272 [INFO] HTTP Request: POST http://localhost:8001/v1/chat/completions "HTTP/1.1 200 OK"
2026-08-29 00:10:59,333 [INFO]   💾 1920/4921  [ok=1919 skip=0 error=1]
2026-08-29 00:11:54,561 [INFO] HTTP Request: POST http://localhost:8001/v1/chat/completions "HTTP/1.1 200 OK"
2026-08-29 00:11:59,278 [INFO] HTTP Request: POST http://localhost:8001/v1/chat/completions "HTTP/1.1 200 OK"
2026-08-29 00:12:02,464 [INFO] HTTP Request: POST http://localhost:8001/v1/chat/completions "HTTP/1.1 200 OK"
2026-08-29 00:12:05,143 [INFO] HTTP Request: POST http://localhost:8001/v1/chat/completions "HTTP/1.1 200 OK"
2026-08-29 00:12:05,244 [INFO] HTTP Request: POST http://localhost:8001/v1/chat/completions "HTTP/1.1 200 OK"
2026-08-29 00:12:06,113 [INFO] HTTP Request: POST http://localhost:8001/v1/chat/completions "HTTP/1.1 200 OK"
2026-08-29 00:12:06,567 [INFO] HTTP Request: POST http://localhost:8001/v1/chat/completions "HTTP/1.1 200 OK"
2026-08-29 00:12:09,643 [INFO] HTTP Request: POST http://localhost:8001/v1/chat/completions "HTTP/1.1 200 OK"
2026-08-29 00:12:12,780 [INFO] HTTP Request: POST http://localhost:8001/v1/chat/completions "HTTP/1.1 200 OK"
2026-08-29 00:12:15,587 [INFO] HTTP Request: POST http://localhost:8001/v1/chat/completions "HTTP/1.1 200 OK"
2026-08-29 00:12:15,588 [INFO] HTTP Request: POST http://localhost:8001/v1/chat/completions "HTTP/1.1 200 OK"
2026-08-29 00:12:15,688 [INFO] HTTP Request: POST http://localhost:8001/v1/chat/completions "HTTP/1.1 200 OK"
2026-08-29 00:12:23,918 [INFO] HTTP Request: POST http://localhost:8001/v1/chat/completions "HTTP/1.1 200 OK"
2026-08-29 00:12:25,581 [INFO] HTTP Request: POST http://localhost:8001/v1/chat/completions "HTTP/1.1 200 OK"
2026-08-29 00:12:53,924 [INFO] HTTP Request: POST http://localhost:8001/v1/chat/completions "HTTP/1.1 200 OK"
2026-08-29 00:12:56,584 [INFO] HTTP Request: POST http://localhost:8001/v1/chat/completions "HTTP/1.1 200 OK"
2026-08-29 00:13:00,784 [INFO] HTTP Request: POST http://localhost:8001/v1/chat/completions "HTTP/1.1 200 OK"
2026-08-29 00:13:03,052 [INFO] HTTP Request: POST http://localhost:8001/v1/chat/completions "HTTP/1.1 200 OK"
2026-08-29 00:13:04,025 [INFO] HTTP Request: POST http://localhost:8001/v1/chat/completions "HTTP/1.1 200 OK"
2026-08-29 00:13:05,454 [INFO] HTTP Request: POST http://localhost:8001/v1/chat/completions "HTTP/1.1 200 OK"
2026-08-29 00:13:07,246 [INFO] HTTP Request: POST http://localhost:8001/v1/chat/completions "HTTP/1.1 200 OK"
2026-08-29 00:13:07,642 [INFO] HTTP Request: POST http://localhost:8001/v1/chat/completions "HTTP/1.1 200 OK"
2026-08-29 00:13:10,900 [INFO] HTTP Request: POST http://localhost:8001/v1/chat/completions "HTTP/1.1 200 OK"
2026-08-29 00:13:15,025 [INFO] HTTP Request: POST http://localhost:8001/v1/chat/completions "HTTP/1.1 200 OK"
2026-08-29 00:13:15,219 [INFO] HTTP Request: POST http://localhost:8001/v1/chat/completions "HTTP/1.1 200 OK"
2026-08-29 00:13:20,749 [INFO] HTTP Request: POST http://localhost:8001/v1/chat/completions "HTTP/1.1 200 OK"
2026-08-29 00:13:21,700 [INFO] HTTP Request: POST http://localhost:8001/v1/chat/completions "HTTP/1.1 200 OK"
2026-08-29 00:13:22,458 [INFO] HTTP Request: POST http://localhost:8001/v1/chat/completions "HTTP/1.1 200 OK"
2026-08-29 00:13:27,169 [INFO] HTTP Request: POST http://localhost:8001/v1/chat/completions "HTTP/1.1 200 OK"
2026-08-29 00:13:30,208 [INFO] HTTP Request: POST http://localhost:8001/v1/chat/completions "HTTP/1.1 200 OK"
2026-08-29 00:13:41,174 [INFO] HTTP Request: POST http://localhost:8001/v1/chat/completions "HTTP/1.1 200 OK"
2026-08-29 00:13:41,358 [INFO] HTTP Request: POST http://localhost:8001/v1/chat/completions "HTTP/1.1 200 OK"
2026-08-29 00:13:41,432 [INFO]   💾 1952/4921  [ok=1951 skip=0 error=1]
2026-08-29 00:14:39,675 [INFO] HTTP Request: POST http://localhost:8001/v1/chat/completions "HTTP/1.1 200 OK"
2026-08-29 00:14:41,753 [INFO] HTTP Request: POST http://localhost:8001/v1/chat/completions "HTTP/1.1 200 OK"
2026-08-29 00:14:44,442 [INFO] HTTP Request: POST http://localhost:8001/v1/chat/completions "HTTP/1.1 200 OK"
2026-08-29 00:14:47,255 [INFO] HTTP Request: POST http://localhost:8001/v1/chat/completions "HTTP/1.1 200 OK"
2026-08-29 00:14:48,229 [INFO] HTTP Request: POST http://localhost:8001/v1/chat/completions "HTTP/1.1 200 OK"
2026-08-29 00:14:50,491 [INFO] HTTP Request: POST http://localhost:8001/v1/chat/completions "HTTP/1.1 200 OK"
2026-08-29 00:14:52,359 [INFO] HTTP Request: POST http://localhost:8001/v1/chat/completions "HTTP/1.1 200 OK"
2026-08-29 00:14:54,247 [INFO] HTTP Request: POST http://localhost:8001/v1/chat/completions "HTTP/1.1 200 OK"
2026-08-29 00:14:55,917 [INFO] HTTP Request: POST http://localhost:8001/v1/chat/completions "HTTP/1.1 200 OK"
2026-08-29 00:14:59,110 [INFO] HTTP Request: POST http://localhost:8001/v1/chat/completions "HTTP/1.1 200 OK"
2026-08-29 00:15:02,511 [INFO] HTTP Request: POST http://localhost:8001/v1/chat/completions "HTTP/1.1 200 OK"
2026-08-29 00:15:04,482 [INFO] HTTP Request: POST http://localhost:8001/v1/chat/completions "HTTP/1.1 200 OK"
2026-08-29 00:15:05,911 [INFO] HTTP Request: POST http://localhost:8001/v1/chat/completions "HTTP/1.1 200 OK"
2026-08-29 00:15:09,085 [INFO] HTTP Request: POST http://localhost:8001/v1/chat/completions "HTTP/1.1 200 OK"
2026-08-29 00:15:39,797 [INFO] HTTP Request: POST http://localhost:8001/v1/chat/completions "HTTP/1.1 200 OK"
2026-08-29 00:15:42,819 [INFO] HTTP Request: POST http://localhost:8001/v1/chat/completions "HTTP/1.1 200 OK"
2026-08-29 00:15:43,343 [INFO] HTTP Request: POST http://localhost:8001/v1/chat/completions "HTTP/1.1 200 OK"
2026-08-29 00:15:47,166 [INFO] HTTP Request: POST http://localhost:8001/v1/chat/completions "HTTP/1.1 200 OK"
2026-08-29 00:15:51,811 [INFO] HTTP Request: POST http://localhost:8001/v1/chat/completions "HTTP/1.1 200 OK"
2026-08-29 00:15:53,844 [INFO] HTTP Request: POST http://localhost:8001/v1/chat/completions "HTTP/1.1 200 OK"
2026-08-29 00:15:56,234 [INFO] HTTP Request: POST http://localhost:8001/v1/chat/completions "HTTP/1.1 200 OK"
2026-08-29 00:15:56,630 [INFO] HTTP Request: POST http://localhost:8001/v1/chat/completions "HTTP/1.1 200 OK"
2026-08-29 00:15:56,927 [INFO] HTTP Request: POST http://localhost:8001/v1/chat/completions "HTTP/1.1 200 OK"
2026-08-29 00:15:57,714 [INFO] HTTP Request: POST http://localhost:8001/v1/chat/completions "HTTP/1.1 200 OK"
2026-08-29 00:16:00,778 [INFO] HTTP Request: POST http://localhost:8001/v1/chat/completions "HTTP/1.1 200 OK"
2026-08-29 00:16:01,255 [INFO] HTTP Request: POST http://localhost:8001/v1/chat/completions "HTTP/1.1 200 OK"
2026-08-29 00:16:02,965 [INFO] HTTP Request: POST http://localhost:8001/v1/chat/completions "HTTP/1.1 200 OK"
2026-08-29 00:16:06,851 [INFO] HTTP Request: POST http://localhost:8001/v1/chat/completions "HTTP/1.1 200 OK"
2026-08-29 00:16:20,147 [INFO] HTTP Request: POST http://localhost:8001/v1/chat/completions "HTTP/1.1 200 OK"
2026-08-29 00:16:22,450 [INFO] HTTP Request: POST http://localhost:8001/v1/chat/completions "HTTP/1.1 200 OK"
2026-08-29 00:16:27,889 [INFO] HTTP Request: POST http://localhost:8001/v1/chat/completions "HTTP/1.1 200 OK"
2026-08-29 00:16:34,998 [INFO] HTTP Request: POST http://localhost:8001/v1/chat/completions "HTTP/1.1 200 OK"
2026-08-29 00:16:35,060 [INFO]   💾 1984/4921  [ok=1983 skip=0 error=1]
2026-08-29 00:17:31,609 [INFO] HTTP Request: POST http://localhost:8001/v1/chat/completions "HTTP/1.1 200 OK"
2026-08-29 00:17:33,177 [INFO] HTTP Request: POST http://localhost:8001/v1/chat/completions "HTTP/1.1 200 OK"
2026-08-29 00:17:38,340 [INFO] HTTP Request: POST http://localhost:8001/v1/chat/completions "HTTP/1.1 200 OK"
2026-08-29 00:17:38,340 [INFO] HTTP Request: POST http://localhost:8001/v1/chat/completions "HTTP/1.1 200 OK"
2026-08-29 00:17:42,081 [INFO] HTTP Request: POST http://localhost:8001/v1/chat/completions "HTTP/1.1 200 OK"
2026-08-29 00:17:45,689 [INFO] HTTP Request: POST http://localhost:8001/v1/chat/completions "HTTP/1.1 200 OK"
2026-08-29 00:17:48,394 [INFO] HTTP Request: POST http://localhost:8001/v1/chat/completions "HTTP/1.1 200 OK"
2026-08-29 00:17:49,757 [INFO] HTTP Request: POST http://localhost:8001/v1/chat/completions "HTTP/1.1 200 OK"
2026-08-29 00:17:51,219 [INFO] HTTP Request: POST http://localhost:8001/v1/chat/completions "HTTP/1.1 200 OK"
2026-08-29 00:17:53,193 [INFO] HTTP Request: POST http://localhost:8001/v1/chat/completions "HTTP/1.1 200 OK"
2026-08-29 00:17:54,759 [INFO] HTTP Request: POST http://localhost:8001/v1/chat/completions "HTTP/1.1 200 OK"
2026-08-29 00:17:56,124 [INFO] HTTP Request: POST http://localhost:8001/v1/chat/completions "HTTP/1.1 200 OK"
2026-08-29 00:17:56,223 [INFO] HTTP Request: POST http://localhost:8001/v1/chat/completions "HTTP/1.1 200 OK"
2026-08-29 00:18:01,845 [INFO] HTTP Request: POST http://localhost:8001/v1/chat/completions "HTTP/1.1 200 OK"
2026-08-29 00:18:31,928 [INFO] HTTP Request: POST http://localhost:8001/v1/chat/completions "HTTP/1.1 200 OK"
2026-08-29 00:18:34,746 [INFO] HTTP Request: POST http://localhost:8001/v1/chat/completions "HTTP/1.1 200 OK"
2026-08-29 00:18:37,863 [INFO] HTTP Request: POST http://localhost:8001/v1/chat/completions "HTTP/1.1 200 OK"
2026-08-29 00:18:39,955 [INFO] HTTP Request: POST http://localhost:8001/v1/chat/completions "HTTP/1.1 200 OK"
2026-08-29 00:18:43,283 [INFO] HTTP Request: POST http://localhost:8001/v1/chat/completions "HTTP/1.1 200 OK"
2026-08-29 00:18:45,620 [INFO] HTTP Request: POST http://localhost:8001/v1/chat/completions "HTTP/1.1 200 OK"
2026-08-29 00:18:46,318 [INFO] HTTP Request: POST http://localhost:8001/v1/chat/completions "HTTP/1.1 200 OK"
2026-08-29 00:18:48,202 [INFO] HTTP Request: POST http://localhost:8001/v1/chat/completions "HTTP/1.1 200 OK"
2026-08-29 00:18:48,991 [INFO] HTTP Request: POST http://localhost:8001/v1/chat/completions "HTTP/1.1 200 OK"
2026-08-29 00:18:49,975 [INFO] HTTP Request: POST http://localhost:8001/v1/chat/completions "HTTP/1.1 200 OK"
2026-08-29 00:18:51,318 [INFO] HTTP Request: POST http://localhost:8001/v1/chat/completions "HTTP/1.1 200 OK"
2026-08-29 00:18:52,176 [INFO] HTTP Request: POST http://localhost:8001/v1/chat/completions "HTTP/1.1 200 OK"
2026-08-29 00:18:52,272 [INFO] HTTP Request: POST http://localhost:8001/v1/chat/completions "HTTP/1.1 200 OK"
2026-08-29 00:18:57,581 [INFO] HTTP Request: POST http://localhost:8001/v1/chat/completions "HTTP/1.1 200 OK"
2026-08-29 00:19:11,713 [INFO] HTTP Request: POST http://localhost:8001/v1/chat/completions "HTTP/1.1 200 OK"
2026-08-29 00:19:14,110 [INFO] HTTP Request: POST http://localhost:8001/v1/chat/completions "HTTP/1.1 200 OK"
2026-08-29 00:19:19,645 [INFO] HTTP Request: POST http://localhost:8001/v1/chat/completions "HTTP/1.1 200 OK"
2026-08-29 00:19:33,961 [INFO] HTTP Request: POST http://localhost:8001/v1/chat/completions "HTTP/1.1 200 OK"
2026-08-29 00:19:34,032 [INFO]   💾 2016/4921  [ok=2015 skip=0 error=1]
2026-08-29 00:20:28,911 [INFO] HTTP Request: POST http://localhost:8001/v1/chat/completions "HTTP/1.1 200 OK"
2026-08-29 00:20:31,110 [INFO] HTTP Request: POST http://localhost:8001/v1/chat/completions "HTTP/1.1 200 OK"
2026-08-29 00:20:33,306 [INFO] HTTP Request: POST http://localhost:8001/v1/chat/completions "HTTP/1.1 200 OK"
2026-08-29 00:20:36,325 [INFO] HTTP Request: POST http://localhost:8001/v1/chat/completions "HTTP/1.1 200 OK"
2026-08-29 00:20:36,852 [INFO] HTTP Request: POST http://localhost:8001/v1/chat/completions "HTTP/1.1 200 OK"
2026-08-29 00:20:39,489 [INFO] HTTP Request: POST http://localhost:8001/v1/chat/completions "HTTP/1.1 200 OK"
2026-08-29 00:20:42,200 [INFO] HTTP Request: POST http://localhost:8001/v1/chat/completions "HTTP/1.1 200 OK"
2026-08-29 00:20:43,581 [INFO] HTTP Request: POST http://localhost:8001/v1/chat/completions "HTTP/1.1 200 OK"
2026-08-29 00:20:45,371 [INFO] HTTP Request: POST http://localhost:8001/v1/chat/completions "HTTP/1.1 200 OK"
2026-08-29 00:20:45,473 [INFO] HTTP Request: POST http://localhost:8001/v1/chat/completions "HTTP/1.1 200 OK"
2026-08-29 00:20:48,109 [INFO] HTTP Request: POST http://localhost:8001/v1/chat/completions "HTTP/1.1 200 OK"
2026-08-29 00:20:50,918 [INFO] HTTP Request: POST http://localhost:8001/v1/chat/completions "HTTP/1.1 200 OK"
2026-08-29 00:20:57,895 [INFO] HTTP Request: POST http://localhost:8001/v1/chat/completions "HTTP/1.1 200 OK"
2026-08-29 00:21:26,691 [INFO] HTTP Request: POST http://localhost:8001/v1/chat/completions "HTTP/1.1 200 OK"
2026-08-29 00:21:30,018 [INFO] HTTP Request: POST http://localhost:8001/v1/chat/completions "HTTP/1.1 200 OK"
2026-08-29 00:21:32,832 [INFO] HTTP Request: POST http://localhost:8001/v1/chat/completions "HTTP/1.1 200 OK"
2026-08-29 00:21:36,268 [INFO] HTTP Request: POST http://localhost:8001/v1/chat/completions "HTTP/1.1 200 OK"
2026-08-29 00:21:37,243 [INFO] HTTP Request: POST http://localhost:8001/v1/chat/completions "HTTP/1.1 200 OK"
2026-08-29 00:21:39,044 [INFO] HTTP Request: POST http://localhost:8001/v1/chat/completions "HTTP/1.1 200 OK"
2026-08-29 00:21:40,777 [INFO] HTTP Request: POST http://localhost:8001/v1/chat/completions "HTTP/1.1 200 OK"
2026-08-29 00:21:43,466 [INFO] HTTP Request: POST http://localhost:8001/v1/chat/completions "HTTP/1.1 200 OK"
2026-08-29 00:21:43,565 [INFO] HTTP Request: POST http://localhost:8001/v1/chat/completions "HTTP/1.1 200 OK"
2026-08-29 00:21:43,863 [INFO] HTTP Request: POST http://localhost:8001/v1/chat/completions "HTTP/1.1 200 OK"
2026-08-29 00:21:46,127 [INFO] HTTP Request: POST http://localhost:8001/v1/chat/completions "HTTP/1.1 200 OK"
2026-08-29 00:21:46,226 [INFO] HTTP Request: POST http://localhost:8001/v1/chat/completions "HTTP/1.1 200 OK"
2026-08-29 00:21:51,287 [INFO] HTTP Request: POST http://localhost:8001/v1/chat/completions "HTTP/1.1 200 OK"
2026-08-29 00:22:15,190 [INFO] HTTP Request: POST http://localhost:8001/v1/chat/completions "HTTP/1.1 200 OK"
2026-08-29 00:22:18,516 [INFO] HTTP Request: POST http://localhost:8001/v1/chat/completions "HTTP/1.1 200 OK"
2026-08-29 00:22:18,889 [INFO] HTTP Request: POST http://localhost:8001/v1/chat/completions "HTTP/1.1 200 OK"
2026-08-29 00:22:21,018 [INFO] HTTP Request: POST http://localhost:8001/v1/chat/completions "HTTP/1.1 200 OK"
2026-08-29 00:22:21,473 [INFO] HTTP Request: POST http://localhost:8001/v1/chat/completions "HTTP/1.1 200 OK"
2026-08-29 00:22:34,151 [INFO] Retrying request to /chat/completions in 0.414931 seconds
2026-08-29 00:25:34,637 [INFO] Retrying request to /chat/completions in 0.955671 seconds
2026-08-29 00:28:35,619 [WARNING] Intento 1/2 fallido: Request timed out.
2026-08-29 00:31:36,702 [INFO] Retrying request to /chat/completions in 0.419610 seconds
2026-08-29 00:34:37,129 [INFO] Retrying request to /chat/completions in 0.807338 seconds
2026-08-29 00:37:38,017 [WARNING] Intento 2/2 fallido: Request timed out.
2026-08-29 00:37:39,018 [ERROR] Error fila 2025 de youtube_global_dataset.csv: Modelo no respondió tras 2 intentos
2026-08-29 00:37:39,107 [INFO]   💾 2048/4921  [ok=2046 skip=0 error=2]
2026-08-29 00:38:40,191 [INFO] HTTP Request: POST http://localhost:8001/v1/chat/completions "HTTP/1.1 200 OK"
2026-08-29 00:38:41,877 [INFO] HTTP Request: POST http://localhost:8001/v1/chat/completions "HTTP/1.1 200 OK"
2026-08-29 00:38:42,853 [INFO] HTTP Request: POST http://localhost:8001/v1/chat/completions "HTTP/1.1 200 OK"
2026-08-29 00:38:45,671 [INFO] HTTP Request: POST http://localhost:8001/v1/chat/completions "HTTP/1.1 200 OK"
2026-08-29 00:38:45,773 [INFO] HTTP Request: POST http://localhost:8001/v1/chat/completions "HTTP/1.1 200 OK"
2026-08-29 00:38:49,279 [INFO] HTTP Request: POST http://localhost:8001/v1/chat/completions "HTTP/1.1 200 OK"
2026-08-29 00:38:50,254 [INFO] HTTP Request: POST http://localhost:8001/v1/chat/completions "HTTP/1.1 200 OK"
2026-08-29 00:38:51,085 [INFO] HTTP Request: POST http://localhost:8001/v1/chat/completions "HTTP/1.1 200 OK"
2026-08-29 00:38:53,205 [INFO] HTTP Request: POST http://localhost:8001/v1/chat/completions "HTTP/1.1 200 OK"
2026-08-29 00:38:53,731 [INFO] HTTP Request: POST http://localhost:8001/v1/chat/completions "HTTP/1.1 200 OK"
2026-08-29 00:38:56,357 [INFO] HTTP Request: POST http://localhost:8001/v1/chat/completions "HTTP/1.1 200 OK"
2026-08-29 00:38:58,046 [INFO] HTTP Request: POST http://localhost:8001/v1/chat/completions "HTTP/1.1 200 OK"
2026-08-29 00:39:00,957 [INFO] HTTP Request: POST http://localhost:8001/v1/chat/completions "HTTP/1.1 200 OK"
2026-08-29 00:39:03,765 [INFO] HTTP Request: POST http://localhost:8001/v1/chat/completions "HTTP/1.1 200 OK"
2026-08-29 00:39:37,802 [INFO] HTTP Request: POST http://localhost:8001/v1/chat/completions "HTTP/1.1 200 OK"
2026-08-29 00:39:42,043 [INFO] HTTP Request: POST http://localhost:8001/v1/chat/completions "HTTP/1.1 200 OK"
2026-08-29 00:39:44,552 [INFO] HTTP Request: POST http://localhost:8001/v1/chat/completions "HTTP/1.1 200 OK"
2026-08-29 00:39:45,933 [INFO] HTTP Request: POST http://localhost:8001/v1/chat/completions "HTTP/1.1 200 OK"
2026-08-29 00:39:48,338 [INFO] HTTP Request: POST http://localhost:8001/v1/chat/completions "HTTP/1.1 200 OK"
2026-08-29 00:39:50,266 [INFO] HTTP Request: POST http://localhost:8001/v1/chat/completions "HTTP/1.1 200 OK"
2026-08-29 00:39:50,865 [INFO] HTTP Request: POST http://localhost:8001/v1/chat/completions "HTTP/1.1 200 OK"
2026-08-29 00:39:50,964 [INFO] HTTP Request: POST http://localhost:8001/v1/chat/completions "HTTP/1.1 200 OK"
2026-08-29 00:39:52,347 [INFO] HTTP Request: POST http://localhost:8001/v1/chat/completions "HTTP/1.1 200 OK"
2026-08-29 00:39:52,840 [INFO] HTTP Request: POST http://localhost:8001/v1/chat/completions "HTTP/1.1 200 OK"
2026-08-29 00:39:54,659 [INFO] HTTP Request: POST http://localhost:8001/v1/chat/completions "HTTP/1.1 200 OK"
2026-08-29 00:39:55,327 [INFO] HTTP Request: POST http://localhost:8001/v1/chat/completions "HTTP/1.1 200 OK"
2026-08-29 00:39:56,086 [INFO] HTTP Request: POST http://localhost:8001/v1/chat/completions "HTTP/1.1 200 OK"
2026-08-29 00:39:58,831 [INFO] HTTP Request: POST http://localhost:8001/v1/chat/completions "HTTP/1.1 200 OK"
2026-08-29 00:40:25,256 [INFO] HTTP Request: POST http://localhost:8001/v1/chat/completions "HTTP/1.1 200 OK"
2026-08-29 00:40:25,996 [INFO] HTTP Request: POST http://localhost:8001/v1/chat/completions "HTTP/1.1 200 OK"
2026-08-29 00:40:26,634 [INFO] HTTP Request: POST http://localhost:8001/v1/chat/completions "HTTP/1.1 200 OK"
2026-08-29 00:40:35,071 [INFO] HTTP Request: POST http://localhost:8001/v1/chat/completions "HTTP/1.1 200 OK"
2026-08-29 00:40:35,139 [INFO]   💾 2080/4921  [ok=2078 skip=0 error=2]
2026-08-29 00:41:33,612 [INFO] HTTP Request: POST http://localhost:8001/v1/chat/completions "HTTP/1.1 200 OK"
2026-08-29 00:41:37,045 [INFO] HTTP Request: POST http://localhost:8001/v1/chat/completions "HTTP/1.1 200 OK"
2026-08-29 00:41:40,991 [INFO] HTTP Request: POST http://localhost:8001/v1/chat/completions "HTTP/1.1 200 OK"
2026-08-29 00:41:41,519 [INFO] HTTP Request: POST http://localhost:8001/v1/chat/completions "HTTP/1.1 200 OK"
2026-08-29 00:41:41,520 [INFO] HTTP Request: POST http://localhost:8001/v1/chat/completions "HTTP/1.1 200 OK"
2026-08-29 00:41:43,750 [INFO] HTTP Request: POST http://localhost:8001/v1/chat/completions "HTTP/1.1 200 OK"
2026-08-29 00:41:45,518 [INFO] HTTP Request: POST http://localhost:8001/v1/chat/completions "HTTP/1.1 200 OK"
2026-08-29 00:41:48,183 [INFO] HTTP Request: POST http://localhost:8001/v1/chat/completions "HTTP/1.1 200 OK"
2026-08-29 00:41:48,710 [INFO] HTTP Request: POST http://localhost:8001/v1/chat/completions "HTTP/1.1 200 OK"
2026-08-29 00:41:51,042 [INFO] HTTP Request: POST http://localhost:8001/v1/chat/completions "HTTP/1.1 200 OK"
2026-08-29 00:41:53,139 [INFO] HTTP Request: POST http://localhost:8001/v1/chat/completions "HTTP/1.1 200 OK"
2026-08-29 00:41:59,005 [INFO] HTTP Request: POST http://localhost:8001/v1/chat/completions "HTTP/1.1 200 OK"
2026-08-29 00:42:00,694 [INFO] HTTP Request: POST http://localhost:8001/v1/chat/completions "HTTP/1.1 200 OK"
2026-08-29 00:42:04,623 [INFO] HTTP Request: POST http://localhost:8001/v1/chat/completions "HTTP/1.1 200 OK"
2026-08-29 00:42:30,462 [INFO] HTTP Request: POST http://localhost:8001/v1/chat/completions "HTTP/1.1 200 OK"
2026-08-29 00:42:36,862 [INFO] HTTP Request: POST http://localhost:8001/v1/chat/completions "HTTP/1.1 200 OK"
2026-08-29 00:42:38,349 [INFO] HTTP Request: POST http://localhost:8001/v1/chat/completions "HTTP/1.1 200 OK"
2026-08-29 00:42:39,835 [INFO] HTTP Request: POST http://localhost:8001/v1/chat/completions "HTTP/1.1 200 OK"
2026-08-29 00:42:41,533 [INFO] HTTP Request: POST http://localhost:8001/v1/chat/completions "HTTP/1.1 200 OK"
2026-08-29 00:42:42,853 [INFO] HTTP Request: POST http://localhost:8001/v1/chat/completions "HTTP/1.1 200 OK"
2026-08-29 00:42:43,054 [INFO] HTTP Request: POST http://localhost:8001/v1/chat/completions "HTTP/1.1 200 OK"
2026-08-29 00:42:43,253 [INFO] HTTP Request: POST http://localhost:8001/v1/chat/completions "HTTP/1.1 200 OK"
2026-08-29 00:42:44,731 [INFO] HTTP Request: POST http://localhost:8001/v1/chat/completions "HTTP/1.1 200 OK"
2026-08-29 00:42:47,189 [INFO] HTTP Request: POST http://localhost:8001/v1/chat/completions "HTTP/1.1 200 OK"
2026-08-29 00:42:47,189 [INFO] HTTP Request: POST http://localhost:8001/v1/chat/completions "HTTP/1.1 200 OK"
2026-08-29 00:42:49,480 [INFO] HTTP Request: POST http://localhost:8001/v1/chat/completions "HTTP/1.1 200 OK"
2026-08-29 00:42:49,576 [INFO] HTTP Request: POST http://localhost:8001/v1/chat/completions "HTTP/1.1 200 OK"
2026-08-29 00:42:51,848 [INFO] HTTP Request: POST http://localhost:8001/v1/chat/completions "HTTP/1.1 200 OK"
2026-08-29 00:43:20,239 [INFO] HTTP Request: POST http://localhost:8001/v1/chat/completions "HTTP/1.1 200 OK"
2026-08-29 00:43:23,846 [INFO] HTTP Request: POST http://localhost:8001/v1/chat/completions "HTTP/1.1 200 OK"
2026-08-29 00:43:25,575 [INFO] HTTP Request: POST http://localhost:8001/v1/chat/completions "HTTP/1.1 200 OK"
2026-08-29 00:43:26,330 [INFO] HTTP Request: POST http://localhost:8001/v1/chat/completions "HTTP/1.1 200 OK"
2026-08-29 00:43:26,406 [INFO]   💾 2112/4921  [ok=2110 skip=0 error=2]
2026-08-29 00:44:25,314 [INFO] HTTP Request: POST http://localhost:8001/v1/chat/completions "HTTP/1.1 200 OK"
2026-08-29 00:44:26,806 [INFO] HTTP Request: POST http://localhost:8001/v1/chat/completions "HTTP/1.1 200 OK"
2026-08-29 00:44:28,805 [INFO] HTTP Request: POST http://localhost:8001/v1/chat/completions "HTTP/1.1 200 OK"
2026-08-29 00:44:30,504 [INFO] HTTP Request: POST http://localhost:8001/v1/chat/completions "HTTP/1.1 200 OK"
2026-08-29 00:44:31,031 [INFO] HTTP Request: POST http://localhost:8001/v1/chat/completions "HTTP/1.1 200 OK"
2026-08-29 00:44:33,373 [INFO] HTTP Request: POST http://localhost:8001/v1/chat/completions "HTTP/1.1 200 OK"
2026-08-29 00:44:33,901 [INFO] HTTP Request: POST http://localhost:8001/v1/chat/completions "HTTP/1.1 200 OK"
2026-08-29 00:44:34,809 [INFO] HTTP Request: POST http://localhost:8001/v1/chat/completions "HTTP/1.1 200 OK"
2026-08-29 00:44:36,145 [INFO] HTTP Request: POST http://localhost:8001/v1/chat/completions "HTTP/1.1 200 OK"
2026-08-29 00:44:41,051 [INFO] HTTP Request: POST http://localhost:8001/v1/chat/completions "HTTP/1.1 200 OK"
2026-08-29 00:44:44,267 [INFO] HTTP Request: POST http://localhost:8001/v1/chat/completions "HTTP/1.1 200 OK"
2026-08-29 00:44:46,869 [INFO] HTTP Request: POST http://localhost:8001/v1/chat/completions "HTTP/1.1 200 OK"
2026-08-29 00:44:47,394 [INFO] HTTP Request: POST http://localhost:8001/v1/chat/completions "HTTP/1.1 200 OK"
2026-08-29 00:44:51,755 [INFO] HTTP Request: POST http://localhost:8001/v1/chat/completions "HTTP/1.1 200 OK"
2026-08-29 00:45:20,473 [INFO] HTTP Request: POST http://localhost:8001/v1/chat/completions "HTTP/1.1 200 OK"
2026-08-29 00:45:25,646 [INFO] HTTP Request: POST http://localhost:8001/v1/chat/completions "HTTP/1.1 200 OK"
2026-08-29 00:45:27,542 [INFO] HTTP Request: POST http://localhost:8001/v1/chat/completions "HTTP/1.1 200 OK"
2026-08-29 00:45:29,138 [INFO] HTTP Request: POST http://localhost:8001/v1/chat/completions "HTTP/1.1 200 OK"
2026-08-29 00:45:30,530 [INFO] HTTP Request: POST http://localhost:8001/v1/chat/completions "HTTP/1.1 200 OK"
2026-08-29 00:45:31,549 [INFO] HTTP Request: POST http://localhost:8001/v1/chat/completions "HTTP/1.1 200 OK"
2026-08-29 00:45:32,049 [INFO] HTTP Request: POST http://localhost:8001/v1/chat/completions "HTTP/1.1 200 OK"
2026-08-29 00:45:33,636 [INFO] HTTP Request: POST http://localhost:8001/v1/chat/completions "HTTP/1.1 200 OK"
2026-08-29 00:45:37,982 [INFO] HTTP Request: POST http://localhost:8001/v1/chat/completions "HTTP/1.1 200 OK"
2026-08-29 00:45:39,459 [INFO] HTTP Request: POST http://localhost:8001/v1/chat/completions "HTTP/1.1 200 OK"
2026-08-29 00:45:40,133 [INFO] HTTP Request: POST http://localhost:8001/v1/chat/completions "HTTP/1.1 200 OK"
2026-08-29 00:45:42,137 [INFO] HTTP Request: POST http://localhost:8001/v1/chat/completions "HTTP/1.1 200 OK"
2026-08-29 00:45:44,518 [INFO] HTTP Request: POST http://localhost:8001/v1/chat/completions "HTTP/1.1 200 OK"
2026-08-29 00:45:45,273 [INFO] HTTP Request: POST http://localhost:8001/v1/chat/completions "HTTP/1.1 200 OK"
2026-08-29 00:46:08,858 [INFO] HTTP Request: POST http://localhost:8001/v1/chat/completions "HTTP/1.1 200 OK"
2026-08-29 00:46:09,782 [INFO] HTTP Request: POST http://localhost:8001/v1/chat/completions "HTTP/1.1 200 OK"
2026-08-29 00:46:13,240 [INFO] HTTP Request: POST http://localhost:8001/v1/chat/completions "HTTP/1.1 200 OK"
2026-08-29 00:46:22,625 [INFO] HTTP Request: POST http://localhost:8001/v1/chat/completions "HTTP/1.1 200 OK"
2026-08-29 00:46:22,713 [INFO]   💾 2144/4921  [ok=2142 skip=0 error=2]
2026-08-29 00:47:20,553 [INFO] HTTP Request: POST http://localhost:8001/v1/chat/completions "HTTP/1.1 200 OK"
2026-08-29 00:47:22,453 [INFO] HTTP Request: POST http://localhost:8001/v1/chat/completions "HTTP/1.1 200 OK"
2026-08-29 00:47:26,199 [INFO] HTTP Request: POST http://localhost:8001/v1/chat/completions "HTTP/1.1 200 OK"
2026-08-29 00:47:27,174 [INFO] HTTP Request: POST http://localhost:8001/v1/chat/completions "HTTP/1.1 200 OK"
2026-08-29 00:47:28,882 [INFO] HTTP Request: POST http://localhost:8001/v1/chat/completions "HTTP/1.1 200 OK"
2026-08-29 00:47:31,088 [INFO] HTTP Request: POST http://localhost:8001/v1/chat/completions "HTTP/1.1 200 OK"
2026-08-29 00:47:33,296 [INFO] HTTP Request: POST http://localhost:8001/v1/chat/completions "HTTP/1.1 200 OK"
2026-08-29 00:47:35,296 [INFO] HTTP Request: POST http://localhost:8001/v1/chat/completions "HTTP/1.1 200 OK"
2026-08-29 00:47:36,273 [INFO] HTTP Request: POST http://localhost:8001/v1/chat/completions "HTTP/1.1 200 OK"
2026-08-29 00:47:39,716 [INFO] HTTP Request: POST http://localhost:8001/v1/chat/completions "HTTP/1.1 200 OK"
2026-08-29 00:47:39,818 [INFO] HTTP Request: POST http://localhost:8001/v1/chat/completions "HTTP/1.1 200 OK"
2026-08-29 00:47:43,287 [INFO] HTTP Request: POST http://localhost:8001/v1/chat/completions "HTTP/1.1 200 OK"
2026-08-29 00:47:43,814 [INFO] HTTP Request: POST http://localhost:8001/v1/chat/completions "HTTP/1.1 200 OK"
2026-08-29 00:47:52,250 [INFO] HTTP Request: POST http://localhost:8001/v1/chat/completions "HTTP/1.1 200 OK"
2026-08-29 00:48:16,371 [INFO] HTTP Request: POST http://localhost:8001/v1/chat/completions "HTTP/1.1 200 OK"
2026-08-29 00:48:21,748 [INFO] HTTP Request: POST http://localhost:8001/v1/chat/completions "HTTP/1.1 200 OK"
2026-08-29 00:48:23,344 [INFO] HTTP Request: POST http://localhost:8001/v1/chat/completions "HTTP/1.1 200 OK"
2026-08-29 00:48:26,369 [INFO] HTTP Request: POST http://localhost:8001/v1/chat/completions "HTTP/1.1 200 OK"
2026-08-29 00:48:28,066 [INFO] HTTP Request: POST http://localhost:8001/v1/chat/completions "HTTP/1.1 200 OK"
2026-08-29 00:48:29,696 [INFO] HTTP Request: POST http://localhost:8001/v1/chat/completions "HTTP/1.1 200 OK"
2026-08-29 00:48:29,697 [INFO] HTTP Request: POST http://localhost:8001/v1/chat/completions "HTTP/1.1 200 OK"
2026-08-29 00:48:30,095 [INFO] HTTP Request: POST http://localhost:8001/v1/chat/completions "HTTP/1.1 200 OK"
2026-08-29 00:48:31,084 [INFO] HTTP Request: POST http://localhost:8001/v1/chat/completions "HTTP/1.1 200 OK"
2026-08-29 00:48:32,656 [INFO] HTTP Request: POST http://localhost:8001/v1/chat/completions "HTTP/1.1 200 OK"
2026-08-29 00:48:35,244 [INFO] HTTP Request: POST http://localhost:8001/v1/chat/completions "HTTP/1.1 200 OK"
2026-08-29 00:48:35,530 [INFO] HTTP Request: POST http://localhost:8001/v1/chat/completions "HTTP/1.1 200 OK"
2026-08-29 00:48:35,626 [INFO] HTTP Request: POST http://localhost:8001/v1/chat/completions "HTTP/1.1 200 OK"
2026-08-29 00:48:44,534 [INFO] HTTP Request: POST http://localhost:8001/v1/chat/completions "HTTP/1.1 200 OK"
2026-08-29 00:49:01,828 [INFO] HTTP Request: POST http://localhost:8001/v1/chat/completions "HTTP/1.1 200 OK"
2026-08-29 00:49:06,452 [INFO] HTTP Request: POST http://localhost:8001/v1/chat/completions "HTTP/1.1 200 OK"
2026-08-29 00:49:08,727 [INFO] HTTP Request: POST http://localhost:8001/v1/chat/completions "HTTP/1.1 200 OK"
2026-08-29 00:49:11,949 [INFO] HTTP Request: POST http://localhost:8001/v1/chat/completions "HTTP/1.1 200 OK"
2026-08-29 00:49:12,043 [INFO]   💾 2176/4921  [ok=2174 skip=0 error=2]
2026-08-29 00:50:08,139 [INFO] HTTP Request: POST http://localhost:8001/v1/chat/completions "HTTP/1.1 200 OK"
2026-08-29 00:50:08,240 [INFO] HTTP Request: POST http://localhost:8001/v1/chat/completions "HTTP/1.1 200 OK"
2026-08-29 00:50:11,322 [INFO] HTTP Request: POST http://localhost:8001/v1/chat/completions "HTTP/1.1 200 OK"
2026-08-29 00:50:11,850 [INFO] HTTP Request: POST http://localhost:8001/v1/chat/completions "HTTP/1.1 200 OK"
2026-08-29 00:50:16,867 [INFO] HTTP Request: POST http://localhost:8001/v1/chat/completions "HTTP/1.1 200 OK"
2026-08-29 00:50:19,182 [INFO] HTTP Request: POST http://localhost:8001/v1/chat/completions "HTTP/1.1 200 OK"
2026-08-29 00:50:19,708 [INFO] HTTP Request: POST http://localhost:8001/v1/chat/completions "HTTP/1.1 200 OK"
2026-08-29 00:50:19,709 [INFO] HTTP Request: POST http://localhost:8001/v1/chat/completions "HTTP/1.1 200 OK"
2026-08-29 00:50:21,491 [INFO] HTTP Request: POST http://localhost:8001/v1/chat/completions "HTTP/1.1 200 OK"
2026-08-29 00:50:25,228 [INFO] HTTP Request: POST http://localhost:8001/v1/chat/completions "HTTP/1.1 200 OK"
2026-08-29 00:50:27,232 [INFO] HTTP Request: POST http://localhost:8001/v1/chat/completions "HTTP/1.1 200 OK"
2026-08-29 00:50:30,565 [INFO] HTTP Request: POST http://localhost:8001/v1/chat/completions "HTTP/1.1 200 OK"
2026-08-29 00:50:31,092 [INFO] HTTP Request: POST http://localhost:8001/v1/chat/completions "HTTP/1.1 200 OK"
2026-08-29 00:50:34,359 [INFO] HTTP Request: POST http://localhost:8001/v1/chat/completions "HTTP/1.1 200 OK"
2026-08-29 00:51:05,143 [INFO] HTTP Request: POST http://localhost:8001/v1/chat/completions "HTTP/1.1 200 OK"
2026-08-29 00:51:08,275 [INFO] HTTP Request: POST http://localhost:8001/v1/chat/completions "HTTP/1.1 200 OK"
2026-08-29 00:51:09,872 [INFO] HTTP Request: POST http://localhost:8001/v1/chat/completions "HTTP/1.1 200 OK"
2026-08-29 00:51:13,210 [INFO] HTTP Request: POST http://localhost:8001/v1/chat/completions "HTTP/1.1 200 OK"
2026-08-29 00:51:15,422 [INFO] HTTP Request: POST http://localhost:8001/v1/chat/completions "HTTP/1.1 200 OK"
2026-08-29 00:51:16,747 [INFO] HTTP Request: POST http://localhost:8001/v1/chat/completions "HTTP/1.1 200 OK"
2026-08-29 00:51:17,049 [INFO] HTTP Request: POST http://localhost:8001/v1/chat/completions "HTTP/1.1 200 OK"
2026-08-29 00:51:17,246 [INFO] HTTP Request: POST http://localhost:8001/v1/chat/completions "HTTP/1.1 200 OK"
2026-08-29 00:51:18,927 [INFO] HTTP Request: POST http://localhost:8001/v1/chat/completions "HTTP/1.1 200 OK"
2026-08-29 00:51:21,386 [INFO] HTTP Request: POST http://localhost:8001/v1/chat/completions "HTTP/1.1 200 OK"
2026-08-29 00:51:21,773 [INFO] HTTP Request: POST http://localhost:8001/v1/chat/completions "HTTP/1.1 200 OK"
2026-08-29 00:51:23,491 [INFO] HTTP Request: POST http://localhost:8001/v1/chat/completions "HTTP/1.1 200 OK"
2026-08-29 00:51:27,395 [INFO] HTTP Request: POST http://localhost:8001/v1/chat/completions "HTTP/1.1 200 OK"
2026-08-29 00:51:28,439 [INFO] HTTP Request: POST http://localhost:8001/v1/chat/completions "HTTP/1.1 200 OK"
2026-08-29 00:51:47,667 [INFO] HTTP Request: POST http://localhost:8001/v1/chat/completions "HTTP/1.1 200 OK"
2026-08-29 00:51:55,990 [INFO] HTTP Request: POST http://localhost:8001/v1/chat/completions "HTTP/1.1 200 OK"
2026-08-29 00:51:57,264 [INFO] HTTP Request: POST http://localhost:8001/v1/chat/completions "HTTP/1.1 200 OK"
2026-08-29 00:51:58,020 [INFO] HTTP Request: POST http://localhost:8001/v1/chat/completions "HTTP/1.1 200 OK"
2026-08-29 00:51:58,112 [INFO]   💾 2208/4921  [ok=2206 skip=0 error=2]
2026-08-29 00:52:54,918 [INFO] HTTP Request: POST http://localhost:8001/v1/chat/completions "HTTP/1.1 200 OK"
2026-08-29 00:52:57,858 [INFO] HTTP Request: POST http://localhost:8001/v1/chat/completions "HTTP/1.1 200 OK"
2026-08-29 00:52:59,559 [INFO] HTTP Request: POST http://localhost:8001/v1/chat/completions "HTTP/1.1 200 OK"
2026-08-29 00:53:01,053 [INFO] HTTP Request: POST http://localhost:8001/v1/chat/completions "HTTP/1.1 200 OK"
2026-08-29 00:53:01,582 [INFO] HTTP Request: POST http://localhost:8001/v1/chat/completions "HTTP/1.1 200 OK"
2026-08-29 00:53:03,845 [INFO] HTTP Request: POST http://localhost:8001/v1/chat/completions "HTTP/1.1 200 OK"
2026-08-29 00:53:03,946 [INFO] HTTP Request: POST http://localhost:8001/v1/chat/completions "HTTP/1.1 200 OK"
2026-08-29 00:53:05,706 [INFO] HTTP Request: POST http://localhost:8001/v1/chat/completions "HTTP/1.1 200 OK"
2026-08-29 00:53:10,883 [INFO] HTTP Request: POST http://localhost:8001/v1/chat/completions "HTTP/1.1 200 OK"
2026-08-29 00:53:14,925 [INFO] HTTP Request: POST http://localhost:8001/v1/chat/completions "HTTP/1.1 200 OK"
2026-08-29 00:53:15,900 [INFO] HTTP Request: POST http://localhost:8001/v1/chat/completions "HTTP/1.1 200 OK"
2026-08-29 00:53:16,318 [INFO] HTTP Request: POST http://localhost:8001/v1/chat/completions "HTTP/1.1 200 OK"
2026-08-29 00:53:23,259 [INFO] HTTP Request: POST http://localhost:8001/v1/chat/completions "HTTP/1.1 200 OK"
2026-08-29 00:53:56,083 [INFO] HTTP Request: POST http://localhost:8001/v1/chat/completions "HTTP/1.1 200 OK"
2026-08-29 00:53:56,185 [INFO] HTTP Request: POST http://localhost:8001/v1/chat/completions "HTTP/1.1 200 OK"
2026-08-29 00:53:59,085 [INFO] HTTP Request: POST http://localhost:8001/v1/chat/completions "HTTP/1.1 200 OK"
2026-08-29 00:54:00,582 [INFO] HTTP Request: POST http://localhost:8001/v1/chat/completions "HTTP/1.1 200 OK"
2026-08-29 00:54:02,849 [INFO] HTTP Request: POST http://localhost:8001/v1/chat/completions "HTTP/1.1 200 OK"
2026-08-29 00:54:04,947 [INFO] HTTP Request: POST http://localhost:8001/v1/chat/completions "HTTP/1.1 200 OK"
2026-08-29 00:54:05,254 [INFO] HTTP Request: POST http://localhost:8001/v1/chat/completions "HTTP/1.1 200 OK"
2026-08-29 00:54:07,349 [INFO] HTTP Request: POST http://localhost:8001/v1/chat/completions "HTTP/1.1 200 OK"
2026-08-29 00:54:10,727 [INFO] HTTP Request: POST http://localhost:8001/v1/chat/completions "HTTP/1.1 200 OK"
2026-08-29 00:54:10,827 [INFO] HTTP Request: POST http://localhost:8001/v1/chat/completions "HTTP/1.1 200 OK"
2026-08-29 00:54:11,221 [INFO] HTTP Request: POST http://localhost:8001/v1/chat/completions "HTTP/1.1 200 OK"
2026-08-29 00:54:11,606 [INFO] HTTP Request: POST http://localhost:8001/v1/chat/completions "HTTP/1.1 200 OK"
2026-08-29 00:54:14,184 [INFO] HTTP Request: POST http://localhost:8001/v1/chat/completions "HTTP/1.1 200 OK"
2026-08-29 00:54:17,707 [INFO] HTTP Request: POST http://localhost:8001/v1/chat/completions "HTTP/1.1 200 OK"
2026-08-29 00:54:21,022 [INFO] HTTP Request: POST http://localhost:8001/v1/chat/completions "HTTP/1.1 200 OK"
2026-08-29 00:54:44,270 [INFO] HTTP Request: POST http://localhost:8001/v1/chat/completions "HTTP/1.1 200 OK"
2026-08-29 00:54:44,919 [INFO] HTTP Request: POST http://localhost:8001/v1/chat/completions "HTTP/1.1 200 OK"
2026-08-29 00:54:45,011 [INFO] HTTP Request: POST http://localhost:8001/v1/chat/completions "HTTP/1.1 200 OK"
2026-08-29 00:54:46,050 [INFO] HTTP Request: POST http://localhost:8001/v1/chat/completions "HTTP/1.1 200 OK"
2026-08-29 00:54:46,127 [INFO]   💾 2240/4921  [ok=2238 skip=0 error=2]
2026-08-29 00:55:44,813 [INFO] HTTP Request: POST http://localhost:8001/v1/chat/completions "HTTP/1.1 200 OK"
2026-08-29 00:55:45,337 [INFO] HTTP Request: POST http://localhost:8001/v1/chat/completions "HTTP/1.1 200 OK"
2026-08-29 00:55:45,783 [INFO] HTTP Request: POST http://localhost:8001/v1/chat/completions "HTTP/1.1 200 OK"
2026-08-29 00:55:46,246 [INFO] HTTP Request: POST http://localhost:8001/v1/chat/completions "HTTP/1.1 200 OK"
2026-08-29 00:55:50,212 [INFO] HTTP Request: POST http://localhost:8001/v1/chat/completions "HTTP/1.1 200 OK"
2026-08-29 00:55:50,650 [INFO] HTTP Request: POST http://localhost:8001/v1/chat/completions "HTTP/1.1 200 OK"
2026-08-29 00:55:54,660 [INFO] HTTP Request: POST http://localhost:8001/v1/chat/completions "HTTP/1.1 200 OK"
2026-08-29 00:55:58,003 [INFO] HTTP Request: POST http://localhost:8001/v1/chat/completions "HTTP/1.1 200 OK"
2026-08-29 00:56:00,628 [INFO] HTTP Request: POST http://localhost:8001/v1/chat/completions "HTTP/1.1 200 OK"
2026-08-29 00:56:00,730 [INFO] HTTP Request: POST http://localhost:8001/v1/chat/completions "HTTP/1.1 200 OK"
2026-08-29 00:56:04,544 [INFO] HTTP Request: POST http://localhost:8001/v1/chat/completions "HTTP/1.1 200 OK"
2026-08-29 00:56:07,473 [INFO] HTTP Request: POST http://localhost:8001/v1/chat/completions "HTTP/1.1 200 OK"
2026-08-29 00:56:10,810 [INFO] HTTP Request: POST http://localhost:8001/v1/chat/completions "HTTP/1.1 200 OK"
2026-08-29 00:56:41,186 [INFO] HTTP Request: POST http://localhost:8001/v1/chat/completions "HTTP/1.1 200 OK"
2026-08-29 00:56:45,145 [INFO] HTTP Request: POST http://localhost:8001/v1/chat/completions "HTTP/1.1 200 OK"
2026-08-29 00:56:46,123 [INFO] HTTP Request: POST http://localhost:8001/v1/chat/completions "HTTP/1.1 200 OK"
2026-08-29 00:56:52,092 [INFO] HTTP Request: POST http://localhost:8001/v1/chat/completions "HTTP/1.1 200 OK"
2026-08-29 00:56:54,011 [INFO] HTTP Request: POST http://localhost:8001/v1/chat/completions "HTTP/1.1 200 OK"
2026-08-29 00:56:56,219 [INFO] HTTP Request: POST http://localhost:8001/v1/chat/completions "HTTP/1.1 200 OK"
2026-08-29 00:56:56,932 [INFO] HTTP Request: POST http://localhost:8001/v1/chat/completions "HTTP/1.1 200 OK"
2026-08-29 00:56:57,334 [INFO] HTTP Request: POST http://localhost:8001/v1/chat/completions "HTTP/1.1 200 OK"
2026-08-29 00:56:59,222 [INFO] HTTP Request: POST http://localhost:8001/v1/chat/completions "HTTP/1.1 200 OK"
2026-08-29 00:57:00,113 [INFO] HTTP Request: POST http://localhost:8001/v1/chat/completions "HTTP/1.1 200 OK"
2026-08-29 00:57:00,211 [INFO] HTTP Request: POST http://localhost:8001/v1/chat/completions "HTTP/1.1 200 OK"
2026-08-29 00:57:00,407 [INFO] HTTP Request: POST http://localhost:8001/v1/chat/completions "HTTP/1.1 200 OK"
2026-08-29 00:57:08,140 [INFO] HTTP Request: POST http://localhost:8001/v1/chat/completions "HTTP/1.1 200 OK"
2026-08-29 00:57:10,806 [INFO] HTTP Request: POST http://localhost:8001/v1/chat/completions "HTTP/1.1 200 OK"
2026-08-29 00:57:12,515 [INFO] HTTP Request: POST http://localhost:8001/v1/chat/completions "HTTP/1.1 200 OK"
2026-08-29 00:57:26,878 [INFO] HTTP Request: POST http://localhost:8001/v1/chat/completions "HTTP/1.1 200 OK"
2026-08-29 00:57:31,780 [INFO] HTTP Request: POST http://localhost:8001/v1/chat/completions "HTTP/1.1 200 OK"
2026-08-29 00:57:33,964 [INFO] HTTP Request: POST http://localhost:8001/v1/chat/completions "HTTP/1.1 200 OK"
2026-08-29 00:57:37,943 [INFO] HTTP Request: POST http://localhost:8001/v1/chat/completions "HTTP/1.1 200 OK"
2026-08-29 00:57:38,028 [INFO]   💾 2272/4921  [ok=2270 skip=0 error=2]
2026-08-29 00:58:37,498 [INFO] HTTP Request: POST http://localhost:8001/v1/chat/completions "HTTP/1.1 200 OK"
2026-08-29 00:58:39,195 [INFO] HTTP Request: POST http://localhost:8001/v1/chat/completions "HTTP/1.1 200 OK"
2026-08-29 00:58:41,060 [INFO] HTTP Request: POST http://localhost:8001/v1/chat/completions "HTTP/1.1 200 OK"
2026-08-29 00:58:43,194 [INFO] HTTP Request: POST http://localhost:8001/v1/chat/completions "HTTP/1.1 200 OK"
2026-08-29 00:58:43,293 [INFO] HTTP Request: POST http://localhost:8001/v1/chat/completions "HTTP/1.1 200 OK"
2026-08-29 00:58:46,504 [INFO] HTTP Request: POST http://localhost:8001/v1/chat/completions "HTTP/1.1 200 OK"
2026-08-29 00:58:48,007 [INFO] HTTP Request: POST http://localhost:8001/v1/chat/completions "HTTP/1.1 200 OK"
2026-08-29 00:58:51,655 [INFO] HTTP Request: POST http://localhost:8001/v1/chat/completions "HTTP/1.1 200 OK"
2026-08-29 00:58:53,667 [INFO] HTTP Request: POST http://localhost:8001/v1/chat/completions "HTTP/1.1 200 OK"
2026-08-29 00:58:57,416 [INFO] HTTP Request: POST http://localhost:8001/v1/chat/completions "HTTP/1.1 200 OK"
2026-08-29 00:58:59,120 [INFO] HTTP Request: POST http://localhost:8001/v1/chat/completions "HTTP/1.1 200 OK"
2026-08-29 00:59:00,521 [INFO] HTTP Request: POST http://localhost:8001/v1/chat/completions "HTTP/1.1 200 OK"
2026-08-29 00:59:07,220 [INFO] HTTP Request: POST http://localhost:8001/v1/chat/completions "HTTP/1.1 200 OK"
2026-08-29 00:59:40,082 [INFO] HTTP Request: POST http://localhost:8001/v1/chat/completions "HTTP/1.1 200 OK"
2026-08-29 00:59:41,476 [INFO] HTTP Request: POST http://localhost:8001/v1/chat/completions "HTTP/1.1 200 OK"
2026-08-29 00:59:42,446 [INFO] HTTP Request: POST http://localhost:8001/v1/chat/completions "HTTP/1.1 200 OK"
2026-08-29 00:59:44,681 [INFO] HTTP Request: POST http://localhost:8001/v1/chat/completions "HTTP/1.1 200 OK"
2026-08-29 00:59:48,249 [INFO] HTTP Request: POST http://localhost:8001/v1/chat/completions "HTTP/1.1 200 OK"
2026-08-29 00:59:50,556 [INFO] HTTP Request: POST http://localhost:8001/v1/chat/completions "HTTP/1.1 200 OK"
2026-08-29 00:59:51,169 [INFO] HTTP Request: POST http://localhost:8001/v1/chat/completions "HTTP/1.1 200 OK"
2026-08-29 00:59:51,270 [INFO] HTTP Request: POST http://localhost:8001/v1/chat/completions "HTTP/1.1 200 OK"
2026-08-29 00:59:51,568 [INFO] HTTP Request: POST http://localhost:8001/v1/chat/completions "HTTP/1.1 200 OK"
2026-08-29 00:59:52,260 [INFO] HTTP Request: POST http://localhost:8001/v1/chat/completions "HTTP/1.1 200 OK"
2026-08-29 00:59:52,360 [INFO] HTTP Request: POST http://localhost:8001/v1/chat/completions "HTTP/1.1 200 OK"
2026-08-29 00:59:54,087 [INFO] HTTP Request: POST http://localhost:8001/v1/chat/completions "HTTP/1.1 200 OK"
2026-08-29 01:00:00,865 [INFO] HTTP Request: POST http://localhost:8001/v1/chat/completions "HTTP/1.1 200 OK"
2026-08-29 01:00:04,198 [INFO] HTTP Request: POST http://localhost:8001/v1/chat/completions "HTTP/1.1 200 OK"
2026-08-29 01:00:07,511 [INFO] HTTP Request: POST http://localhost:8001/v1/chat/completions "HTTP/1.1 200 OK"
2026-08-29 01:00:27,155 [INFO] HTTP Request: POST http://localhost:8001/v1/chat/completions "HTTP/1.1 200 OK"
2026-08-29 01:00:27,618 [INFO] HTTP Request: POST http://localhost:8001/v1/chat/completions "HTTP/1.1 200 OK"
2026-08-29 01:00:28,620 [INFO] HTTP Request: POST http://localhost:8001/v1/chat/completions "HTTP/1.1 200 OK"
2026-08-29 01:00:32,221 [INFO] HTTP Request: POST http://localhost:8001/v1/chat/completions "HTTP/1.1 200 OK"
2026-08-29 01:00:32,297 [INFO]   💾 2304/4921  [ok=2302 skip=0 error=2]
2026-08-29 01:01:30,058 [INFO] HTTP Request: POST http://localhost:8001/v1/chat/completions "HTTP/1.1 200 OK"
2026-08-29 01:01:31,964 [INFO] HTTP Request: POST http://localhost:8001/v1/chat/completions "HTTP/1.1 200 OK"
2026-08-29 01:01:31,966 [INFO] HTTP Request: POST http://localhost:8001/v1/chat/completions "HTTP/1.1 200 OK"
2026-08-29 01:01:35,148 [INFO] HTTP Request: POST http://localhost:8001/v1/chat/completions "HTTP/1.1 200 OK"
2026-08-29 01:01:37,246 [INFO] HTTP Request: POST http://localhost:8001/v1/chat/completions "HTTP/1.1 200 OK"
2026-08-29 01:01:39,573 [INFO] HTTP Request: POST http://localhost:8001/v1/chat/completions "HTTP/1.1 200 OK"
2026-08-29 01:01:41,997 [INFO] HTTP Request: POST http://localhost:8001/v1/chat/completions "HTTP/1.1 200 OK"
2026-08-29 01:01:42,099 [INFO] HTTP Request: POST http://localhost:8001/v1/chat/completions "HTTP/1.1 200 OK"
2026-08-29 01:01:44,694 [INFO] HTTP Request: POST http://localhost:8001/v1/chat/completions "HTTP/1.1 200 OK"
2026-08-29 01:01:47,011 [INFO] HTTP Request: POST http://localhost:8001/v1/chat/completions "HTTP/1.1 200 OK"
2026-08-29 01:01:49,226 [INFO] HTTP Request: POST http://localhost:8001/v1/chat/completions "HTTP/1.1 200 OK"
2026-08-29 01:01:50,839 [INFO] HTTP Request: POST http://localhost:8001/v1/chat/completions "HTTP/1.1 200 OK"
2026-08-29 01:02:02,135 [INFO] HTTP Request: POST http://localhost:8001/v1/chat/completions "HTTP/1.1 200 OK"
2026-08-29 01:02:27,234 [INFO] HTTP Request: POST http://localhost:8001/v1/chat/completions "HTTP/1.1 200 OK"
2026-08-29 01:02:30,542 [INFO] HTTP Request: POST http://localhost:8001/v1/chat/completions "HTTP/1.1 200 OK"
2026-08-29 01:02:32,873 [INFO] HTTP Request: POST http://localhost:8001/v1/chat/completions "HTTP/1.1 200 OK"
2026-08-29 01:02:36,881 [INFO] HTTP Request: POST http://localhost:8001/v1/chat/completions "HTTP/1.1 200 OK"
2026-08-29 01:02:40,641 [INFO] HTTP Request: POST http://localhost:8001/v1/chat/completions "HTTP/1.1 200 OK"
2026-08-29 01:02:42,333 [INFO] HTTP Request: POST http://localhost:8001/v1/chat/completions "HTTP/1.1 200 OK"
2026-08-29 01:02:42,740 [INFO] HTTP Request: POST http://localhost:8001/v1/chat/completions "HTTP/1.1 200 OK"
2026-08-29 01:02:42,843 [INFO] HTTP Request: POST http://localhost:8001/v1/chat/completions "HTTP/1.1 200 OK"
2026-08-29 01:02:44,432 [INFO] HTTP Request: POST http://localhost:8001/v1/chat/completions "HTTP/1.1 200 OK"
2026-08-29 01:02:44,630 [INFO] HTTP Request: POST http://localhost:8001/v1/chat/completions "HTTP/1.1 200 OK"
2026-08-29 01:02:45,713 [INFO] HTTP Request: POST http://localhost:8001/v1/chat/completions "HTTP/1.1 200 OK"
2026-08-29 01:02:46,196 [INFO] HTTP Request: POST http://localhost:8001/v1/chat/completions "HTTP/1.1 200 OK"
2026-08-29 01:02:47,152 [INFO] HTTP Request: POST http://localhost:8001/v1/chat/completions "HTTP/1.1 200 OK"
2026-08-29 01:03:00,005 [INFO] HTTP Request: POST http://localhost:8001/v1/chat/completions "HTTP/1.1 200 OK"
2026-08-29 01:03:02,381 [INFO] HTTP Request: POST http://localhost:8001/v1/chat/completions "HTTP/1.1 200 OK"
2026-08-29 01:03:14,527 [INFO] HTTP Request: POST http://localhost:8001/v1/chat/completions "HTTP/1.1 200 OK"
2026-08-29 01:03:17,395 [INFO] HTTP Request: POST http://localhost:8001/v1/chat/completions "HTTP/1.1 200 OK"
2026-08-29 01:03:20,398 [INFO] HTTP Request: POST http://localhost:8001/v1/chat/completions "HTTP/1.1 200 OK"
2026-08-29 01:03:23,050 [INFO] HTTP Request: POST http://localhost:8001/v1/chat/completions "HTTP/1.1 200 OK"
2026-08-29 01:03:23,124 [INFO]   💾 2336/4921  [ok=2334 skip=0 error=2]
2026-08-29 01:04:21,564 [INFO] HTTP Request: POST http://localhost:8001/v1/chat/completions "HTTP/1.1 200 OK"
2026-08-29 01:04:22,090 [INFO] HTTP Request: POST http://localhost:8001/v1/chat/completions "HTTP/1.1 200 OK"
2026-08-29 01:04:24,361 [INFO] HTTP Request: POST http://localhost:8001/v1/chat/completions "HTTP/1.1 200 OK"
2026-08-29 01:04:27,168 [INFO] HTTP Request: POST http://localhost:8001/v1/chat/completions "HTTP/1.1 200 OK"
2026-08-29 01:04:29,877 [INFO] HTTP Request: POST http://localhost:8001/v1/chat/completions "HTTP/1.1 200 OK"
2026-08-29 01:04:29,977 [INFO] HTTP Request: POST http://localhost:8001/v1/chat/completions "HTTP/1.1 200 OK"
2026-08-29 01:04:32,810 [INFO] HTTP Request: POST http://localhost:8001/v1/chat/completions "HTTP/1.1 200 OK"
2026-08-29 01:04:34,833 [INFO] HTTP Request: POST http://localhost:8001/v1/chat/completions "HTTP/1.1 200 OK"
2026-08-29 01:04:37,059 [INFO] HTTP Request: POST http://localhost:8001/v1/chat/completions "HTTP/1.1 200 OK"
2026-08-29 01:04:37,161 [INFO] HTTP Request: POST http://localhost:8001/v1/chat/completions "HTTP/1.1 200 OK"
2026-08-29 01:04:40,279 [INFO] HTTP Request: POST http://localhost:8001/v1/chat/completions "HTTP/1.1 200 OK"
2026-08-29 01:04:42,912 [INFO] HTTP Request: POST http://localhost:8001/v1/chat/completions "HTTP/1.1 200 OK"
2026-08-29 01:04:46,260 [INFO] HTTP Request: POST http://localhost:8001/v1/chat/completions "HTTP/1.1 200 OK"
2026-08-29 01:05:24,153 [INFO] HTTP Request: POST http://localhost:8001/v1/chat/completions "HTTP/1.1 200 OK"
2026-08-29 01:05:25,966 [INFO] HTTP Request: POST http://localhost:8001/v1/chat/completions "HTTP/1.1 200 OK"
2026-08-29 01:05:26,939 [INFO] HTTP Request: POST http://localhost:8001/v1/chat/completions "HTTP/1.1 200 OK"
2026-08-29 01:05:28,712 [INFO] HTTP Request: POST http://localhost:8001/v1/chat/completions "HTTP/1.1 200 OK"
2026-08-29 01:05:30,421 [INFO] HTTP Request: POST http://localhost:8001/v1/chat/completions "HTTP/1.1 200 OK"
2026-08-29 01:05:30,422 [INFO] HTTP Request: POST http://localhost:8001/v1/chat/completions "HTTP/1.1 200 OK"
2026-08-29 01:05:31,387 [INFO] HTTP Request: POST http://localhost:8001/v1/chat/completions "HTTP/1.1 200 OK"
2026-08-29 01:05:34,863 [INFO] HTTP Request: POST http://localhost:8001/v1/chat/completions "HTTP/1.1 200 OK"
2026-08-29 01:05:35,161 [INFO] HTTP Request: POST http://localhost:8001/v1/chat/completions "HTTP/1.1 200 OK"
2026-08-29 01:05:37,040 [INFO] HTTP Request: POST http://localhost:8001/v1/chat/completions "HTTP/1.1 200 OK"
2026-08-29 01:05:37,139 [INFO] HTTP Request: POST http://localhost:8001/v1/chat/completions "HTTP/1.1 200 OK"
2026-08-29 01:05:40,497 [INFO] HTTP Request: POST http://localhost:8001/v1/chat/completions "HTTP/1.1 200 OK"
2026-08-29 01:05:45,271 [INFO] HTTP Request: POST http://localhost:8001/v1/chat/completions "HTTP/1.1 200 OK"
2026-08-29 01:05:51,173 [INFO] HTTP Request: POST http://localhost:8001/v1/chat/completions "HTTP/1.1 200 OK"
2026-08-29 01:05:59,527 [INFO] HTTP Request: POST http://localhost:8001/v1/chat/completions "HTTP/1.1 200 OK"
2026-08-29 01:06:06,947 [INFO] HTTP Request: POST http://localhost:8001/v1/chat/completions "HTTP/1.1 200 OK"
2026-08-29 01:06:07,502 [INFO] HTTP Request: POST http://localhost:8001/v1/chat/completions "HTTP/1.1 200 OK"
2026-08-29 01:06:15,961 [INFO] HTTP Request: POST http://localhost:8001/v1/chat/completions "HTTP/1.1 200 OK"
2026-08-29 01:06:17,474 [INFO] HTTP Request: POST http://localhost:8001/v1/chat/completions "HTTP/1.1 200 OK"
2026-08-29 01:06:17,556 [INFO]   💾 2368/4921  [ok=2366 skip=0 error=2]
2026-08-29 01:07:16,082 [INFO] HTTP Request: POST http://localhost:8001/v1/chat/completions "HTTP/1.1 200 OK"
2026-08-29 01:07:16,606 [INFO] HTTP Request: POST http://localhost:8001/v1/chat/completions "HTTP/1.1 200 OK"
2026-08-29 01:07:19,408 [INFO] HTTP Request: POST http://localhost:8001/v1/chat/completions "HTTP/1.1 200 OK"
2026-08-29 01:07:23,660 [INFO] HTTP Request: POST http://localhost:8001/v1/chat/completions "HTTP/1.1 200 OK"
2026-08-29 01:07:25,673 [INFO] HTTP Request: POST http://localhost:8001/v1/chat/completions "HTTP/1.1 200 OK"
2026-08-29 01:07:25,674 [INFO] HTTP Request: POST http://localhost:8001/v1/chat/completions "HTTP/1.1 200 OK"
2026-08-29 01:07:30,202 [INFO] HTTP Request: POST http://localhost:8001/v1/chat/completions "HTTP/1.1 200 OK"
2026-08-29 01:07:30,731 [INFO] HTTP Request: POST http://localhost:8001/v1/chat/completions "HTTP/1.1 200 OK"
2026-08-29 01:07:30,732 [INFO] HTTP Request: POST http://localhost:8001/v1/chat/completions "HTTP/1.1 200 OK"
2026-08-29 01:07:32,066 [INFO] HTTP Request: POST http://localhost:8001/v1/chat/completions "HTTP/1.1 200 OK"
2026-08-29 01:07:33,851 [INFO] HTTP Request: POST http://localhost:8001/v1/chat/completions "HTTP/1.1 200 OK"
2026-08-29 01:07:41,831 [INFO] HTTP Request: POST http://localhost:8001/v1/chat/completions "HTTP/1.1 200 OK"
2026-08-29 01:07:42,358 [INFO] HTTP Request: POST http://localhost:8001/v1/chat/completions "HTTP/1.1 200 OK"
2026-08-29 01:08:11,560 [INFO] HTTP Request: POST http://localhost:8001/v1/chat/completions "HTTP/1.1 200 OK"
2026-08-29 01:08:18,990 [INFO] HTTP Request: POST http://localhost:8001/v1/chat/completions "HTTP/1.1 200 OK"
2026-08-29 01:08:19,960 [INFO] HTTP Request: POST http://localhost:8001/v1/chat/completions "HTTP/1.1 200 OK"
2026-08-29 01:08:23,608 [INFO] HTTP Request: POST http://localhost:8001/v1/chat/completions "HTTP/1.1 200 OK"
2026-08-29 01:08:25,517 [INFO] HTTP Request: POST http://localhost:8001/v1/chat/completions "HTTP/1.1 200 OK"
2026-08-29 01:08:28,267 [INFO] HTTP Request: POST http://localhost:8001/v1/chat/completions "HTTP/1.1 200 OK"
2026-08-29 01:08:30,055 [INFO] HTTP Request: POST http://localhost:8001/v1/chat/completions "HTTP/1.1 200 OK"
2026-08-29 01:08:33,456 [INFO] HTTP Request: POST http://localhost:8001/v1/chat/completions "HTTP/1.1 200 OK"
2026-08-29 01:08:34,549 [INFO] HTTP Request: POST http://localhost:8001/v1/chat/completions "HTTP/1.1 200 OK"
2026-08-29 01:08:35,047 [INFO] HTTP Request: POST http://localhost:8001/v1/chat/completions "HTTP/1.1 200 OK"
2026-08-29 01:08:36,131 [INFO] HTTP Request: POST http://localhost:8001/v1/chat/completions "HTTP/1.1 200 OK"
2026-08-29 01:08:42,562 [INFO] HTTP Request: POST http://localhost:8001/v1/chat/completions "HTTP/1.1 200 OK"
2026-08-29 01:08:47,244 [INFO] HTTP Request: POST http://localhost:8001/v1/chat/completions "HTTP/1.1 200 OK"
2026-08-29 01:08:49,910 [INFO] HTTP Request: POST http://localhost:8001/v1/chat/completions "HTTP/1.1 200 OK"
2026-08-29 01:08:56,463 [INFO] HTTP Request: POST http://localhost:8001/v1/chat/completions "HTTP/1.1 200 OK"
2026-08-29 01:09:00,638 [INFO] HTTP Request: POST http://localhost:8001/v1/chat/completions "HTTP/1.1 200 OK"
2026-08-29 01:09:06,373 [INFO] HTTP Request: POST http://localhost:8001/v1/chat/completions "HTTP/1.1 200 OK"
2026-08-29 01:09:13,016 [INFO] HTTP Request: POST http://localhost:8001/v1/chat/completions "HTTP/1.1 200 OK"
2026-08-29 01:09:13,108 [INFO] HTTP Request: POST http://localhost:8001/v1/chat/completions "HTTP/1.1 200 OK"
2026-08-29 01:09:13,187 [INFO]   💾 2400/4921  [ok=2398 skip=0 error=2]
2026-08-29 01:10:11,360 [INFO] HTTP Request: POST http://localhost:8001/v1/chat/completions "HTTP/1.1 200 OK"
2026-08-29 01:10:13,292 [INFO] HTTP Request: POST http://localhost:8001/v1/chat/completions "HTTP/1.1 200 OK"
2026-08-29 01:10:15,717 [INFO] HTTP Request: POST http://localhost:8001/v1/chat/completions "HTTP/1.1 200 OK"
2026-08-29 01:10:17,834 [INFO] HTTP Request: POST http://localhost:8001/v1/chat/completions "HTTP/1.1 200 OK"
2026-08-29 01:10:18,805 [INFO] HTTP Request: POST http://localhost:8001/v1/chat/completions "HTTP/1.1 200 OK"
2026-08-29 01:10:21,759 [INFO] HTTP Request: POST http://localhost:8001/v1/chat/completions "HTTP/1.1 200 OK"
2026-08-29 01:10:25,724 [INFO] HTTP Request: POST http://localhost:8001/v1/chat/completions "HTTP/1.1 200 OK"
2026-08-29 01:10:27,257 [INFO] HTTP Request: POST http://localhost:8001/v1/chat/completions "HTTP/1.1 200 OK"
2026-08-29 01:10:27,359 [INFO] HTTP Request: POST http://localhost:8001/v1/chat/completions "HTTP/1.1 200 OK"
2026-08-29 01:10:30,212 [INFO] HTTP Request: POST http://localhost:8001/v1/chat/completions "HTTP/1.1 200 OK"
2026-08-29 01:10:33,790 [INFO] HTTP Request: POST http://localhost:8001/v1/chat/completions "HTTP/1.1 200 OK"
2026-08-29 01:10:35,324 [INFO] HTTP Request: POST http://localhost:8001/v1/chat/completions "HTTP/1.1 200 OK"
2026-08-29 01:10:38,390 [INFO] HTTP Request: POST http://localhost:8001/v1/chat/completions "HTTP/1.1 200 OK"
2026-08-29 01:11:13,079 [INFO] HTTP Request: POST http://localhost:8001/v1/chat/completions "HTTP/1.1 200 OK"
2026-08-29 01:11:15,519 [INFO] HTTP Request: POST http://localhost:8001/v1/chat/completions "HTTP/1.1 200 OK"
2026-08-29 01:11:19,188 [INFO] HTTP Request: POST http://localhost:8001/v1/chat/completions "HTTP/1.1 200 OK"
2026-08-29 01:11:19,188 [INFO] HTTP Request: POST http://localhost:8001/v1/chat/completions "HTTP/1.1 200 OK"
2026-08-29 01:11:20,154 [INFO] HTTP Request: POST http://localhost:8001/v1/chat/completions "HTTP/1.1 200 OK"
2026-08-29 01:11:23,225 [INFO] HTTP Request: POST http://localhost:8001/v1/chat/completions "HTTP/1.1 200 OK"
2026-08-29 01:11:26,339 [INFO] HTTP Request: POST http://localhost:8001/v1/chat/completions "HTTP/1.1 200 OK"
2026-08-29 01:11:26,941 [INFO] HTTP Request: POST http://localhost:8001/v1/chat/completions "HTTP/1.1 200 OK"
2026-08-29 01:11:28,827 [INFO] HTTP Request: POST http://localhost:8001/v1/chat/completions "HTTP/1.1 200 OK"
2026-08-29 01:11:29,026 [INFO] HTTP Request: POST http://localhost:8001/v1/chat/completions "HTTP/1.1 200 OK"
2026-08-29 01:11:30,308 [INFO] HTTP Request: POST http://localhost:8001/v1/chat/completions "HTTP/1.1 200 OK"
2026-08-29 01:11:31,365 [INFO] HTTP Request: POST http://localhost:8001/v1/chat/completions "HTTP/1.1 200 OK"
2026-08-29 01:11:32,034 [INFO] HTTP Request: POST http://localhost:8001/v1/chat/completions "HTTP/1.1 200 OK"
2026-08-29 01:11:48,598 [INFO] HTTP Request: POST http://localhost:8001/v1/chat/completions "HTTP/1.1 200 OK"
2026-08-29 01:11:50,972 [INFO] HTTP Request: POST http://localhost:8001/v1/chat/completions "HTTP/1.1 200 OK"
2026-08-29 01:12:00,526 [INFO] HTTP Request: POST http://localhost:8001/v1/chat/completions "HTTP/1.1 200 OK"
2026-08-29 01:12:01,544 [INFO] HTTP Request: POST http://localhost:8001/v1/chat/completions "HTTP/1.1 200 OK"
2026-08-29 01:12:09,368 [INFO] HTTP Request: POST http://localhost:8001/v1/chat/completions "HTTP/1.1 200 OK"
2026-08-29 01:12:11,451 [INFO] HTTP Request: POST http://localhost:8001/v1/chat/completions "HTTP/1.1 200 OK"
2026-08-29 01:12:11,518 [INFO]   💾 2432/4921  [ok=2430 skip=0 error=2]
2026-08-29 01:13:08,499 [INFO] HTTP Request: POST http://localhost:8001/v1/chat/completions "HTTP/1.1 200 OK"
2026-08-29 01:13:12,069 [INFO] HTTP Request: POST http://localhost:8001/v1/chat/completions "HTTP/1.1 200 OK"
2026-08-29 01:13:13,041 [INFO] HTTP Request: POST http://localhost:8001/v1/chat/completions "HTTP/1.1 200 OK"
2026-08-29 01:13:15,220 [INFO] HTTP Request: POST http://localhost:8001/v1/chat/completions "HTTP/1.1 200 OK"
2026-08-29 01:13:16,645 [INFO] HTTP Request: POST http://localhost:8001/v1/chat/completions "HTTP/1.1 200 OK"
2026-08-29 01:13:19,907 [INFO] HTTP Request: POST http://localhost:8001/v1/chat/completions "HTTP/1.1 200 OK"
2026-08-29 01:13:21,429 [INFO] HTTP Request: POST http://localhost:8001/v1/chat/completions "HTTP/1.1 200 OK"
2026-08-29 01:13:22,963 [INFO] HTTP Request: POST http://localhost:8001/v1/chat/completions "HTTP/1.1 200 OK"
2026-08-29 01:13:25,280 [INFO] HTTP Request: POST http://localhost:8001/v1/chat/completions "HTTP/1.1 200 OK"
2026-08-29 01:13:27,039 [INFO] HTTP Request: POST http://localhost:8001/v1/chat/completions "HTTP/1.1 200 OK"
2026-08-29 01:13:31,026 [INFO] HTTP Request: POST http://localhost:8001/v1/chat/completions "HTTP/1.1 200 OK"
2026-08-29 01:13:33,990 [INFO] HTTP Request: POST http://localhost:8001/v1/chat/completions "HTTP/1.1 200 OK"
2026-08-29 01:13:41,816 [INFO] HTTP Request: POST http://localhost:8001/v1/chat/completions "HTTP/1.1 200 OK"
2026-08-29 01:14:11,470 [INFO] HTTP Request: POST http://localhost:8001/v1/chat/completions "HTTP/1.1 200 OK"
2026-08-29 01:14:12,995 [INFO] HTTP Request: POST http://localhost:8001/v1/chat/completions "HTTP/1.1 200 OK"
2026-08-29 01:14:17,075 [INFO] HTTP Request: POST http://localhost:8001/v1/chat/completions "HTTP/1.1 200 OK"
2026-08-29 01:14:17,599 [INFO] HTTP Request: POST http://localhost:8001/v1/chat/completions "HTTP/1.1 200 OK"
2026-08-29 01:14:19,384 [INFO] HTTP Request: POST http://localhost:8001/v1/chat/completions "HTTP/1.1 200 OK"
2026-08-29 01:14:21,999 [INFO] HTTP Request: POST http://localhost:8001/v1/chat/completions "HTTP/1.1 200 OK"
2026-08-29 01:14:22,524 [INFO] HTTP Request: POST http://localhost:8001/v1/chat/completions "HTTP/1.1 200 OK"
2026-08-29 01:14:24,765 [INFO] HTTP Request: POST http://localhost:8001/v1/chat/completions "HTTP/1.1 200 OK"
2026-08-29 01:14:24,964 [INFO] HTTP Request: POST http://localhost:8001/v1/chat/completions "HTTP/1.1 200 OK"
2026-08-29 01:14:29,327 [INFO] HTTP Request: POST http://localhost:8001/v1/chat/completions "HTTP/1.1 200 OK"
2026-08-29 01:14:29,918 [INFO] HTTP Request: POST http://localhost:8001/v1/chat/completions "HTTP/1.1 200 OK"
2026-08-29 01:14:30,593 [INFO] HTTP Request: POST http://localhost:8001/v1/chat/completions "HTTP/1.1 200 OK"
2026-08-29 01:14:31,262 [INFO] HTTP Request: POST http://localhost:8001/v1/chat/completions "HTTP/1.1 200 OK"
2026-08-29 01:14:57,558 [INFO] HTTP Request: POST http://localhost:8001/v1/chat/completions "HTTP/1.1 200 OK"
2026-08-29 01:14:58,509 [INFO] HTTP Request: POST http://localhost:8001/v1/chat/completions "HTTP/1.1 200 OK"
2026-08-29 01:15:01,573 [INFO] HTTP Request: POST http://localhost:8001/v1/chat/completions "HTTP/1.1 200 OK"
2026-08-29 01:15:06,476 [INFO] HTTP Request: POST http://localhost:8001/v1/chat/completions "HTTP/1.1 200 OK"
2026-08-29 01:15:07,024 [INFO] HTTP Request: POST http://localhost:8001/v1/chat/completions "HTTP/1.1 200 OK"
2026-08-29 01:15:11,638 [INFO] Retrying request to /chat/completions in 0.431146 seconds
2026-08-29 01:16:02,700 [INFO] HTTP Request: POST http://localhost:8001/v1/chat/completions "HTTP/1.1 200 OK"
2026-08-29 01:16:02,777 [INFO]   💾 2464/4921  [ok=2462 skip=0 error=2]
2026-08-29 01:17:00,674 [INFO] HTTP Request: POST http://localhost:8001/v1/chat/completions "HTTP/1.1 200 OK"
2026-08-29 01:17:02,927 [INFO] HTTP Request: POST http://localhost:8001/v1/chat/completions "HTTP/1.1 200 OK"
2026-08-29 01:17:02,927 [INFO] HTTP Request: POST http://localhost:8001/v1/chat/completions "HTTP/1.1 200 OK"
2026-08-29 01:17:04,781 [INFO] HTTP Request: POST http://localhost:8001/v1/chat/completions "HTTP/1.1 200 OK"
2026-08-29 01:17:06,566 [INFO] HTTP Request: POST http://localhost:8001/v1/chat/completions "HTTP/1.1 200 OK"
2026-08-29 01:17:09,041 [INFO] HTTP Request: POST http://localhost:8001/v1/chat/completions "HTTP/1.1 200 OK"
2026-08-29 01:17:10,576 [INFO] HTTP Request: POST http://localhost:8001/v1/chat/completions "HTTP/1.1 200 OK"
2026-08-29 01:17:13,026 [INFO] HTTP Request: POST http://localhost:8001/v1/chat/completions "HTTP/1.1 200 OK"
2026-08-29 01:17:14,660 [INFO] HTTP Request: POST http://localhost:8001/v1/chat/completions "HTTP/1.1 200 OK"
2026-08-29 01:17:19,574 [INFO] HTTP Request: POST http://localhost:8001/v1/chat/completions "HTTP/1.1 200 OK"
2026-08-29 01:17:24,858 [INFO] HTTP Request: POST http://localhost:8001/v1/chat/completions "HTTP/1.1 200 OK"
2026-08-29 01:17:27,380 [INFO] HTTP Request: POST http://localhost:8001/v1/chat/completions "HTTP/1.1 200 OK"
2026-08-29 01:17:32,918 [INFO] HTTP Request: POST http://localhost:8001/v1/chat/completions "HTTP/1.1 200 OK"
2026-08-29 01:18:03,000 [INFO] HTTP Request: POST http://localhost:8001/v1/chat/completions "HTTP/1.1 200 OK"
2026-08-29 01:18:07,393 [INFO] HTTP Request: POST http://localhost:8001/v1/chat/completions "HTTP/1.1 200 OK"
2026-08-29 01:18:07,495 [INFO] HTTP Request: POST http://localhost:8001/v1/chat/completions "HTTP/1.1 200 OK"
2026-08-29 01:18:08,363 [INFO] HTTP Request: POST http://localhost:8001/v1/chat/completions "HTTP/1.1 200 OK"
2026-08-29 01:18:08,830 [INFO] HTTP Request: POST http://localhost:8001/v1/chat/completions "HTTP/1.1 200 OK"
2026-08-29 01:18:09,254 [INFO] HTTP Request: POST http://localhost:8001/v1/chat/completions "HTTP/1.1 200 OK"
2026-08-29 01:18:15,335 [INFO] HTTP Request: POST http://localhost:8001/v1/chat/completions "HTTP/1.1 200 OK"
2026-08-29 01:18:16,538 [INFO] HTTP Request: POST http://localhost:8001/v1/chat/completions "HTTP/1.1 200 OK"
2026-08-29 01:18:16,836 [INFO] HTTP Request: POST http://localhost:8001/v1/chat/completions "HTTP/1.1 200 OK"
2026-08-29 01:18:18,422 [INFO] HTTP Request: POST http://localhost:8001/v1/chat/completions "HTTP/1.1 200 OK"
2026-08-29 01:18:20,692 [INFO] HTTP Request: POST http://localhost:8001/v1/chat/completions "HTTP/1.1 200 OK"
2026-08-29 01:18:22,615 [INFO] HTTP Request: POST http://localhost:8001/v1/chat/completions "HTTP/1.1 200 OK"
2026-08-29 01:18:31,978 [INFO] HTTP Request: POST http://localhost:8001/v1/chat/completions "HTTP/1.1 200 OK"
2026-08-29 01:18:41,125 [INFO] HTTP Request: POST http://localhost:8001/v1/chat/completions "HTTP/1.1 200 OK"
2026-08-29 01:18:50,536 [INFO] HTTP Request: POST http://localhost:8001/v1/chat/completions "HTTP/1.1 200 OK"
2026-08-29 01:18:53,879 [INFO] HTTP Request: POST http://localhost:8001/v1/chat/completions "HTTP/1.1 200 OK"
2026-08-29 01:18:57,302 [INFO] HTTP Request: POST http://localhost:8001/v1/chat/completions "HTTP/1.1 200 OK"
2026-08-29 01:18:58,668 [INFO] HTTP Request: POST http://localhost:8001/v1/chat/completions "HTTP/1.1 200 OK"
2026-08-29 01:19:01,795 [INFO] HTTP Request: POST http://localhost:8001/v1/chat/completions "HTTP/1.1 200 OK"
2026-08-29 01:19:01,872 [INFO]   💾 2496/4921  [ok=2494 skip=0 error=2]
2026-08-29 01:20:02,424 [INFO] HTTP Request: POST http://localhost:8001/v1/chat/completions "HTTP/1.1 200 OK"
2026-08-29 01:20:02,948 [INFO] HTTP Request: POST http://localhost:8001/v1/chat/completions "HTTP/1.1 200 OK"
2026-08-29 01:20:03,863 [INFO] HTTP Request: POST http://localhost:8001/v1/chat/completions "HTTP/1.1 200 OK"
2026-08-29 01:20:07,728 [INFO] HTTP Request: POST http://localhost:8001/v1/chat/completions "HTTP/1.1 200 OK"
2026-08-29 01:20:09,575 [INFO] HTTP Request: POST http://localhost:8001/v1/chat/completions "HTTP/1.1 200 OK"
2026-08-29 01:20:10,549 [INFO] HTTP Request: POST http://localhost:8001/v1/chat/completions "HTTP/1.1 200 OK"
2026-08-29 01:20:13,265 [INFO] HTTP Request: POST http://localhost:8001/v1/chat/completions "HTTP/1.1 200 OK"
2026-08-29 01:20:14,238 [INFO] HTTP Request: POST http://localhost:8001/v1/chat/completions "HTTP/1.1 200 OK"
2026-08-29 01:20:18,392 [INFO] HTTP Request: POST http://localhost:8001/v1/chat/completions "HTTP/1.1 200 OK"
2026-08-29 01:20:19,364 [INFO] HTTP Request: POST http://localhost:8001/v1/chat/completions "HTTP/1.1 200 OK"
2026-08-29 01:20:21,575 [INFO] HTTP Request: POST http://localhost:8001/v1/chat/completions "HTTP/1.1 200 OK"
2026-08-29 01:20:26,974 [INFO] HTTP Request: POST http://localhost:8001/v1/chat/completions "HTTP/1.1 200 OK"
2026-08-29 01:20:29,757 [INFO] HTTP Request: POST http://localhost:8001/v1/chat/completions "HTTP/1.1 200 OK"
2026-08-29 01:21:03,072 [INFO] HTTP Request: POST http://localhost:8001/v1/chat/completions "HTTP/1.1 200 OK"
2026-08-29 01:21:05,026 [INFO] HTTP Request: POST http://localhost:8001/v1/chat/completions "HTTP/1.1 200 OK"
2026-08-29 01:21:07,799 [INFO] HTTP Request: POST http://localhost:8001/v1/chat/completions "HTTP/1.1 200 OK"
2026-08-29 01:21:10,463 [INFO] HTTP Request: POST http://localhost:8001/v1/chat/completions "HTTP/1.1 200 OK"
2026-08-29 01:21:13,029 [INFO] HTTP Request: POST http://localhost:8001/v1/chat/completions "HTTP/1.1 200 OK"
2026-08-29 01:21:15,286 [INFO] HTTP Request: POST http://localhost:8001/v1/chat/completions "HTTP/1.1 200 OK"
2026-08-29 01:21:18,609 [INFO] HTTP Request: POST http://localhost:8001/v1/chat/completions "HTTP/1.1 200 OK"
2026-08-29 01:21:19,410 [INFO] HTTP Request: POST http://localhost:8001/v1/chat/completions "HTTP/1.1 200 OK"
2026-08-29 01:21:20,606 [INFO] HTTP Request: POST http://localhost:8001/v1/chat/completions "HTTP/1.1 200 OK"
2026-08-29 01:21:21,598 [INFO] HTTP Request: POST http://localhost:8001/v1/chat/completions "HTTP/1.1 200 OK"
2026-08-29 01:21:21,993 [INFO] HTTP Request: POST http://localhost:8001/v1/chat/completions "HTTP/1.1 200 OK"
2026-08-29 01:21:22,476 [INFO] HTTP Request: POST http://localhost:8001/v1/chat/completions "HTTP/1.1 200 OK"
2026-08-29 01:21:26,297 [INFO] HTTP Request: POST http://localhost:8001/v1/chat/completions "HTTP/1.1 200 OK"
2026-08-29 01:21:47,353 [INFO] HTTP Request: POST http://localhost:8001/v1/chat/completions "HTTP/1.1 200 OK"
2026-08-29 01:21:52,019 [INFO] HTTP Request: POST http://localhost:8001/v1/chat/completions "HTTP/1.1 200 OK"
2026-08-29 01:21:52,392 [INFO] HTTP Request: POST http://localhost:8001/v1/chat/completions "HTTP/1.1 200 OK"
2026-08-29 01:21:55,540 [INFO] HTTP Request: POST http://localhost:8001/v1/chat/completions "HTTP/1.1 200 OK"
2026-08-29 01:21:59,272 [INFO] HTTP Request: POST http://localhost:8001/v1/chat/completions "HTTP/1.1 200 OK"
2026-08-29 01:22:02,001 [INFO] Retrying request to /chat/completions in 0.414462 seconds
2026-08-29 01:22:54,923 [INFO] HTTP Request: POST http://localhost:8001/v1/chat/completions "HTTP/1.1 200 OK"
2026-08-29 01:22:54,990 [INFO]   💾 2528/4921  [ok=2526 skip=0 error=2]
2026-08-29 01:23:54,712 [INFO] HTTP Request: POST http://localhost:8001/v1/chat/completions "HTTP/1.1 200 OK"
2026-08-29 01:23:54,713 [INFO] HTTP Request: POST http://localhost:8001/v1/chat/completions "HTTP/1.1 200 OK"
2026-08-29 01:23:59,424 [INFO] HTTP Request: POST http://localhost:8001/v1/chat/completions "HTTP/1.1 200 OK"
2026-08-29 01:23:59,525 [INFO] HTTP Request: POST http://localhost:8001/v1/chat/completions "HTTP/1.1 200 OK"
2026-08-29 01:23:59,949 [INFO] HTTP Request: POST http://localhost:8001/v1/chat/completions "HTTP/1.1 200 OK"
2026-08-29 01:24:02,187 [INFO] HTTP Request: POST http://localhost:8001/v1/chat/completions "HTTP/1.1 200 OK"
2026-08-29 01:24:05,133 [INFO] HTTP Request: POST http://localhost:8001/v1/chat/completions "HTTP/1.1 200 OK"
2026-08-29 01:24:06,106 [INFO] HTTP Request: POST http://localhost:8001/v1/chat/completions "HTTP/1.1 200 OK"
2026-08-29 01:24:08,426 [INFO] HTTP Request: POST http://localhost:8001/v1/chat/completions "HTTP/1.1 200 OK"
2026-08-29 01:24:10,478 [INFO] HTTP Request: POST http://localhost:8001/v1/chat/completions "HTTP/1.1 200 OK"
2026-08-29 01:24:11,450 [INFO] HTTP Request: POST http://localhost:8001/v1/chat/completions "HTTP/1.1 200 OK"
2026-08-29 01:24:15,836 [INFO] HTTP Request: POST http://localhost:8001/v1/chat/completions "HTTP/1.1 200 OK"
2026-08-29 01:24:20,156 [INFO] HTTP Request: POST http://localhost:8001/v1/chat/completions "HTTP/1.1 200 OK"
2026-08-29 01:24:54,193 [INFO] HTTP Request: POST http://localhost:8001/v1/chat/completions "HTTP/1.1 200 OK"
2026-08-29 01:24:56,523 [INFO] HTTP Request: POST http://localhost:8001/v1/chat/completions "HTTP/1.1 200 OK"
2026-08-29 01:24:57,497 [INFO] HTTP Request: POST http://localhost:8001/v1/chat/completions "HTTP/1.1 200 OK"
2026-08-29 01:25:02,723 [INFO] HTTP Request: POST http://localhost:8001/v1/chat/completions "HTTP/1.1 200 OK"
2026-08-29 01:25:04,470 [INFO] HTTP Request: POST http://localhost:8001/v1/chat/completions "HTTP/1.1 200 OK"
2026-08-29 01:25:08,058 [INFO] HTTP Request: POST http://localhost:8001/v1/chat/completions "HTTP/1.1 200 OK"
2026-08-29 01:25:10,159 [INFO] HTTP Request: POST http://localhost:8001/v1/chat/completions "HTTP/1.1 200 OK"
2026-08-29 01:25:11,563 [INFO] HTTP Request: POST http://localhost:8001/v1/chat/completions "HTTP/1.1 200 OK"
2026-08-29 01:25:12,757 [INFO] HTTP Request: POST http://localhost:8001/v1/chat/completions "HTTP/1.1 200 OK"
2026-08-29 01:25:13,849 [INFO] HTTP Request: POST http://localhost:8001/v1/chat/completions "HTTP/1.1 200 OK"
2026-08-29 01:25:14,246 [INFO] HTTP Request: POST http://localhost:8001/v1/chat/completions "HTTP/1.1 200 OK"
2026-08-29 01:25:16,846 [INFO] HTTP Request: POST http://localhost:8001/v1/chat/completions "HTTP/1.1 200 OK"
2026-08-29 01:25:22,197 [INFO] HTTP Request: POST http://localhost:8001/v1/chat/completions "HTTP/1.1 200 OK"
2026-08-29 01:25:48,526 [INFO] HTTP Request: POST http://localhost:8001/v1/chat/completions "HTTP/1.1 200 OK"
2026-08-29 01:25:48,715 [INFO] HTTP Request: POST http://localhost:8001/v1/chat/completions "HTTP/1.1 200 OK"
2026-08-29 01:25:48,811 [INFO] HTTP Request: POST http://localhost:8001/v1/chat/completions "HTTP/1.1 200 OK"
2026-08-29 01:25:52,883 [INFO] HTTP Request: POST http://localhost:8001/v1/chat/completions "HTTP/1.1 200 OK"
2026-08-29 01:25:55,113 [INFO] Retrying request to /chat/completions in 0.464922 seconds
2026-08-29 01:25:55,142 [INFO] Retrying request to /chat/completions in 0.482418 seconds
2026-08-29 01:26:44,303 [INFO] HTTP Request: POST http://localhost:8001/v1/chat/completions "HTTP/1.1 200 OK"
2026-08-29 01:26:45,057 [INFO] HTTP Request: POST http://localhost:8001/v1/chat/completions "HTTP/1.1 200 OK"
2026-08-29 01:26:45,141 [INFO]   💾 2560/4921  [ok=2558 skip=0 error=2]
2026-08-29 01:27:42,925 [INFO] HTTP Request: POST http://localhost:8001/v1/chat/completions "HTTP/1.1 200 OK"
2026-08-29 01:27:45,081 [INFO] HTTP Request: POST http://localhost:8001/v1/chat/completions "HTTP/1.1 200 OK"
2026-08-29 01:27:45,182 [INFO] HTTP Request: POST http://localhost:8001/v1/chat/completions "HTTP/1.1 200 OK"
2026-08-29 01:27:46,050 [INFO] HTTP Request: POST http://localhost:8001/v1/chat/completions "HTTP/1.1 200 OK"
2026-08-29 01:27:46,051 [INFO] HTTP Request: POST http://localhost:8001/v1/chat/completions "HTTP/1.1 200 OK"
2026-08-29 01:27:49,597 [INFO] HTTP Request: POST http://localhost:8001/v1/chat/completions "HTTP/1.1 200 OK"
2026-08-29 01:27:53,273 [INFO] HTTP Request: POST http://localhost:8001/v1/chat/completions "HTTP/1.1 200 OK"
2026-08-29 01:27:56,449 [INFO] HTTP Request: POST http://localhost:8001/v1/chat/completions "HTTP/1.1 200 OK"
2026-08-29 01:27:58,297 [INFO] HTTP Request: POST http://localhost:8001/v1/chat/completions "HTTP/1.1 200 OK"
2026-08-29 01:28:01,982 [INFO] HTTP Request: POST http://localhost:8001/v1/chat/completions "HTTP/1.1 200 OK"
2026-08-29 01:28:04,546 [INFO] HTTP Request: POST http://localhost:8001/v1/chat/completions "HTTP/1.1 200 OK"
2026-08-29 01:28:06,394 [INFO] HTTP Request: POST http://localhost:8001/v1/chat/completions "HTTP/1.1 200 OK"
2026-08-29 01:28:07,935 [INFO] HTTP Request: POST http://localhost:8001/v1/chat/completions "HTTP/1.1 200 OK"
2026-08-29 01:28:44,694 [INFO] HTTP Request: POST http://localhost:8001/v1/chat/completions "HTTP/1.1 200 OK"
2026-08-29 01:28:48,025 [INFO] HTTP Request: POST http://localhost:8001/v1/chat/completions "HTTP/1.1 200 OK"
2026-08-29 01:28:49,774 [INFO] HTTP Request: POST http://localhost:8001/v1/chat/completions "HTTP/1.1 200 OK"
2026-08-29 01:28:51,420 [INFO] HTTP Request: POST http://localhost:8001/v1/chat/completions "HTTP/1.1 200 OK"
2026-08-29 01:28:53,822 [INFO] HTTP Request: POST http://localhost:8001/v1/chat/completions "HTTP/1.1 200 OK"
2026-08-29 01:28:55,874 [INFO] HTTP Request: POST http://localhost:8001/v1/chat/completions "HTTP/1.1 200 OK"
2026-08-29 01:28:56,399 [INFO] HTTP Request: POST http://localhost:8001/v1/chat/completions "HTTP/1.1 200 OK"
2026-08-29 01:28:58,545 [INFO] HTTP Request: POST http://localhost:8001/v1/chat/completions "HTTP/1.1 200 OK"
2026-08-29 01:28:59,243 [INFO] HTTP Request: POST http://localhost:8001/v1/chat/completions "HTTP/1.1 200 OK"
2026-08-29 01:28:59,738 [INFO] HTTP Request: POST http://localhost:8001/v1/chat/completions "HTTP/1.1 200 OK"
2026-08-29 01:29:00,528 [INFO] HTTP Request: POST http://localhost:8001/v1/chat/completions "HTTP/1.1 200 OK"
2026-08-29 01:29:04,570 [INFO] HTTP Request: POST http://localhost:8001/v1/chat/completions "HTTP/1.1 200 OK"
2026-08-29 01:29:08,392 [INFO] HTTP Request: POST http://localhost:8001/v1/chat/completions "HTTP/1.1 200 OK"
2026-08-29 01:29:30,695 [INFO] HTTP Request: POST http://localhost:8001/v1/chat/completions "HTTP/1.1 200 OK"
2026-08-29 01:29:32,695 [INFO] HTTP Request: POST http://localhost:8001/v1/chat/completions "HTTP/1.1 200 OK"
2026-08-29 01:29:34,368 [INFO] HTTP Request: POST http://localhost:8001/v1/chat/completions "HTTP/1.1 200 OK"
2026-08-29 01:29:35,108 [INFO] HTTP Request: POST http://localhost:8001/v1/chat/completions "HTTP/1.1 200 OK"
2026-08-29 01:29:37,748 [INFO] HTTP Request: POST http://localhost:8001/v1/chat/completions "HTTP/1.1 200 OK"
2026-08-29 01:29:39,072 [INFO] HTTP Request: POST http://localhost:8001/v1/chat/completions "HTTP/1.1 200 OK"
2026-08-29 01:29:39,146 [INFO]   💾 2592/4921  [ok=2590 skip=0 error=2]
2026-08-29 01:30:36,957 [INFO] HTTP Request: POST http://localhost:8001/v1/chat/completions "HTTP/1.1 200 OK"
2026-08-29 01:30:39,420 [INFO] HTTP Request: POST http://localhost:8001/v1/chat/completions "HTTP/1.1 200 OK"
2026-08-29 01:30:41,619 [INFO] HTTP Request: POST http://localhost:8001/v1/chat/completions "HTTP/1.1 200 OK"
2026-08-29 01:30:42,144 [INFO] HTTP Request: POST http://localhost:8001/v1/chat/completions "HTTP/1.1 200 OK"
2026-08-29 01:30:43,931 [INFO] HTTP Request: POST http://localhost:8001/v1/chat/completions "HTTP/1.1 200 OK"
2026-08-29 01:30:46,088 [INFO] HTTP Request: POST http://localhost:8001/v1/chat/completions "HTTP/1.1 200 OK"
2026-08-29 01:30:47,733 [INFO] HTTP Request: POST http://localhost:8001/v1/chat/completions "HTTP/1.1 200 OK"
2026-08-29 01:30:51,259 [INFO] HTTP Request: POST http://localhost:8001/v1/chat/completions "HTTP/1.1 200 OK"
2026-08-29 01:30:52,944 [INFO] HTTP Request: POST http://localhost:8001/v1/chat/completions "HTTP/1.1 200 OK"
2026-08-29 01:30:53,470 [INFO] HTTP Request: POST http://localhost:8001/v1/chat/completions "HTTP/1.1 200 OK"
2026-08-29 01:30:56,276 [INFO] HTTP Request: POST http://localhost:8001/v1/chat/completions "HTTP/1.1 200 OK"
2026-08-29 01:31:00,310 [INFO] HTTP Request: POST http://localhost:8001/v1/chat/completions "HTTP/1.1 200 OK"
2026-08-29 01:31:03,795 [INFO] HTTP Request: POST http://localhost:8001/v1/chat/completions "HTTP/1.1 200 OK"
2026-08-29 01:31:33,830 [INFO] HTTP Request: POST http://localhost:8001/v1/chat/completions "HTTP/1.1 200 OK"
2026-08-29 01:31:39,263 [INFO] HTTP Request: POST http://localhost:8001/v1/chat/completions "HTTP/1.1 200 OK"
2026-08-29 01:31:42,238 [INFO] HTTP Request: POST http://localhost:8001/v1/chat/completions "HTTP/1.1 200 OK"
2026-08-29 01:31:42,764 [INFO] HTTP Request: POST http://localhost:8001/v1/chat/completions "HTTP/1.1 200 OK"
2026-08-29 01:31:45,365 [INFO] HTTP Request: POST http://localhost:8001/v1/chat/completions "HTTP/1.1 200 OK"
2026-08-29 01:31:45,467 [INFO] HTTP Request: POST http://localhost:8001/v1/chat/completions "HTTP/1.1 200 OK"
2026-08-29 01:31:47,673 [INFO] HTTP Request: POST http://localhost:8001/v1/chat/completions "HTTP/1.1 200 OK"
2026-08-29 01:31:49,274 [INFO] HTTP Request: POST http://localhost:8001/v1/chat/completions "HTTP/1.1 200 OK"
2026-08-29 01:31:50,171 [INFO] HTTP Request: POST http://localhost:8001/v1/chat/completions "HTTP/1.1 200 OK"
2026-08-29 01:31:53,542 [INFO] HTTP Request: POST http://localhost:8001/v1/chat/completions "HTTP/1.1 200 OK"
2026-08-29 01:31:56,600 [INFO] HTTP Request: POST http://localhost:8001/v1/chat/completions "HTTP/1.1 200 OK"
2026-08-29 01:32:01,790 [INFO] HTTP Request: POST http://localhost:8001/v1/chat/completions "HTTP/1.1 200 OK"
2026-08-29 01:32:05,517 [INFO] HTTP Request: POST http://localhost:8001/v1/chat/completions "HTTP/1.1 200 OK"
2026-08-29 01:32:21,251 [INFO] HTTP Request: POST http://localhost:8001/v1/chat/completions "HTTP/1.1 200 OK"
2026-08-29 01:32:23,627 [INFO] HTTP Request: POST http://localhost:8001/v1/chat/completions "HTTP/1.1 200 OK"
2026-08-29 01:32:30,868 [INFO] HTTP Request: POST http://localhost:8001/v1/chat/completions "HTTP/1.1 200 OK"
2026-08-29 01:32:32,533 [INFO] HTTP Request: POST http://localhost:8001/v1/chat/completions "HTTP/1.1 200 OK"
2026-08-29 01:32:32,989 [INFO] HTTP Request: POST http://localhost:8001/v1/chat/completions "HTTP/1.1 200 OK"
2026-08-29 01:32:35,926 [INFO] HTTP Request: POST http://localhost:8001/v1/chat/completions "HTTP/1.1 200 OK"
2026-08-29 01:32:35,998 [INFO]   💾 2624/4921  [ok=2622 skip=0 error=2]
2026-08-29 01:33:35,173 [INFO] HTTP Request: POST http://localhost:8001/v1/chat/completions "HTTP/1.1 200 OK"
2026-08-29 01:33:35,275 [INFO] HTTP Request: POST http://localhost:8001/v1/chat/completions "HTTP/1.1 200 OK"
2026-08-29 01:33:38,911 [INFO] HTTP Request: POST http://localhost:8001/v1/chat/completions "HTTP/1.1 200 OK"
2026-08-29 01:33:39,885 [INFO] HTTP Request: POST http://localhost:8001/v1/chat/completions "HTTP/1.1 200 OK"
2026-08-29 01:33:40,354 [INFO] HTTP Request: POST http://localhost:8001/v1/chat/completions "HTTP/1.1 200 OK"
2026-08-29 01:33:46,251 [INFO] HTTP Request: POST http://localhost:8001/v1/chat/completions "HTTP/1.1 200 OK"
2026-08-29 01:33:47,937 [INFO] HTTP Request: POST http://localhost:8001/v1/chat/completions "HTTP/1.1 200 OK"
2026-08-29 01:33:50,238 [INFO] HTTP Request: POST http://localhost:8001/v1/chat/completions "HTTP/1.1 200 OK"
2026-08-29 01:33:52,640 [INFO] HTTP Request: POST http://localhost:8001/v1/chat/completions "HTTP/1.1 200 OK"
2026-08-29 01:33:52,641 [INFO] HTTP Request: POST http://localhost:8001/v1/chat/completions "HTTP/1.1 200 OK"
2026-08-29 01:33:52,741 [INFO] HTTP Request: POST http://localhost:8001/v1/chat/completions "HTTP/1.1 200 OK"
2026-08-29 01:33:58,720 [INFO] HTTP Request: POST http://localhost:8001/v1/chat/completions "HTTP/1.1 200 OK"
2026-08-29 01:34:01,224 [INFO] HTTP Request: POST http://localhost:8001/v1/chat/completions "HTTP/1.1 200 OK"
2026-08-29 01:34:36,079 [INFO] HTTP Request: POST http://localhost:8001/v1/chat/completions "HTTP/1.1 200 OK"
2026-08-29 01:34:38,176 [INFO] HTTP Request: POST http://localhost:8001/v1/chat/completions "HTTP/1.1 200 OK"
2026-08-29 01:34:40,893 [INFO] HTTP Request: POST http://localhost:8001/v1/chat/completions "HTTP/1.1 200 OK"
2026-08-29 01:34:42,336 [INFO] HTTP Request: POST http://localhost:8001/v1/chat/completions "HTTP/1.1 200 OK"
2026-08-29 01:34:43,971 [INFO] HTTP Request: POST http://localhost:8001/v1/chat/completions "HTTP/1.1 200 OK"
2026-08-29 01:34:48,213 [INFO] HTTP Request: POST http://localhost:8001/v1/chat/completions "HTTP/1.1 200 OK"
2026-08-29 01:34:49,799 [INFO] HTTP Request: POST http://localhost:8001/v1/chat/completions "HTTP/1.1 200 OK"
2026-08-29 01:34:50,703 [INFO] HTTP Request: POST http://localhost:8001/v1/chat/completions "HTTP/1.1 200 OK"
2026-08-29 01:34:53,396 [INFO] HTTP Request: POST http://localhost:8001/v1/chat/completions "HTTP/1.1 200 OK"
2026-08-29 01:34:53,594 [INFO] HTTP Request: POST http://localhost:8001/v1/chat/completions "HTTP/1.1 200 OK"
2026-08-29 01:34:54,090 [INFO] HTTP Request: POST http://localhost:8001/v1/chat/completions "HTTP/1.1 200 OK"
2026-08-29 01:34:54,668 [INFO] HTTP Request: POST http://localhost:8001/v1/chat/completions "HTTP/1.1 200 OK"
2026-08-29 01:34:59,829 [INFO] HTTP Request: POST http://localhost:8001/v1/chat/completions "HTTP/1.1 200 OK"
2026-08-29 01:35:28,644 [INFO] HTTP Request: POST http://localhost:8001/v1/chat/completions "HTTP/1.1 200 OK"
2026-08-29 01:35:29,405 [INFO] HTTP Request: POST http://localhost:8001/v1/chat/completions "HTTP/1.1 200 OK"
2026-08-29 01:35:33,305 [INFO] HTTP Request: POST http://localhost:8001/v1/chat/completions "HTTP/1.1 200 OK"
2026-08-29 01:35:35,711 [INFO] HTTP Request: POST http://localhost:8001/v1/chat/completions "HTTP/1.1 200 OK"
2026-08-29 01:35:36,128 [INFO] Retrying request to /chat/completions in 0.431068 seconds
2026-08-29 01:35:36,152 [INFO] Retrying request to /chat/completions in 0.389782 seconds
2026-08-29 01:36:23,011 [INFO] HTTP Request: POST http://localhost:8001/v1/chat/completions "HTTP/1.1 200 OK"
2026-08-29 01:36:27,561 [INFO] HTTP Request: POST http://localhost:8001/v1/chat/completions "HTTP/1.1 200 OK"
2026-08-29 01:36:27,625 [INFO]   💾 2656/4921  [ok=2654 skip=0 error=2]
2026-08-29 01:37:26,542 [INFO] HTTP Request: POST http://localhost:8001/v1/chat/completions "HTTP/1.1 200 OK"
2026-08-29 01:37:27,515 [INFO] HTTP Request: POST http://localhost:8001/v1/chat/completions "HTTP/1.1 200 OK"
2026-08-29 01:37:31,110 [INFO] HTTP Request: POST http://localhost:8001/v1/chat/completions "HTTP/1.1 200 OK"
2026-08-29 01:37:32,900 [INFO] HTTP Request: POST http://localhost:8001/v1/chat/completions "HTTP/1.1 200 OK"
2026-08-29 01:37:34,489 [INFO] HTTP Request: POST http://localhost:8001/v1/chat/completions "HTTP/1.1 200 OK"
2026-08-29 01:37:36,897 [INFO] HTTP Request: POST http://localhost:8001/v1/chat/completions "HTTP/1.1 200 OK"
2026-08-29 01:37:40,018 [INFO] HTTP Request: POST http://localhost:8001/v1/chat/completions "HTTP/1.1 200 OK"
2026-08-29 01:37:43,035 [INFO] HTTP Request: POST http://localhost:8001/v1/chat/completions "HTTP/1.1 200 OK"
2026-08-29 01:37:44,009 [INFO] HTTP Request: POST http://localhost:8001/v1/chat/completions "HTTP/1.1 200 OK"
2026-08-29 01:37:45,352 [INFO] HTTP Request: POST http://localhost:8001/v1/chat/completions "HTTP/1.1 200 OK"
2026-08-29 01:37:49,060 [INFO] HTTP Request: POST http://localhost:8001/v1/chat/completions "HTTP/1.1 200 OK"
2026-08-29 01:37:51,263 [INFO] HTTP Request: POST http://localhost:8001/v1/chat/completions "HTTP/1.1 200 OK"
2026-08-29 01:37:54,177 [INFO] HTTP Request: POST http://localhost:8001/v1/chat/completions "HTTP/1.1 200 OK"
2026-08-29 01:38:27,023 [INFO] HTTP Request: POST http://localhost:8001/v1/chat/completions "HTTP/1.1 200 OK"
2026-08-29 01:38:29,123 [INFO] HTTP Request: POST http://localhost:8001/v1/chat/completions "HTTP/1.1 200 OK"
2026-08-29 01:38:30,812 [INFO] HTTP Request: POST http://localhost:8001/v1/chat/completions "HTTP/1.1 200 OK"
2026-08-29 01:38:33,535 [INFO] HTTP Request: POST http://localhost:8001/v1/chat/completions "HTTP/1.1 200 OK"
2026-08-29 01:38:37,371 [INFO] HTTP Request: POST http://localhost:8001/v1/chat/completions "HTTP/1.1 200 OK"
2026-08-29 01:38:39,059 [INFO] HTTP Request: POST http://localhost:8001/v1/chat/completions "HTTP/1.1 200 OK"
2026-08-29 01:38:40,950 [INFO] HTTP Request: POST http://localhost:8001/v1/chat/completions "HTTP/1.1 200 OK"
2026-08-29 01:38:41,655 [INFO] HTTP Request: POST http://localhost:8001/v1/chat/completions "HTTP/1.1 200 OK"
2026-08-29 01:38:41,955 [INFO] HTTP Request: POST http://localhost:8001/v1/chat/completions "HTTP/1.1 200 OK"
2026-08-29 01:38:46,524 [INFO] HTTP Request: POST http://localhost:8001/v1/chat/completions "HTTP/1.1 200 OK"
2026-08-29 01:38:46,524 [INFO] HTTP Request: POST http://localhost:8001/v1/chat/completions "HTTP/1.1 200 OK"
2026-08-29 01:38:49,696 [INFO] HTTP Request: POST http://localhost:8001/v1/chat/completions "HTTP/1.1 200 OK"
2026-08-29 01:38:53,712 [INFO] HTTP Request: POST http://localhost:8001/v1/chat/completions "HTTP/1.1 200 OK"
2026-08-29 01:39:16,923 [INFO] HTTP Request: POST http://localhost:8001/v1/chat/completions "HTTP/1.1 200 OK"
2026-08-29 01:39:18,922 [INFO] HTTP Request: POST http://localhost:8001/v1/chat/completions "HTTP/1.1 200 OK"
2026-08-29 01:39:19,760 [INFO] HTTP Request: POST http://localhost:8001/v1/chat/completions "HTTP/1.1 200 OK"
2026-08-29 01:39:20,870 [INFO] HTTP Request: POST http://localhost:8001/v1/chat/completions "HTTP/1.1 200 OK"
2026-08-29 01:39:24,237 [INFO] HTTP Request: POST http://localhost:8001/v1/chat/completions "HTTP/1.1 200 OK"
2026-08-29 01:39:26,416 [INFO] HTTP Request: POST http://localhost:8001/v1/chat/completions "HTTP/1.1 200 OK"
2026-08-29 01:39:26,496 [INFO]   💾 2688/4921  [ok=2686 skip=0 error=2]
2026-08-29 01:40:20,054 [INFO] HTTP Request: POST http://localhost:8001/v1/chat/completions "HTTP/1.1 200 OK"
2026-08-29 01:40:24,404 [INFO] HTTP Request: POST http://localhost:8001/v1/chat/completions "HTTP/1.1 200 OK"
2026-08-29 01:40:28,664 [INFO] HTTP Request: POST http://localhost:8001/v1/chat/completions "HTTP/1.1 200 OK"
2026-08-29 01:40:28,664 [INFO] HTTP Request: POST http://localhost:8001/v1/chat/completions "HTTP/1.1 200 OK"
2026-08-29 01:40:29,187 [INFO] HTTP Request: POST http://localhost:8001/v1/chat/completions "HTTP/1.1 200 OK"
2026-08-29 01:40:34,058 [INFO] HTTP Request: POST http://localhost:8001/v1/chat/completions "HTTP/1.1 200 OK"
2026-08-29 01:40:34,160 [INFO] HTTP Request: POST http://localhost:8001/v1/chat/completions "HTTP/1.1 200 OK"
2026-08-29 01:40:34,584 [INFO] HTTP Request: POST http://localhost:8001/v1/chat/completions "HTTP/1.1 200 OK"
2026-08-29 01:40:39,852 [INFO] HTTP Request: POST http://localhost:8001/v1/chat/completions "HTTP/1.1 200 OK"
2026-08-29 01:40:39,853 [INFO] HTTP Request: POST http://localhost:8001/v1/chat/completions "HTTP/1.1 200 OK"
2026-08-29 01:40:43,186 [INFO] HTTP Request: POST http://localhost:8001/v1/chat/completions "HTTP/1.1 200 OK"
2026-08-29 01:40:46,822 [INFO] HTTP Request: POST http://localhost:8001/v1/chat/completions "HTTP/1.1 200 OK"
2026-08-29 01:40:49,026 [INFO] HTTP Request: POST http://localhost:8001/v1/chat/completions "HTTP/1.1 200 OK"
2026-08-29 01:41:24,208 [INFO] HTTP Request: POST http://localhost:8001/v1/chat/completions "HTTP/1.1 200 OK"
2026-08-29 01:41:26,614 [INFO] HTTP Request: POST http://localhost:8001/v1/chat/completions "HTTP/1.1 200 OK"
2026-08-29 01:41:28,615 [INFO] HTTP Request: POST http://localhost:8001/v1/chat/completions "HTTP/1.1 200 OK"
2026-08-29 01:41:30,718 [INFO] HTTP Request: POST http://localhost:8001/v1/chat/completions "HTTP/1.1 200 OK"
2026-08-29 01:41:32,161 [INFO] HTTP Request: POST http://localhost:8001/v1/chat/completions "HTTP/1.1 200 OK"
2026-08-29 01:41:33,803 [INFO] HTTP Request: POST http://localhost:8001/v1/chat/completions "HTTP/1.1 200 OK"
2026-08-29 01:41:34,324 [INFO] HTTP Request: POST http://localhost:8001/v1/chat/completions "HTTP/1.1 200 OK"
2026-08-29 01:41:35,236 [INFO] HTTP Request: POST http://localhost:8001/v1/chat/completions "HTTP/1.1 200 OK"
2026-08-29 01:41:36,268 [INFO] HTTP Request: POST http://localhost:8001/v1/chat/completions "HTTP/1.1 200 OK"
2026-08-29 01:41:37,262 [INFO] HTTP Request: POST http://localhost:8001/v1/chat/completions "HTTP/1.1 200 OK"
2026-08-29 01:41:38,647 [INFO] HTTP Request: POST http://localhost:8001/v1/chat/completions "HTTP/1.1 200 OK"
2026-08-29 01:41:42,010 [INFO] HTTP Request: POST http://localhost:8001/v1/chat/completions "HTTP/1.1 200 OK"
2026-08-29 01:41:47,648 [INFO] HTTP Request: POST http://localhost:8001/v1/chat/completions "HTTP/1.1 200 OK"
2026-08-29 01:42:12,357 [INFO] HTTP Request: POST http://localhost:8001/v1/chat/completions "HTTP/1.1 200 OK"
2026-08-29 01:42:16,065 [INFO] HTTP Request: POST http://localhost:8001/v1/chat/completions "HTTP/1.1 200 OK"
2026-08-29 01:42:16,532 [INFO] HTTP Request: POST http://localhost:8001/v1/chat/completions "HTTP/1.1 200 OK"
2026-08-29 01:42:18,660 [INFO] HTTP Request: POST http://localhost:8001/v1/chat/completions "HTTP/1.1 200 OK"
2026-08-29 01:42:19,299 [INFO] HTTP Request: POST http://localhost:8001/v1/chat/completions "HTTP/1.1 200 OK"
2026-08-29 01:42:22,426 [INFO] HTTP Request: POST http://localhost:8001/v1/chat/completions "HTTP/1.1 200 OK"
2026-08-29 01:42:22,520 [INFO]   💾 2720/4921  [ok=2718 skip=0 error=2]
2026-08-29 01:43:19,549 [INFO] HTTP Request: POST http://localhost:8001/v1/chat/completions "HTTP/1.1 200 OK"
2026-08-29 01:43:22,168 [INFO] HTTP Request: POST http://localhost:8001/v1/chat/completions "HTTP/1.1 200 OK"
2026-08-29 01:43:22,169 [INFO] HTTP Request: POST http://localhost:8001/v1/chat/completions "HTTP/1.1 200 OK"
2026-08-29 01:43:23,598 [INFO] HTTP Request: POST http://localhost:8001/v1/chat/completions "HTTP/1.1 200 OK"
2026-08-29 01:43:25,360 [INFO] HTTP Request: POST http://localhost:8001/v1/chat/completions "HTTP/1.1 200 OK"
2026-08-29 01:43:28,907 [INFO] HTTP Request: POST http://localhost:8001/v1/chat/completions "HTTP/1.1 200 OK"
2026-08-29 01:43:30,350 [INFO] HTTP Request: POST http://localhost:8001/v1/chat/completions "HTTP/1.1 200 OK"
2026-08-29 01:43:31,988 [INFO] HTTP Request: POST http://localhost:8001/v1/chat/completions "HTTP/1.1 200 OK"
2026-08-29 01:43:32,960 [INFO] HTTP Request: POST http://localhost:8001/v1/chat/completions "HTTP/1.1 200 OK"
2026-08-29 01:43:35,948 [INFO] HTTP Request: POST http://localhost:8001/v1/chat/completions "HTTP/1.1 200 OK"
2026-08-29 01:43:36,050 [INFO] HTTP Request: POST http://localhost:8001/v1/chat/completions "HTTP/1.1 200 OK"
2026-08-29 01:43:40,208 [INFO] HTTP Request: POST http://localhost:8001/v1/chat/completions "HTTP/1.1 200 OK"
2026-08-29 01:43:42,820 [INFO] HTTP Request: POST http://localhost:8001/v1/chat/completions "HTTP/1.1 200 OK"
2026-08-29 01:44:17,068 [INFO] HTTP Request: POST http://localhost:8001/v1/chat/completions "HTTP/1.1 200 OK"
2026-08-29 01:44:23,882 [INFO] HTTP Request: POST http://localhost:8001/v1/chat/completions "HTTP/1.1 200 OK"
2026-08-29 01:44:23,882 [INFO] HTTP Request: POST http://localhost:8001/v1/chat/completions "HTTP/1.1 200 OK"
2026-08-29 01:44:28,040 [INFO] HTTP Request: POST http://localhost:8001/v1/chat/completions "HTTP/1.1 200 OK"
2026-08-29 01:44:29,013 [INFO] HTTP Request: POST http://localhost:8001/v1/chat/completions "HTTP/1.1 200 OK"
2026-08-29 01:44:31,905 [INFO] HTTP Request: POST http://localhost:8001/v1/chat/completions "HTTP/1.1 200 OK"
2026-08-29 01:44:32,879 [INFO] HTTP Request: POST http://localhost:8001/v1/chat/completions "HTTP/1.1 200 OK"
2026-08-29 01:44:33,683 [INFO] HTTP Request: POST http://localhost:8001/v1/chat/completions "HTTP/1.1 200 OK"
2026-08-29 01:44:34,680 [INFO] HTTP Request: POST http://localhost:8001/v1/chat/completions "HTTP/1.1 200 OK"
2026-08-29 01:44:34,779 [INFO] HTTP Request: POST http://localhost:8001/v1/chat/completions "HTTP/1.1 200 OK"
2026-08-29 01:44:39,823 [INFO] HTTP Request: POST http://localhost:8001/v1/chat/completions "HTTP/1.1 200 OK"
2026-08-29 01:44:40,211 [INFO] HTTP Request: POST http://localhost:8001/v1/chat/completions "HTTP/1.1 200 OK"
2026-08-29 01:44:40,499 [INFO] HTTP Request: POST http://localhost:8001/v1/chat/completions "HTTP/1.1 200 OK"
2026-08-29 01:45:09,313 [INFO] HTTP Request: POST http://localhost:8001/v1/chat/completions "HTTP/1.1 200 OK"
2026-08-29 01:45:12,737 [INFO] HTTP Request: POST http://localhost:8001/v1/chat/completions "HTTP/1.1 200 OK"
2026-08-29 01:45:14,596 [INFO] HTTP Request: POST http://localhost:8001/v1/chat/completions "HTTP/1.1 200 OK"
2026-08-29 01:45:14,596 [INFO] HTTP Request: POST http://localhost:8001/v1/chat/completions "HTTP/1.1 200 OK"
2026-08-29 01:45:17,872 [INFO] HTTP Request: POST http://localhost:8001/v1/chat/completions "HTTP/1.1 200 OK"
2026-08-29 01:45:19,861 [INFO] HTTP Request: POST http://localhost:8001/v1/chat/completions "HTTP/1.1 200 OK"
2026-08-29 01:45:19,949 [INFO]   💾 2752/4921  [ok=2750 skip=0 error=2]
2026-08-29 01:46:17,525 [INFO] HTTP Request: POST http://localhost:8001/v1/chat/completions "HTTP/1.1 200 OK"
2026-08-29 01:46:19,325 [INFO] HTTP Request: POST http://localhost:8001/v1/chat/completions "HTTP/1.1 200 OK"
2026-08-29 01:46:19,428 [INFO] HTTP Request: POST http://localhost:8001/v1/chat/completions "HTTP/1.1 200 OK"
2026-08-29 01:46:19,852 [INFO] HTTP Request: POST http://localhost:8001/v1/chat/completions "HTTP/1.1 200 OK"
2026-08-29 01:46:25,657 [INFO] HTTP Request: POST http://localhost:8001/v1/chat/completions "HTTP/1.1 200 OK"
2026-08-29 01:46:25,657 [INFO] HTTP Request: POST http://localhost:8001/v1/chat/completions "HTTP/1.1 200 OK"
2026-08-29 01:46:27,521 [INFO] HTTP Request: POST http://localhost:8001/v1/chat/completions "HTTP/1.1 200 OK"
2026-08-29 01:46:30,269 [INFO] HTTP Request: POST http://localhost:8001/v1/chat/completions "HTTP/1.1 200 OK"
2026-08-29 01:46:31,243 [INFO] HTTP Request: POST http://localhost:8001/v1/chat/completions "HTTP/1.1 200 OK"
2026-08-29 01:46:38,450 [INFO] HTTP Request: POST http://localhost:8001/v1/chat/completions "HTTP/1.1 200 OK"
2026-08-29 01:46:40,256 [INFO] HTTP Request: POST http://localhost:8001/v1/chat/completions "HTTP/1.1 200 OK"
2026-08-29 01:46:42,567 [INFO] HTTP Request: POST http://localhost:8001/v1/chat/completions "HTTP/1.1 200 OK"
2026-08-29 01:46:42,669 [INFO] HTTP Request: POST http://localhost:8001/v1/chat/completions "HTTP/1.1 200 OK"
2026-08-29 01:47:17,781 [INFO] HTTP Request: POST http://localhost:8001/v1/chat/completions "HTTP/1.1 200 OK"
2026-08-29 01:47:18,755 [INFO] HTTP Request: POST http://localhost:8001/v1/chat/completions "HTTP/1.1 200 OK"
2026-08-29 01:47:20,569 [INFO] HTTP Request: POST http://localhost:8001/v1/chat/completions "HTTP/1.1 200 OK"
2026-08-29 01:47:25,611 [INFO] HTTP Request: POST http://localhost:8001/v1/chat/completions "HTTP/1.1 200 OK"
2026-08-29 01:47:27,206 [INFO] HTTP Request: POST http://localhost:8001/v1/chat/completions "HTTP/1.1 200 OK"
2026-08-29 01:47:31,367 [INFO] HTTP Request: POST http://localhost:8001/v1/chat/completions "HTTP/1.1 200 OK"
2026-08-29 01:47:34,703 [INFO] HTTP Request: POST http://localhost:8001/v1/chat/completions "HTTP/1.1 200 OK"
2026-08-29 01:47:35,507 [INFO] HTTP Request: POST http://localhost:8001/v1/chat/completions "HTTP/1.1 200 OK"
2026-08-29 01:47:37,602 [INFO] HTTP Request: POST http://localhost:8001/v1/chat/completions "HTTP/1.1 200 OK"
2026-08-29 01:47:38,000 [INFO] HTTP Request: POST http://localhost:8001/v1/chat/completions "HTTP/1.1 200 OK"
2026-08-29 01:47:43,146 [INFO] HTTP Request: POST http://localhost:8001/v1/chat/completions "HTTP/1.1 200 OK"
2026-08-29 01:47:46,513 [INFO] HTTP Request: POST http://localhost:8001/v1/chat/completions "HTTP/1.1 200 OK"
2026-08-29 01:47:47,568 [INFO] HTTP Request: POST http://localhost:8001/v1/chat/completions "HTTP/1.1 200 OK"
2026-08-29 01:48:09,146 [INFO] HTTP Request: POST http://localhost:8001/v1/chat/completions "HTTP/1.1 200 OK"
2026-08-29 01:48:09,431 [INFO] HTTP Request: POST http://localhost:8001/v1/chat/completions "HTTP/1.1 200 OK"
2026-08-29 01:48:11,289 [INFO] HTTP Request: POST http://localhost:8001/v1/chat/completions "HTTP/1.1 200 OK"
2026-08-29 01:48:11,753 [INFO] HTTP Request: POST http://localhost:8001/v1/chat/completions "HTTP/1.1 200 OK"
2026-08-29 01:48:11,754 [INFO] HTTP Request: POST http://localhost:8001/v1/chat/completions "HTTP/1.1 200 OK"
2026-08-29 01:48:15,072 [INFO] HTTP Request: POST http://localhost:8001/v1/chat/completions "HTTP/1.1 200 OK"
2026-08-29 01:48:15,148 [INFO]   💾 2784/4921  [ok=2782 skip=0 error=2]
2026-08-29 01:49:15,112 [INFO] HTTP Request: POST http://localhost:8001/v1/chat/completions "HTTP/1.1 200 OK"
2026-08-29 01:49:16,715 [INFO] HTTP Request: POST http://localhost:8001/v1/chat/completions "HTTP/1.1 200 OK"
2026-08-29 01:49:19,548 [INFO] HTTP Request: POST http://localhost:8001/v1/chat/completions "HTTP/1.1 200 OK"
2026-08-29 01:49:19,651 [INFO] HTTP Request: POST http://localhost:8001/v1/chat/completions "HTTP/1.1 200 OK"
2026-08-29 01:49:24,349 [INFO] HTTP Request: POST http://localhost:8001/v1/chat/completions "HTTP/1.1 200 OK"
2026-08-29 01:49:24,349 [INFO] HTTP Request: POST http://localhost:8001/v1/chat/completions "HTTP/1.1 200 OK"
2026-08-29 01:49:28,428 [INFO] HTTP Request: POST http://localhost:8001/v1/chat/completions "HTTP/1.1 200 OK"
2026-08-29 01:49:30,645 [INFO] HTTP Request: POST http://localhost:8001/v1/chat/completions "HTTP/1.1 200 OK"
2026-08-29 01:49:33,274 [INFO] HTTP Request: POST http://localhost:8001/v1/chat/completions "HTTP/1.1 200 OK"
2026-08-29 01:49:34,248 [INFO] HTTP Request: POST http://localhost:8001/v1/chat/completions "HTTP/1.1 200 OK"
2026-08-29 01:49:36,337 [INFO] HTTP Request: POST http://localhost:8001/v1/chat/completions "HTTP/1.1 200 OK"
2026-08-29 01:49:37,780 [INFO] HTTP Request: POST http://localhost:8001/v1/chat/completions "HTTP/1.1 200 OK"
2026-08-29 01:50:12,528 [INFO] HTTP Request: POST http://localhost:8001/v1/chat/completions "HTTP/1.1 200 OK"
2026-08-29 01:50:16,896 [INFO] HTTP Request: POST http://localhost:8001/v1/chat/completions "HTTP/1.1 200 OK"
2026-08-29 01:50:17,871 [INFO] HTTP Request: POST http://localhost:8001/v1/chat/completions "HTTP/1.1 200 OK"
2026-08-29 01:50:21,110 [INFO] HTTP Request: POST http://localhost:8001/v1/chat/completions "HTTP/1.1 200 OK"
2026-08-29 01:50:22,552 [INFO] HTTP Request: POST http://localhost:8001/v1/chat/completions "HTTP/1.1 200 OK"
2026-08-29 01:50:25,950 [INFO] HTTP Request: POST http://localhost:8001/v1/chat/completions "HTTP/1.1 200 OK"
2026-08-29 01:50:27,962 [INFO] HTTP Request: POST http://localhost:8001/v1/chat/completions "HTTP/1.1 200 OK"
2026-08-29 01:50:31,985 [INFO] HTTP Request: POST http://localhost:8001/v1/chat/completions "HTTP/1.1 200 OK"
2026-08-29 01:50:32,388 [INFO] HTTP Request: POST http://localhost:8001/v1/chat/completions "HTTP/1.1 200 OK"
2026-08-29 01:50:32,389 [INFO] HTTP Request: POST http://localhost:8001/v1/chat/completions "HTTP/1.1 200 OK"
2026-08-29 01:50:33,482 [INFO] HTTP Request: POST http://localhost:8001/v1/chat/completions "HTTP/1.1 200 OK"
2026-08-29 01:50:34,573 [INFO] HTTP Request: POST http://localhost:8001/v1/chat/completions "HTTP/1.1 200 OK"
2026-08-29 01:50:36,789 [INFO] HTTP Request: POST http://localhost:8001/v1/chat/completions "HTTP/1.1 200 OK"
2026-08-29 01:50:37,459 [INFO] HTTP Request: POST http://localhost:8001/v1/chat/completions "HTTP/1.1 200 OK"
2026-08-29 01:51:06,016 [INFO] HTTP Request: POST http://localhost:8001/v1/chat/completions "HTTP/1.1 200 OK"
2026-08-29 01:51:07,920 [INFO] HTTP Request: POST http://localhost:8001/v1/chat/completions "HTTP/1.1 200 OK"
2026-08-29 01:51:10,892 [INFO] HTTP Request: POST http://localhost:8001/v1/chat/completions "HTTP/1.1 200 OK"
2026-08-29 01:51:12,096 [INFO] HTTP Request: POST http://localhost:8001/v1/chat/completions "HTTP/1.1 200 OK"
2026-08-29 01:51:13,008 [INFO] HTTP Request: POST http://localhost:8001/v1/chat/completions "HTTP/1.1 200 OK"
2026-08-29 01:51:15,278 [INFO] Retrying request to /chat/completions in 0.465691 seconds
2026-08-29 01:52:10,426 [INFO] HTTP Request: POST http://localhost:8001/v1/chat/completions "HTTP/1.1 200 OK"
2026-08-29 01:52:10,515 [INFO]   💾 2816/4921  [ok=2814 skip=0 error=2]
2026-08-29 01:53:08,841 [INFO] HTTP Request: POST http://localhost:8001/v1/chat/completions "HTTP/1.1 200 OK"
2026-08-29 01:53:09,808 [INFO] HTTP Request: POST http://localhost:8001/v1/chat/completions "HTTP/1.1 200 OK"
2026-08-29 01:53:13,202 [INFO] HTTP Request: POST http://localhost:8001/v1/chat/completions "HTTP/1.1 200 OK"
2026-08-29 01:53:16,969 [INFO] HTTP Request: POST http://localhost:8001/v1/chat/completions "HTTP/1.1 200 OK"
2026-08-29 01:53:17,073 [INFO] HTTP Request: POST http://localhost:8001/v1/chat/completions "HTTP/1.1 200 OK"
2026-08-29 01:53:21,076 [INFO] HTTP Request: POST http://localhost:8001/v1/chat/completions "HTTP/1.1 200 OK"
2026-08-29 01:53:22,995 [INFO] HTTP Request: POST http://localhost:8001/v1/chat/completions "HTTP/1.1 200 OK"
2026-08-29 01:53:23,522 [INFO] HTTP Request: POST http://localhost:8001/v1/chat/completions "HTTP/1.1 200 OK"
2026-08-29 01:53:26,695 [INFO] HTTP Request: POST http://localhost:8001/v1/chat/completions "HTTP/1.1 200 OK"
2026-08-29 01:53:32,917 [INFO] HTTP Request: POST http://localhost:8001/v1/chat/completions "HTTP/1.1 200 OK"
2026-08-29 01:53:34,529 [INFO] HTTP Request: POST http://localhost:8001/v1/chat/completions "HTTP/1.1 200 OK"
2026-08-29 01:53:35,973 [INFO] HTTP Request: POST http://localhost:8001/v1/chat/completions "HTTP/1.1 200 OK"
2026-08-29 01:54:08,251 [INFO] HTTP Request: POST http://localhost:8001/v1/chat/completions "HTTP/1.1 200 OK"
2026-08-29 01:54:12,152 [INFO] HTTP Request: POST http://localhost:8001/v1/chat/completions "HTTP/1.1 200 OK"
2026-08-29 01:54:14,175 [INFO] HTTP Request: POST http://localhost:8001/v1/chat/completions "HTTP/1.1 200 OK"
2026-08-29 01:54:15,786 [INFO] HTTP Request: POST http://localhost:8001/v1/chat/completions "HTTP/1.1 200 OK"
2026-08-29 01:54:19,908 [INFO] HTTP Request: POST http://localhost:8001/v1/chat/completions "HTTP/1.1 200 OK"
2026-08-29 01:54:24,708 [INFO] HTTP Request: POST http://localhost:8001/v1/chat/completions "HTTP/1.1 200 OK"
2026-08-29 01:54:27,041 [INFO] HTTP Request: POST http://localhost:8001/v1/chat/completions "HTTP/1.1 200 OK"
2026-08-29 01:54:28,016 [INFO] HTTP Request: POST http://localhost:8001/v1/chat/completions "HTTP/1.1 200 OK"
2026-08-29 01:54:29,811 [INFO] HTTP Request: POST http://localhost:8001/v1/chat/completions "HTTP/1.1 200 OK"
2026-08-29 01:54:31,810 [INFO] HTTP Request: POST http://localhost:8001/v1/chat/completions "HTTP/1.1 200 OK"
2026-08-29 01:54:31,910 [INFO] HTTP Request: POST http://localhost:8001/v1/chat/completions "HTTP/1.1 200 OK"
2026-08-29 01:54:39,341 [INFO] HTTP Request: POST http://localhost:8001/v1/chat/completions "HTTP/1.1 200 OK"
2026-08-29 01:54:39,827 [INFO] HTTP Request: POST http://localhost:8001/v1/chat/completions "HTTP/1.1 200 OK"
2026-08-29 01:54:49,137 [INFO] HTTP Request: POST http://localhost:8001/v1/chat/completions "HTTP/1.1 200 OK"
2026-08-29 01:54:57,928 [INFO] HTTP Request: POST http://localhost:8001/v1/chat/completions "HTTP/1.1 200 OK"
2026-08-29 01:54:58,595 [INFO] HTTP Request: POST http://localhost:8001/v1/chat/completions "HTTP/1.1 200 OK"
2026-08-29 01:55:02,962 [INFO] HTTP Request: POST http://localhost:8001/v1/chat/completions "HTTP/1.1 200 OK"
2026-08-29 01:55:05,183 [INFO] HTTP Request: POST http://localhost:8001/v1/chat/completions "HTTP/1.1 200 OK"
2026-08-29 01:55:06,095 [INFO] HTTP Request: POST http://localhost:8001/v1/chat/completions "HTTP/1.1 200 OK"
2026-08-29 01:55:10,170 [INFO] HTTP Request: POST http://localhost:8001/v1/chat/completions "HTTP/1.1 200 OK"
2026-08-29 01:55:10,245 [INFO]   💾 2848/4921  [ok=2846 skip=0 error=2]
2026-08-29 01:56:08,533 [INFO] HTTP Request: POST http://localhost:8001/v1/chat/completions "HTTP/1.1 200 OK"
2026-08-29 01:56:15,174 [INFO] HTTP Request: POST http://localhost:8001/v1/chat/completions "HTTP/1.1 200 OK"
2026-08-29 01:56:15,697 [INFO] HTTP Request: POST http://localhost:8001/v1/chat/completions "HTTP/1.1 200 OK"
2026-08-29 01:56:17,939 [INFO] HTTP Request: POST http://localhost:8001/v1/chat/completions "HTTP/1.1 200 OK"
2026-08-29 01:56:21,571 [INFO] HTTP Request: POST http://localhost:8001/v1/chat/completions "HTTP/1.1 200 OK"
2026-08-29 01:56:23,696 [INFO] HTTP Request: POST http://localhost:8001/v1/chat/completions "HTTP/1.1 200 OK"
2026-08-29 01:56:25,312 [INFO] HTTP Request: POST http://localhost:8001/v1/chat/completions "HTTP/1.1 200 OK"
2026-08-29 01:56:26,923 [INFO] HTTP Request: POST http://localhost:8001/v1/chat/completions "HTTP/1.1 200 OK"
2026-08-29 01:56:30,073 [INFO] HTTP Request: POST http://localhost:8001/v1/chat/completions "HTTP/1.1 200 OK"
2026-08-29 01:56:32,815 [INFO] HTTP Request: POST http://localhost:8001/v1/chat/completions "HTTP/1.1 200 OK"
2026-08-29 01:56:32,816 [INFO] HTTP Request: POST http://localhost:8001/v1/chat/completions "HTTP/1.1 200 OK"
2026-08-29 01:56:39,701 [INFO] HTTP Request: POST http://localhost:8001/v1/chat/completions "HTTP/1.1 200 OK"
2026-08-29 01:57:12,772 [INFO] HTTP Request: POST http://localhost:8001/v1/chat/completions "HTTP/1.1 200 OK"
2026-08-29 01:57:15,784 [INFO] HTTP Request: POST http://localhost:8001/v1/chat/completions "HTTP/1.1 200 OK"
2026-08-29 01:57:20,173 [INFO] HTTP Request: POST http://localhost:8001/v1/chat/completions "HTTP/1.1 200 OK"
2026-08-29 01:57:20,174 [INFO] HTTP Request: POST http://localhost:8001/v1/chat/completions "HTTP/1.1 200 OK"
2026-08-29 01:57:27,300 [INFO] HTTP Request: POST http://localhost:8001/v1/chat/completions "HTTP/1.1 200 OK"
2026-08-29 01:57:27,823 [INFO] HTTP Request: POST http://localhost:8001/v1/chat/completions "HTTP/1.1 200 OK"
2026-08-29 01:57:34,101 [INFO] HTTP Request: POST http://localhost:8001/v1/chat/completions "HTTP/1.1 200 OK"
2026-08-29 01:57:36,179 [INFO] HTTP Request: POST http://localhost:8001/v1/chat/completions "HTTP/1.1 200 OK"
2026-08-29 01:57:37,284 [INFO] HTTP Request: POST http://localhost:8001/v1/chat/completions "HTTP/1.1 200 OK"
2026-08-29 01:57:40,182 [INFO] HTTP Request: POST http://localhost:8001/v1/chat/completions "HTTP/1.1 200 OK"
2026-08-29 01:57:41,177 [INFO] HTTP Request: POST http://localhost:8001/v1/chat/completions "HTTP/1.1 200 OK"
2026-08-29 01:57:44,252 [INFO] HTTP Request: POST http://localhost:8001/v1/chat/completions "HTTP/1.1 200 OK"
2026-08-29 01:57:45,123 [INFO] HTTP Request: POST http://localhost:8001/v1/chat/completions "HTTP/1.1 200 OK"
2026-08-29 01:57:52,803 [INFO] HTTP Request: POST http://localhost:8001/v1/chat/completions "HTTP/1.1 200 OK"
2026-08-29 01:58:06,473 [INFO] HTTP Request: POST http://localhost:8001/v1/chat/completions "HTTP/1.1 200 OK"
2026-08-29 01:58:08,666 [INFO] HTTP Request: POST http://localhost:8001/v1/chat/completions "HTTP/1.1 200 OK"
2026-08-29 01:58:08,948 [INFO] HTTP Request: POST http://localhost:8001/v1/chat/completions "HTTP/1.1 200 OK"
2026-08-29 01:58:10,151 [INFO] HTTP Request: POST http://localhost:8001/v1/chat/completions "HTTP/1.1 200 OK"
2026-08-29 01:58:10,319 [INFO] Retrying request to /chat/completions in 0.409258 seconds
2026-08-29 01:58:10,332 [INFO] Retrying request to /chat/completions in 0.499166 seconds
2026-08-29 01:58:54,462 [INFO] HTTP Request: POST http://localhost:8001/v1/chat/completions "HTTP/1.1 200 OK"
2026-08-29 01:58:59,297 [INFO] HTTP Request: POST http://localhost:8001/v1/chat/completions "HTTP/1.1 200 OK"
2026-08-29 01:58:59,366 [INFO]   💾 2880/4921  [ok=2878 skip=0 error=2]
2026-08-29 01:59:55,213 [INFO] HTTP Request: POST http://localhost:8001/v1/chat/completions "HTTP/1.1 200 OK"
2026-08-29 02:00:00,648 [INFO] HTTP Request: POST http://localhost:8001/v1/chat/completions "HTTP/1.1 200 OK"
2026-08-29 02:00:03,565 [INFO] HTTP Request: POST http://localhost:8001/v1/chat/completions "HTTP/1.1 200 OK"
2026-08-29 02:00:04,533 [INFO] HTTP Request: POST http://localhost:8001/v1/chat/completions "HTTP/1.1 200 OK"
2026-08-29 02:00:04,998 [INFO] HTTP Request: POST http://localhost:8001/v1/chat/completions "HTTP/1.1 200 OK"
2026-08-29 02:00:07,659 [INFO] HTTP Request: POST http://localhost:8001/v1/chat/completions "HTTP/1.1 200 OK"
2026-08-29 02:00:08,541 [INFO] HTTP Request: POST http://localhost:8001/v1/chat/completions "HTTP/1.1 200 OK"
2026-08-29 02:00:09,877 [INFO] HTTP Request: POST http://localhost:8001/v1/chat/completions "HTTP/1.1 200 OK"
2026-08-29 02:00:14,597 [INFO] HTTP Request: POST http://localhost:8001/v1/chat/completions "HTTP/1.1 200 OK"
2026-08-29 02:00:16,043 [INFO] HTTP Request: POST http://localhost:8001/v1/chat/completions "HTTP/1.1 200 OK"
2026-08-29 02:00:23,379 [INFO] HTTP Request: POST http://localhost:8001/v1/chat/completions "HTTP/1.1 200 OK"
2026-08-29 02:00:26,534 [INFO] HTTP Request: POST http://localhost:8001/v1/chat/completions "HTTP/1.1 200 OK"
2026-08-29 02:00:54,353 [INFO] HTTP Request: POST http://localhost:8001/v1/chat/completions "HTTP/1.1 200 OK"
2026-08-29 02:01:00,795 [INFO] HTTP Request: POST http://localhost:8001/v1/chat/completions "HTTP/1.1 200 OK"
2026-08-29 02:01:02,228 [INFO] HTTP Request: POST http://localhost:8001/v1/chat/completions "HTTP/1.1 200 OK"
2026-08-29 02:01:05,620 [INFO] HTTP Request: POST http://localhost:8001/v1/chat/completions "HTTP/1.1 200 OK"
2026-08-29 02:01:05,621 [INFO] HTTP Request: POST http://localhost:8001/v1/chat/completions "HTTP/1.1 200 OK"
2026-08-29 02:01:05,720 [INFO] HTTP Request: POST http://localhost:8001/v1/chat/completions "HTTP/1.1 200 OK"
2026-08-29 02:01:11,587 [INFO] HTTP Request: POST http://localhost:8001/v1/chat/completions "HTTP/1.1 200 OK"
2026-08-29 02:01:14,281 [INFO] HTTP Request: POST http://localhost:8001/v1/chat/completions "HTTP/1.1 200 OK"
2026-08-29 02:01:15,891 [INFO] HTTP Request: POST http://localhost:8001/v1/chat/completions "HTTP/1.1 200 OK"
2026-08-29 02:01:18,295 [INFO] HTTP Request: POST http://localhost:8001/v1/chat/completions "HTTP/1.1 200 OK"
2026-08-29 02:01:18,793 [INFO] HTTP Request: POST http://localhost:8001/v1/chat/completions "HTTP/1.1 200 OK"
2026-08-29 02:01:21,073 [INFO] HTTP Request: POST http://localhost:8001/v1/chat/completions "HTTP/1.1 200 OK"
2026-08-29 02:01:37,677 [INFO] HTTP Request: POST http://localhost:8001/v1/chat/completions "HTTP/1.1 200 OK"
2026-08-29 02:01:40,079 [INFO] HTTP Request: POST http://localhost:8001/v1/chat/completions "HTTP/1.1 200 OK"
2026-08-29 02:01:50,223 [INFO] HTTP Request: POST http://localhost:8001/v1/chat/completions "HTTP/1.1 200 OK"
2026-08-29 02:01:50,700 [INFO] HTTP Request: POST http://localhost:8001/v1/chat/completions "HTTP/1.1 200 OK"
2026-08-29 02:01:51,631 [INFO] HTTP Request: POST http://localhost:8001/v1/chat/completions "HTTP/1.1 200 OK"
2026-08-29 02:01:53,576 [INFO] HTTP Request: POST http://localhost:8001/v1/chat/completions "HTTP/1.1 200 OK"
2026-08-29 02:01:54,578 [INFO] HTTP Request: POST http://localhost:8001/v1/chat/completions "HTTP/1.1 200 OK"
2026-08-29 02:01:59,517 [INFO] Retrying request to /chat/completions in 0.377364 seconds
2026-08-29 02:02:53,935 [INFO] HTTP Request: POST http://localhost:8001/v1/chat/completions "HTTP/1.1 200 OK"
2026-08-29 02:02:54,012 [INFO]   💾 2912/4921  [ok=2910 skip=0 error=2]
2026-08-29 02:03:51,439 [INFO] HTTP Request: POST http://localhost:8001/v1/chat/completions "HTTP/1.1 200 OK"
2026-08-29 02:03:54,062 [INFO] HTTP Request: POST http://localhost:8001/v1/chat/completions "HTTP/1.1 200 OK"
2026-08-29 02:03:59,011 [INFO] HTTP Request: POST http://localhost:8001/v1/chat/completions "HTTP/1.1 200 OK"
2026-08-29 02:03:59,012 [INFO] HTTP Request: POST http://localhost:8001/v1/chat/completions "HTTP/1.1 200 OK"
2026-08-29 02:03:59,971 [INFO] HTTP Request: POST http://localhost:8001/v1/chat/completions "HTTP/1.1 200 OK"
2026-08-29 02:04:00,434 [INFO] HTTP Request: POST http://localhost:8001/v1/chat/completions "HTTP/1.1 200 OK"
2026-08-29 02:04:03,076 [INFO] HTTP Request: POST http://localhost:8001/v1/chat/completions "HTTP/1.1 200 OK"
2026-08-29 02:04:07,083 [INFO] HTTP Request: POST http://localhost:8001/v1/chat/completions "HTTP/1.1 200 OK"
2026-08-29 02:04:07,558 [INFO] HTTP Request: POST http://localhost:8001/v1/chat/completions "HTTP/1.1 200 OK"
2026-08-29 02:04:11,208 [INFO] HTTP Request: POST http://localhost:8001/v1/chat/completions "HTTP/1.1 200 OK"
2026-08-29 02:04:14,474 [INFO] HTTP Request: POST http://localhost:8001/v1/chat/completions "HTTP/1.1 200 OK"
2026-08-29 02:04:16,402 [INFO] HTTP Request: POST http://localhost:8001/v1/chat/completions "HTTP/1.1 200 OK"
2026-08-29 02:04:55,522 [INFO] HTTP Request: POST http://localhost:8001/v1/chat/completions "HTTP/1.1 200 OK"
2026-08-29 02:04:57,743 [INFO] HTTP Request: POST http://localhost:8001/v1/chat/completions "HTTP/1.1 200 OK"
2026-08-29 02:05:00,369 [INFO] HTTP Request: POST http://localhost:8001/v1/chat/completions "HTTP/1.1 200 OK"
2026-08-29 02:05:00,370 [INFO] HTTP Request: POST http://localhost:8001/v1/chat/completions "HTTP/1.1 200 OK"
2026-08-29 02:05:03,760 [INFO] HTTP Request: POST http://localhost:8001/v1/chat/completions "HTTP/1.1 200 OK"
2026-08-29 02:05:05,807 [INFO] HTTP Request: POST http://localhost:8001/v1/chat/completions "HTTP/1.1 200 OK"
2026-08-29 02:05:11,502 [INFO] HTTP Request: POST http://localhost:8001/v1/chat/completions "HTTP/1.1 200 OK"
2026-08-29 02:05:12,257 [INFO] HTTP Request: POST http://localhost:8001/v1/chat/completions "HTTP/1.1 200 OK"
2026-08-29 02:05:13,690 [INFO] HTTP Request: POST http://localhost:8001/v1/chat/completions "HTTP/1.1 200 OK"
2026-08-29 02:05:16,412 [INFO] HTTP Request: POST http://localhost:8001/v1/chat/completions "HTTP/1.1 200 OK"
2026-08-29 02:05:16,711 [INFO] HTTP Request: POST http://localhost:8001/v1/chat/completions "HTTP/1.1 200 OK"
2026-08-29 02:05:17,803 [INFO] HTTP Request: POST http://localhost:8001/v1/chat/completions "HTTP/1.1 200 OK"
2026-08-29 02:05:33,822 [INFO] HTTP Request: POST http://localhost:8001/v1/chat/completions "HTTP/1.1 200 OK"
2026-08-29 02:05:43,616 [INFO] HTTP Request: POST http://localhost:8001/v1/chat/completions "HTTP/1.1 200 OK"
2026-08-29 02:05:47,348 [INFO] HTTP Request: POST http://localhost:8001/v1/chat/completions "HTTP/1.1 200 OK"
2026-08-29 02:05:49,829 [INFO] HTTP Request: POST http://localhost:8001/v1/chat/completions "HTTP/1.1 200 OK"
2026-08-29 02:05:50,296 [INFO] HTTP Request: POST http://localhost:8001/v1/chat/completions "HTTP/1.1 200 OK"
2026-08-29 02:05:51,778 [INFO] HTTP Request: POST http://localhost:8001/v1/chat/completions "HTTP/1.1 200 OK"
2026-08-29 02:05:54,132 [INFO] Retrying request to /chat/completions in 0.428227 seconds
2026-08-29 02:05:54,156 [INFO] Retrying request to /chat/completions in 0.498250 seconds
2026-08-29 02:06:30,574 [INFO] HTTP Request: POST http://localhost:8001/v1/chat/completions "HTTP/1.1 200 OK"
2026-08-29 02:06:45,466 [INFO] HTTP Request: POST http://localhost:8001/v1/chat/completions "HTTP/1.1 200 OK"
2026-08-29 02:06:45,532 [INFO]   💾 2944/4921  [ok=2942 skip=0 error=2]
2026-08-29 02:07:46,394 [INFO] HTTP Request: POST http://localhost:8001/v1/chat/completions "HTTP/1.1 200 OK"
2026-08-29 02:07:48,213 [INFO] HTTP Request: POST http://localhost:8001/v1/chat/completions "HTTP/1.1 200 OK"
2026-08-29 02:07:48,314 [INFO] HTTP Request: POST http://localhost:8001/v1/chat/completions "HTTP/1.1 200 OK"
2026-08-29 02:07:52,210 [INFO] HTTP Request: POST http://localhost:8001/v1/chat/completions "HTTP/1.1 200 OK"
2026-08-29 02:07:54,027 [INFO] HTTP Request: POST http://localhost:8001/v1/chat/completions "HTTP/1.1 200 OK"
2026-08-29 02:07:56,549 [INFO] HTTP Request: POST http://localhost:8001/v1/chat/completions "HTTP/1.1 200 OK"
2026-08-29 02:08:00,884 [INFO] HTTP Request: POST http://localhost:8001/v1/chat/completions "HTTP/1.1 200 OK"
2026-08-29 02:08:00,986 [INFO] HTTP Request: POST http://localhost:8001/v1/chat/completions "HTTP/1.1 200 OK"
2026-08-29 02:08:01,849 [INFO] HTTP Request: POST http://localhost:8001/v1/chat/completions "HTTP/1.1 200 OK"
2026-08-29 02:08:04,965 [INFO] HTTP Request: POST http://localhost:8001/v1/chat/completions "HTTP/1.1 200 OK"
2026-08-29 02:08:08,062 [INFO] HTTP Request: POST http://localhost:8001/v1/chat/completions "HTTP/1.1 200 OK"
2026-08-29 02:08:44,646 [INFO] HTTP Request: POST http://localhost:8001/v1/chat/completions "HTTP/1.1 200 OK"
2026-08-29 02:08:47,070 [INFO] HTTP Request: POST http://localhost:8001/v1/chat/completions "HTTP/1.1 200 OK"
2026-08-29 02:08:48,040 [INFO] HTTP Request: POST http://localhost:8001/v1/chat/completions "HTTP/1.1 200 OK"
2026-08-29 02:08:52,903 [INFO] HTTP Request: POST http://localhost:8001/v1/chat/completions "HTTP/1.1 200 OK"
2026-08-29 02:08:56,234 [INFO] HTTP Request: POST http://localhost:8001/v1/chat/completions "HTTP/1.1 200 OK"
2026-08-29 02:08:58,256 [INFO] HTTP Request: POST http://localhost:8001/v1/chat/completions "HTTP/1.1 200 OK"
2026-08-29 02:09:00,076 [INFO] HTTP Request: POST http://localhost:8001/v1/chat/completions "HTTP/1.1 200 OK"
2026-08-29 02:09:01,926 [INFO] HTTP Request: POST http://localhost:8001/v1/chat/completions "HTTP/1.1 200 OK"
2026-08-29 02:09:05,052 [INFO] HTTP Request: POST http://localhost:8001/v1/chat/completions "HTTP/1.1 200 OK"
2026-08-29 02:09:09,529 [INFO] HTTP Request: POST http://localhost:8001/v1/chat/completions "HTTP/1.1 200 OK"
2026-08-29 02:09:13,932 [INFO] HTTP Request: POST http://localhost:8001/v1/chat/completions "HTTP/1.1 200 OK"
2026-08-29 02:09:31,005 [INFO] HTTP Request: POST http://localhost:8001/v1/chat/completions "HTTP/1.1 200 OK"
2026-08-29 02:09:43,364 [INFO] HTTP Request: POST http://localhost:8001/v1/chat/completions "HTTP/1.1 200 OK"
2026-08-29 02:09:44,141 [INFO] HTTP Request: POST http://localhost:8001/v1/chat/completions "HTTP/1.1 200 OK"
2026-08-29 02:09:45,618 [INFO] Retrying request to /chat/completions in 0.485707 seconds
2026-08-29 02:09:45,638 [INFO] Retrying request to /chat/completions in 0.412751 seconds
2026-08-29 02:09:45,658 [INFO] Retrying request to /chat/completions in 0.392310 seconds
2026-08-29 02:09:45,662 [INFO] Retrying request to /chat/completions in 0.380804 seconds
2026-08-29 02:09:45,680 [INFO] HTTP Request: POST http://localhost:8001/v1/chat/completions "HTTP/1.1 200 OK"
2026-08-29 02:09:45,681 [INFO] Retrying request to /chat/completions in 0.452787 seconds
2026-08-29 02:09:45,683 [INFO] Retrying request to /chat/completions in 0.463769 seconds
2026-08-29 02:10:29,406 [INFO] HTTP Request: POST http://localhost:8001/v1/chat/completions "HTTP/1.1 200 OK"
2026-08-29 02:10:29,884 [INFO] HTTP Request: POST http://localhost:8001/v1/chat/completions "HTTP/1.1 200 OK"
2026-08-29 02:10:30,537 [INFO] HTTP Request: POST http://localhost:8001/v1/chat/completions "HTTP/1.1 200 OK"
2026-08-29 02:10:33,592 [INFO] HTTP Request: POST http://localhost:8001/v1/chat/completions "HTTP/1.1 200 OK"
2026-08-29 02:10:43,971 [INFO] HTTP Request: POST http://localhost:8001/v1/chat/completions "HTTP/1.1 200 OK"
2026-08-29 02:12:46,205 [INFO] Retrying request to /chat/completions in 0.763009 seconds
2026-08-29 02:15:46,975 [WARNING] Intento 1/2 fallido: Request timed out.
2026-08-29 02:18:48,047 [INFO] Retrying request to /chat/completions in 0.398567 seconds
2026-08-29 02:21:48,546 [INFO] Retrying request to /chat/completions in 0.868757 seconds
2026-08-29 02:24:49,495 [WARNING] Intento 2/2 fallido: Request timed out.
2026-08-29 02:24:50,496 [ERROR] Error fila 2952 de youtube_global_dataset.csv: Modelo no respondió tras 2 intentos
2026-08-29 02:24:50,586 [INFO]   💾 2976/4921  [ok=2973 skip=0 error=3]
2026-08-29 02:25:47,145 [INFO] HTTP Request: POST http://localhost:8001/v1/chat/completions "HTTP/1.1 200 OK"
2026-08-29 02:25:48,579 [INFO] HTTP Request: POST http://localhost:8001/v1/chat/completions "HTTP/1.1 200 OK"
2026-08-29 02:25:51,793 [INFO] HTTP Request: POST http://localhost:8001/v1/chat/completions "HTTP/1.1 200 OK"
2026-08-29 02:25:53,412 [INFO] HTTP Request: POST http://localhost:8001/v1/chat/completions "HTTP/1.1 200 OK"
2026-08-29 02:25:57,064 [INFO] HTTP Request: POST http://localhost:8001/v1/chat/completions "HTTP/1.1 200 OK"
2026-08-29 02:25:58,033 [INFO] HTTP Request: POST http://localhost:8001/v1/chat/completions "HTTP/1.1 200 OK"
2026-08-29 02:26:00,393 [INFO] HTTP Request: POST http://localhost:8001/v1/chat/completions "HTTP/1.1 200 OK"
2026-08-29 02:26:04,350 [INFO] HTTP Request: POST http://localhost:8001/v1/chat/completions "HTTP/1.1 200 OK"
2026-08-29 02:26:06,221 [INFO] HTTP Request: POST http://localhost:8001/v1/chat/completions "HTTP/1.1 200 OK"
2026-08-29 02:26:06,664 [INFO] HTTP Request: POST http://localhost:8001/v1/chat/completions "HTTP/1.1 200 OK"
2026-08-29 02:26:12,417 [INFO] HTTP Request: POST http://localhost:8001/v1/chat/completions "HTTP/1.1 200 OK"
2026-08-29 02:26:12,944 [INFO] HTTP Request: POST http://localhost:8001/v1/chat/completions "HTTP/1.1 200 OK"
2026-08-29 02:26:49,673 [INFO] HTTP Request: POST http://localhost:8001/v1/chat/completions "HTTP/1.1 200 OK"
2026-08-29 02:26:54,015 [INFO] HTTP Request: POST http://localhost:8001/v1/chat/completions "HTTP/1.1 200 OK"
2026-08-29 02:26:56,943 [INFO] HTTP Request: POST http://localhost:8001/v1/chat/completions "HTTP/1.1 200 OK"
2026-08-29 02:27:00,081 [INFO] HTTP Request: POST http://localhost:8001/v1/chat/completions "HTTP/1.1 200 OK"
2026-08-29 02:27:02,707 [INFO] HTTP Request: POST http://localhost:8001/v1/chat/completions "HTTP/1.1 200 OK"
2026-08-29 02:27:02,708 [INFO] HTTP Request: POST http://localhost:8001/v1/chat/completions "HTTP/1.1 200 OK"
2026-08-29 02:27:05,933 [INFO] HTTP Request: POST http://localhost:8001/v1/chat/completions "HTTP/1.1 200 OK"
2026-08-29 02:27:07,753 [INFO] HTTP Request: POST http://localhost:8001/v1/chat/completions "HTTP/1.1 200 OK"
2026-08-29 02:27:10,514 [INFO] HTTP Request: POST http://localhost:8001/v1/chat/completions "HTTP/1.1 200 OK"
2026-08-29 02:27:11,016 [INFO] HTTP Request: POST http://localhost:8001/v1/chat/completions "HTTP/1.1 200 OK"
2026-08-29 02:27:11,613 [INFO] HTTP Request: POST http://localhost:8001/v1/chat/completions "HTTP/1.1 200 OK"
2026-08-29 02:27:20,929 [INFO] HTTP Request: POST http://localhost:8001/v1/chat/completions "HTTP/1.1 200 OK"
2026-08-29 02:27:32,704 [INFO] HTTP Request: POST http://localhost:8001/v1/chat/completions "HTTP/1.1 200 OK"
2026-08-29 02:27:39,809 [INFO] HTTP Request: POST http://localhost:8001/v1/chat/completions "HTTP/1.1 200 OK"
2026-08-29 02:27:43,449 [INFO] HTTP Request: POST http://localhost:8001/v1/chat/completions "HTTP/1.1 200 OK"
2026-08-29 02:27:46,026 [INFO] HTTP Request: POST http://localhost:8001/v1/chat/completions "HTTP/1.1 200 OK"
2026-08-29 02:27:47,329 [INFO] HTTP Request: POST http://localhost:8001/v1/chat/completions "HTTP/1.1 200 OK"
2026-08-29 02:27:50,291 [INFO] HTTP Request: POST http://localhost:8001/v1/chat/completions "HTTP/1.1 200 OK"
2026-08-29 02:27:50,667 [INFO] Retrying request to /chat/completions in 0.476531 seconds
2026-08-29 02:27:50,748 [INFO] Retrying request to /chat/completions in 0.495775 seconds
2026-08-29 02:28:33,715 [INFO] HTTP Request: POST http://localhost:8001/v1/chat/completions "HTTP/1.1 200 OK"
2026-08-29 02:28:44,715 [INFO] HTTP Request: POST http://localhost:8001/v1/chat/completions "HTTP/1.1 200 OK"
2026-08-29 02:28:44,804 [INFO]   💾 3008/4921  [ok=3005 skip=0 error=3]
2026-08-29 02:29:38,996 [INFO] HTTP Request: POST http://localhost:8001/v1/chat/completions "HTTP/1.1 200 OK"
2026-08-29 02:29:41,319 [INFO] HTTP Request: POST http://localhost:8001/v1/chat/completions "HTTP/1.1 200 OK"
2026-08-29 02:29:47,772 [INFO] HTTP Request: POST http://localhost:8001/v1/chat/completions "HTTP/1.1 200 OK"
2026-08-29 02:29:49,207 [INFO] HTTP Request: POST http://localhost:8001/v1/chat/completions "HTTP/1.1 200 OK"
2026-08-29 02:29:51,216 [INFO] HTTP Request: POST http://localhost:8001/v1/chat/completions "HTTP/1.1 200 OK"
2026-08-29 02:29:53,639 [INFO] HTTP Request: POST http://localhost:8001/v1/chat/completions "HTTP/1.1 200 OK"
2026-08-29 02:29:56,767 [INFO] HTTP Request: POST http://localhost:8001/v1/chat/completions "HTTP/1.1 200 OK"
2026-08-29 02:30:01,105 [INFO] HTTP Request: POST http://localhost:8001/v1/chat/completions "HTTP/1.1 200 OK"
2026-08-29 02:30:02,073 [INFO] HTTP Request: POST http://localhost:8001/v1/chat/completions "HTTP/1.1 200 OK"
2026-08-29 02:30:06,959 [INFO] HTTP Request: POST http://localhost:8001/v1/chat/completions "HTTP/1.1 200 OK"
2026-08-29 02:30:11,687 [INFO] HTTP Request: POST http://localhost:8001/v1/chat/completions "HTTP/1.1 200 OK"
2026-08-29 02:30:17,843 [INFO] HTTP Request: POST http://localhost:8001/v1/chat/completions "HTTP/1.1 200 OK"
2026-08-29 02:30:49,152 [INFO] HTTP Request: POST http://localhost:8001/v1/chat/completions "HTTP/1.1 200 OK"
2026-08-29 02:30:50,120 [INFO] HTTP Request: POST http://localhost:8001/v1/chat/completions "HTTP/1.1 200 OK"
2026-08-29 02:30:52,280 [INFO] HTTP Request: POST http://localhost:8001/v1/chat/completions "HTTP/1.1 200 OK"
2026-08-29 02:30:55,714 [INFO] HTTP Request: POST http://localhost:8001/v1/chat/completions "HTTP/1.1 200 OK"
2026-08-29 02:30:57,149 [INFO] HTTP Request: POST http://localhost:8001/v1/chat/completions "HTTP/1.1 200 OK"
2026-08-29 02:30:59,361 [INFO] HTTP Request: POST http://localhost:8001/v1/chat/completions "HTTP/1.1 200 OK"
2026-08-29 02:31:01,400 [INFO] HTTP Request: POST http://localhost:8001/v1/chat/completions "HTTP/1.1 200 OK"
2026-08-29 02:31:03,531 [INFO] HTTP Request: POST http://localhost:8001/v1/chat/completions "HTTP/1.1 200 OK"
2026-08-29 02:31:04,965 [INFO] HTTP Request: POST http://localhost:8001/v1/chat/completions "HTTP/1.1 200 OK"
2026-08-29 02:31:08,288 [INFO] HTTP Request: POST http://localhost:8001/v1/chat/completions "HTTP/1.1 200 OK"
2026-08-29 02:31:11,277 [INFO] HTTP Request: POST http://localhost:8001/v1/chat/completions "HTTP/1.1 200 OK"
2026-08-29 02:31:13,161 [INFO] HTTP Request: POST http://localhost:8001/v1/chat/completions "HTTP/1.1 200 OK"
2026-08-29 02:31:32,464 [INFO] HTTP Request: POST http://localhost:8001/v1/chat/completions "HTTP/1.1 200 OK"
2026-08-29 02:31:38,707 [INFO] HTTP Request: POST http://localhost:8001/v1/chat/completions "HTTP/1.1 200 OK"
2026-08-29 02:31:40,240 [INFO] HTTP Request: POST http://localhost:8001/v1/chat/completions "HTTP/1.1 200 OK"
2026-08-29 02:31:42,342 [INFO] HTTP Request: POST http://localhost:8001/v1/chat/completions "HTTP/1.1 200 OK"
2026-08-29 02:31:44,934 [INFO] Retrying request to /chat/completions in 0.392488 seconds
2026-08-29 02:31:44,934 [INFO] Retrying request to /chat/completions in 0.430224 seconds
2026-08-29 02:31:44,937 [INFO] Retrying request to /chat/completions in 0.376202 seconds
2026-08-29 02:31:44,965 [INFO] Retrying request to /chat/completions in 0.474243 seconds
2026-08-29 02:32:25,762 [INFO] HTTP Request: POST http://localhost:8001/v1/chat/completions "HTTP/1.1 200 OK"
2026-08-29 02:32:30,112 [INFO] HTTP Request: POST http://localhost:8001/v1/chat/completions "HTTP/1.1 200 OK"
2026-08-29 02:32:32,389 [INFO] HTTP Request: POST http://localhost:8001/v1/chat/completions "HTTP/1.1 200 OK"
2026-08-29 02:32:33,618 [INFO] HTTP Request: POST http://localhost:8001/v1/chat/completions "HTTP/1.1 200 OK"
2026-08-29 02:32:33,718 [INFO]   💾 3040/4921  [ok=3037 skip=0 error=3]
2026-08-29 02:33:33,277 [INFO] HTTP Request: POST http://localhost:8001/v1/chat/completions "HTTP/1.1 200 OK"
2026-08-29 02:33:35,801 [INFO] HTTP Request: POST http://localhost:8001/v1/chat/completions "HTTP/1.1 200 OK"
2026-08-29 02:33:37,923 [INFO] HTTP Request: POST http://localhost:8001/v1/chat/completions "HTTP/1.1 200 OK"
2026-08-29 02:33:40,953 [INFO] HTTP Request: POST http://localhost:8001/v1/chat/completions "HTTP/1.1 200 OK"
2026-08-29 02:33:41,921 [INFO] HTTP Request: POST http://localhost:8001/v1/chat/completions "HTTP/1.1 200 OK"
2026-08-29 02:33:44,278 [INFO] HTTP Request: POST http://localhost:8001/v1/chat/completions "HTTP/1.1 200 OK"
2026-08-29 02:33:45,247 [INFO] HTTP Request: POST http://localhost:8001/v1/chat/completions "HTTP/1.1 200 OK"
2026-08-29 02:33:46,586 [INFO] HTTP Request: POST http://localhost:8001/v1/chat/completions "HTTP/1.1 200 OK"
2026-08-29 02:33:47,928 [INFO] HTTP Request: POST http://localhost:8001/v1/chat/completions "HTTP/1.1 200 OK"
2026-08-29 02:33:47,929 [INFO] HTTP Request: POST http://localhost:8001/v1/chat/completions "HTTP/1.1 200 OK"
2026-08-29 02:33:55,264 [INFO] HTTP Request: POST http://localhost:8001/v1/chat/completions "HTTP/1.1 200 OK"
2026-08-29 02:33:58,849 [INFO] HTTP Request: POST http://localhost:8001/v1/chat/completions "HTTP/1.1 200 OK"
2026-08-29 02:34:34,772 [INFO] HTTP Request: POST http://localhost:8001/v1/chat/completions "HTTP/1.1 200 OK"
2026-08-29 02:34:36,392 [INFO] HTTP Request: POST http://localhost:8001/v1/chat/completions "HTTP/1.1 200 OK"
2026-08-29 02:34:41,949 [INFO] HTTP Request: POST http://localhost:8001/v1/chat/completions "HTTP/1.1 200 OK"
2026-08-29 02:34:42,472 [INFO] HTTP Request: POST http://localhost:8001/v1/chat/completions "HTTP/1.1 200 OK"
2026-08-29 02:34:46,782 [INFO] HTTP Request: POST http://localhost:8001/v1/chat/completions "HTTP/1.1 200 OK"
2026-08-29 02:34:48,217 [INFO] HTTP Request: POST http://localhost:8001/v1/chat/completions "HTTP/1.1 200 OK"
2026-08-29 02:34:50,077 [INFO] HTTP Request: POST http://localhost:8001/v1/chat/completions "HTTP/1.1 200 OK"
2026-08-29 02:34:50,078 [INFO] HTTP Request: POST http://localhost:8001/v1/chat/completions "HTTP/1.1 200 OK"
2026-08-29 02:34:53,824 [INFO] HTTP Request: POST http://localhost:8001/v1/chat/completions "HTTP/1.1 200 OK"
2026-08-29 02:34:54,527 [INFO] HTTP Request: POST http://localhost:8001/v1/chat/completions "HTTP/1.1 200 OK"
2026-08-29 02:34:57,718 [INFO] HTTP Request: POST http://localhost:8001/v1/chat/completions "HTTP/1.1 200 OK"
2026-08-29 02:34:59,505 [INFO] HTTP Request: POST http://localhost:8001/v1/chat/completions "HTTP/1.1 200 OK"
2026-08-29 02:35:25,088 [INFO] HTTP Request: POST http://localhost:8001/v1/chat/completions "HTTP/1.1 200 OK"
2026-08-29 02:35:27,298 [INFO] HTTP Request: POST http://localhost:8001/v1/chat/completions "HTTP/1.1 200 OK"
2026-08-29 02:35:27,489 [INFO] HTTP Request: POST http://localhost:8001/v1/chat/completions "HTTP/1.1 200 OK"
2026-08-29 02:35:33,410 [INFO] HTTP Request: POST http://localhost:8001/v1/chat/completions "HTTP/1.1 200 OK"
2026-08-29 02:35:33,837 [INFO] Retrying request to /chat/completions in 0.475400 seconds
2026-08-29 02:35:33,850 [INFO] Retrying request to /chat/completions in 0.389513 seconds
2026-08-29 02:35:33,870 [INFO] Retrying request to /chat/completions in 0.383498 seconds
2026-08-29 02:35:33,871 [INFO] Retrying request to /chat/completions in 0.399732 seconds
2026-08-29 02:36:17,366 [INFO] HTTP Request: POST http://localhost:8001/v1/chat/completions "HTTP/1.1 200 OK"
2026-08-29 02:36:18,755 [INFO] HTTP Request: POST http://localhost:8001/v1/chat/completions "HTTP/1.1 200 OK"
2026-08-29 02:36:18,847 [INFO] HTTP Request: POST http://localhost:8001/v1/chat/completions "HTTP/1.1 200 OK"
2026-08-29 02:36:19,696 [INFO] HTTP Request: POST http://localhost:8001/v1/chat/completions "HTTP/1.1 200 OK"
2026-08-29 02:36:19,757 [INFO]   💾 3072/4921  [ok=3069 skip=0 error=3]
2026-08-29 02:37:18,083 [INFO] HTTP Request: POST http://localhost:8001/v1/chat/completions "HTTP/1.1 200 OK"
2026-08-29 02:37:19,051 [INFO] HTTP Request: POST http://localhost:8001/v1/chat/completions "HTTP/1.1 200 OK"
2026-08-29 02:37:21,206 [INFO] HTTP Request: POST http://localhost:8001/v1/chat/completions "HTTP/1.1 200 OK"
2026-08-29 02:37:21,729 [INFO] HTTP Request: POST http://localhost:8001/v1/chat/completions "HTTP/1.1 200 OK"
2026-08-29 02:37:24,940 [INFO] HTTP Request: POST http://localhost:8001/v1/chat/completions "HTTP/1.1 200 OK"
2026-08-29 02:37:26,376 [INFO] HTTP Request: POST http://localhost:8001/v1/chat/completions "HTTP/1.1 200 OK"
2026-08-29 02:37:28,689 [INFO] HTTP Request: POST http://localhost:8001/v1/chat/completions "HTTP/1.1 200 OK"
2026-08-29 02:37:32,326 [INFO] HTTP Request: POST http://localhost:8001/v1/chat/completions "HTTP/1.1 200 OK"
2026-08-29 02:37:33,759 [INFO] HTTP Request: POST http://localhost:8001/v1/chat/completions "HTTP/1.1 200 OK"
2026-08-29 02:37:35,721 [INFO] HTTP Request: POST http://localhost:8001/v1/chat/completions "HTTP/1.1 200 OK"
2026-08-29 02:37:38,406 [INFO] HTTP Request: POST http://localhost:8001/v1/chat/completions "HTTP/1.1 200 OK"
2026-08-29 02:37:43,136 [INFO] HTTP Request: POST http://localhost:8001/v1/chat/completions "HTTP/1.1 200 OK"
2026-08-29 02:38:18,752 [INFO] HTTP Request: POST http://localhost:8001/v1/chat/completions "HTTP/1.1 200 OK"
2026-08-29 02:38:20,882 [INFO] HTTP Request: POST http://localhost:8001/v1/chat/completions "HTTP/1.1 200 OK"
2026-08-29 02:38:22,319 [INFO] HTTP Request: POST http://localhost:8001/v1/chat/completions "HTTP/1.1 200 OK"
2026-08-29 02:38:25,844 [INFO] HTTP Request: POST http://localhost:8001/v1/chat/completions "HTTP/1.1 200 OK"
2026-08-29 02:38:27,969 [INFO] HTTP Request: POST http://localhost:8001/v1/chat/completions "HTTP/1.1 200 OK"
2026-08-29 02:38:29,582 [INFO] HTTP Request: POST http://localhost:8001/v1/chat/completions "HTTP/1.1 200 OK"
2026-08-29 02:38:30,551 [INFO] HTTP Request: POST http://localhost:8001/v1/chat/completions "HTTP/1.1 200 OK"
2026-08-29 02:38:34,036 [INFO] HTTP Request: POST http://localhost:8001/v1/chat/completions "HTTP/1.1 200 OK"
2026-08-29 02:38:36,701 [INFO] HTTP Request: POST http://localhost:8001/v1/chat/completions "HTTP/1.1 200 OK"
2026-08-29 02:38:39,503 [INFO] HTTP Request: POST http://localhost:8001/v1/chat/completions "HTTP/1.1 200 OK"
2026-08-29 02:38:39,603 [INFO] HTTP Request: POST http://localhost:8001/v1/chat/completions "HTTP/1.1 200 OK"
2026-08-29 02:38:44,865 [INFO] HTTP Request: POST http://localhost:8001/v1/chat/completions "HTTP/1.1 200 OK"
2026-08-29 02:39:04,647 [INFO] HTTP Request: POST http://localhost:8001/v1/chat/completions "HTTP/1.1 200 OK"
2026-08-29 02:39:09,545 [INFO] HTTP Request: POST http://localhost:8001/v1/chat/completions "HTTP/1.1 200 OK"
2026-08-29 02:39:09,642 [INFO] HTTP Request: POST http://localhost:8001/v1/chat/completions "HTTP/1.1 200 OK"
2026-08-29 02:39:10,310 [INFO] HTTP Request: POST http://localhost:8001/v1/chat/completions "HTTP/1.1 200 OK"
2026-08-29 02:39:10,684 [INFO] HTTP Request: POST http://localhost:8001/v1/chat/completions "HTTP/1.1 200 OK"
2026-08-29 02:39:13,090 [INFO] HTTP Request: POST http://localhost:8001/v1/chat/completions "HTTP/1.1 200 OK"
2026-08-29 02:39:14,821 [INFO] HTTP Request: POST http://localhost:8001/v1/chat/completions "HTTP/1.1 200 OK"
2026-08-29 02:39:16,241 [INFO] HTTP Request: POST http://localhost:8001/v1/chat/completions "HTTP/1.1 200 OK"
2026-08-29 02:39:16,326 [INFO]   💾 3104/4921  [ok=3101 skip=0 error=3]
2026-08-29 02:40:17,150 [INFO] HTTP Request: POST http://localhost:8001/v1/chat/completions "HTTP/1.1 200 OK"
2026-08-29 02:40:19,806 [INFO] HTTP Request: POST http://localhost:8001/v1/chat/completions "HTTP/1.1 200 OK"
2026-08-29 02:40:19,906 [INFO] HTTP Request: POST http://localhost:8001/v1/chat/completions "HTTP/1.1 200 OK"
2026-08-29 02:40:20,329 [INFO] HTTP Request: POST http://localhost:8001/v1/chat/completions "HTTP/1.1 200 OK"
2026-08-29 02:40:21,662 [INFO] HTTP Request: POST http://localhost:8001/v1/chat/completions "HTTP/1.1 200 OK"
2026-08-29 02:40:22,992 [INFO] HTTP Request: POST http://localhost:8001/v1/chat/completions "HTTP/1.1 200 OK"
2026-08-29 02:40:24,319 [INFO] HTTP Request: POST http://localhost:8001/v1/chat/completions "HTTP/1.1 200 OK"
2026-08-29 02:40:25,194 [INFO] HTTP Request: POST http://localhost:8001/v1/chat/completions "HTTP/1.1 200 OK"
2026-08-29 02:40:28,304 [INFO] HTTP Request: POST http://localhost:8001/v1/chat/completions "HTTP/1.1 200 OK"
2026-08-29 02:40:33,708 [INFO] HTTP Request: POST http://localhost:8001/v1/chat/completions "HTTP/1.1 200 OK"
2026-08-29 02:40:33,708 [INFO] HTTP Request: POST http://localhost:8001/v1/chat/completions "HTTP/1.1 200 OK"
2026-08-29 02:40:40,427 [INFO] HTTP Request: POST http://localhost:8001/v1/chat/completions "HTTP/1.1 200 OK"
2026-08-29 02:41:18,387 [INFO] HTTP Request: POST http://localhost:8001/v1/chat/completions "HTTP/1.1 200 OK"
2026-08-29 02:41:19,356 [INFO] HTTP Request: POST http://localhost:8001/v1/chat/completions "HTTP/1.1 200 OK"
2026-08-29 02:41:22,830 [INFO] HTTP Request: POST http://localhost:8001/v1/chat/completions "HTTP/1.1 200 OK"
2026-08-29 02:41:25,297 [INFO] HTTP Request: POST http://localhost:8001/v1/chat/completions "HTTP/1.1 200 OK"
2026-08-29 02:41:27,567 [INFO] HTTP Request: POST http://localhost:8001/v1/chat/completions "HTTP/1.1 200 OK"
2026-08-29 02:41:29,431 [INFO] HTTP Request: POST http://localhost:8001/v1/chat/completions "HTTP/1.1 200 OK"
2026-08-29 02:41:31,394 [INFO] HTTP Request: POST http://localhost:8001/v1/chat/completions "HTTP/1.1 200 OK"
2026-08-29 02:41:32,367 [INFO] HTTP Request: POST http://localhost:8001/v1/chat/completions "HTTP/1.1 200 OK"
2026-08-29 02:41:34,265 [INFO] HTTP Request: POST http://localhost:8001/v1/chat/completions "HTTP/1.1 200 OK"
2026-08-29 02:41:34,966 [INFO] HTTP Request: POST http://localhost:8001/v1/chat/completions "HTTP/1.1 200 OK"
2026-08-29 02:41:36,161 [INFO] HTTP Request: POST http://localhost:8001/v1/chat/completions "HTTP/1.1 200 OK"
2026-08-29 02:41:37,348 [INFO] HTTP Request: POST http://localhost:8001/v1/chat/completions "HTTP/1.1 200 OK"
2026-08-29 02:42:03,740 [INFO] HTTP Request: POST http://localhost:8001/v1/chat/completions "HTTP/1.1 200 OK"
2026-08-29 02:42:10,549 [INFO] HTTP Request: POST http://localhost:8001/v1/chat/completions "HTTP/1.1 200 OK"
2026-08-29 02:42:13,991 [INFO] HTTP Request: POST http://localhost:8001/v1/chat/completions "HTTP/1.1 200 OK"
2026-08-29 02:42:14,468 [INFO] HTTP Request: POST http://localhost:8001/v1/chat/completions "HTTP/1.1 200 OK"
2026-08-29 02:42:15,767 [INFO] HTTP Request: POST http://localhost:8001/v1/chat/completions "HTTP/1.1 200 OK"
2026-08-29 02:42:15,768 [INFO] HTTP Request: POST http://localhost:8001/v1/chat/completions "HTTP/1.1 200 OK"
2026-08-29 02:42:15,859 [INFO] HTTP Request: POST http://localhost:8001/v1/chat/completions "HTTP/1.1 200 OK"
2026-08-29 02:42:16,472 [INFO] Retrying request to /chat/completions in 0.462904 seconds
2026-08-29 02:43:03,933 [INFO] HTTP Request: POST http://localhost:8001/v1/chat/completions "HTTP/1.1 200 OK"
2026-08-29 02:43:03,995 [INFO]   💾 3136/4921  [ok=3133 skip=0 error=3]
2026-08-29 02:43:59,925 [INFO] HTTP Request: POST http://localhost:8001/v1/chat/completions "HTTP/1.1 200 OK"
2026-08-29 02:44:06,209 [INFO] HTTP Request: POST http://localhost:8001/v1/chat/completions "HTTP/1.1 200 OK"
2026-08-29 02:44:08,960 [INFO] HTTP Request: POST http://localhost:8001/v1/chat/completions "HTTP/1.1 200 OK"
2026-08-29 02:44:09,061 [INFO] HTTP Request: POST http://localhost:8001/v1/chat/completions "HTTP/1.1 200 OK"
2026-08-29 02:44:11,993 [INFO] HTTP Request: POST http://localhost:8001/v1/chat/completions "HTTP/1.1 200 OK"
2026-08-29 02:44:12,091 [INFO] HTTP Request: POST http://localhost:8001/v1/chat/completions "HTTP/1.1 200 OK"
2026-08-29 02:44:12,955 [INFO] HTTP Request: POST http://localhost:8001/v1/chat/completions "HTTP/1.1 200 OK"
2026-08-29 02:44:13,848 [INFO] HTTP Request: POST http://localhost:8001/v1/chat/completions "HTTP/1.1 200 OK"
2026-08-29 02:44:21,942 [INFO] HTTP Request: POST http://localhost:8001/v1/chat/completions "HTTP/1.1 200 OK"
2026-08-29 02:44:23,588 [INFO] HTTP Request: POST http://localhost:8001/v1/chat/completions "HTTP/1.1 200 OK"
2026-08-29 02:44:23,686 [INFO] HTTP Request: POST http://localhost:8001/v1/chat/completions "HTTP/1.1 200 OK"
2026-08-29 02:44:28,133 [INFO] HTTP Request: POST http://localhost:8001/v1/chat/completions "HTTP/1.1 200 OK"
2026-08-29 02:45:01,807 [INFO] HTTP Request: POST http://localhost:8001/v1/chat/completions "HTTP/1.1 200 OK"
2026-08-29 02:45:06,085 [INFO] HTTP Request: POST http://localhost:8001/v1/chat/completions "HTTP/1.1 200 OK"
2026-08-29 02:45:09,042 [INFO] HTTP Request: POST http://localhost:8001/v1/chat/completions "HTTP/1.1 200 OK"
2026-08-29 02:45:11,779 [INFO] HTTP Request: POST http://localhost:8001/v1/chat/completions "HTTP/1.1 200 OK"
2026-08-29 02:45:11,879 [INFO] HTTP Request: POST http://localhost:8001/v1/chat/completions "HTTP/1.1 200 OK"
2026-08-29 02:45:15,205 [INFO] HTTP Request: POST http://localhost:8001/v1/chat/completions "HTTP/1.1 200 OK"
2026-08-29 02:45:18,164 [INFO] HTTP Request: POST http://localhost:8001/v1/chat/completions "HTTP/1.1 200 OK"
2026-08-29 02:45:18,687 [INFO] HTTP Request: POST http://localhost:8001/v1/chat/completions "HTTP/1.1 200 OK"
2026-08-29 02:45:20,929 [INFO] HTTP Request: POST http://localhost:8001/v1/chat/completions "HTTP/1.1 200 OK"
2026-08-29 02:45:25,228 [INFO] HTTP Request: POST http://localhost:8001/v1/chat/completions "HTTP/1.1 200 OK"
2026-08-29 02:45:28,418 [INFO] HTTP Request: POST http://localhost:8001/v1/chat/completions "HTTP/1.1 200 OK"
2026-08-29 02:45:39,953 [INFO] HTTP Request: POST http://localhost:8001/v1/chat/completions "HTTP/1.1 200 OK"
2026-08-29 02:45:54,824 [INFO] HTTP Request: POST http://localhost:8001/v1/chat/completions "HTTP/1.1 200 OK"
2026-08-29 02:45:57,132 [INFO] HTTP Request: POST http://localhost:8001/v1/chat/completions "HTTP/1.1 200 OK"
2026-08-29 02:45:57,899 [INFO] HTTP Request: POST http://localhost:8001/v1/chat/completions "HTTP/1.1 200 OK"
2026-08-29 02:45:59,523 [INFO] HTTP Request: POST http://localhost:8001/v1/chat/completions "HTTP/1.1 200 OK"
2026-08-29 02:46:02,683 [INFO] HTTP Request: POST http://localhost:8001/v1/chat/completions "HTTP/1.1 200 OK"
2026-08-29 02:46:04,123 [INFO] Retrying request to /chat/completions in 0.439873 seconds
2026-08-29 02:46:04,126 [INFO] Retrying request to /chat/completions in 0.457611 seconds
2026-08-29 02:46:04,146 [INFO] Retrying request to /chat/completions in 0.414813 seconds
2026-08-29 02:46:49,967 [INFO] HTTP Request: POST http://localhost:8001/v1/chat/completions "HTTP/1.1 200 OK"
2026-08-29 02:46:51,970 [INFO] HTTP Request: POST http://localhost:8001/v1/chat/completions "HTTP/1.1 200 OK"
2026-08-29 02:46:54,148 [INFO] HTTP Request: POST http://localhost:8001/v1/chat/completions "HTTP/1.1 200 OK"
2026-08-29 02:46:54,237 [INFO]   💾 3168/4921  [ok=3165 skip=0 error=3]
2026-08-29 02:47:53,021 [INFO] HTTP Request: POST http://localhost:8001/v1/chat/completions "HTTP/1.1 200 OK"
2026-08-29 02:47:57,183 [INFO] HTTP Request: POST http://localhost:8001/v1/chat/completions "HTTP/1.1 200 OK"
2026-08-29 02:47:58,924 [INFO] HTTP Request: POST http://localhost:8001/v1/chat/completions "HTTP/1.1 200 OK"
2026-08-29 02:47:59,448 [INFO] HTTP Request: POST http://localhost:8001/v1/chat/completions "HTTP/1.1 200 OK"
2026-08-29 02:47:59,894 [INFO] HTTP Request: POST http://localhost:8001/v1/chat/completions "HTTP/1.1 200 OK"
2026-08-29 02:48:03,018 [INFO] HTTP Request: POST http://localhost:8001/v1/chat/completions "HTTP/1.1 200 OK"
2026-08-29 02:48:04,909 [INFO] HTTP Request: POST http://localhost:8001/v1/chat/completions "HTTP/1.1 200 OK"
2026-08-29 02:48:07,151 [INFO] HTTP Request: POST http://localhost:8001/v1/chat/completions "HTTP/1.1 200 OK"
2026-08-29 02:48:10,995 [INFO] HTTP Request: POST http://localhost:8001/v1/chat/completions "HTTP/1.1 200 OK"
2026-08-29 02:48:12,733 [INFO] HTTP Request: POST http://localhost:8001/v1/chat/completions "HTTP/1.1 200 OK"
2026-08-29 02:48:13,702 [INFO] HTTP Request: POST http://localhost:8001/v1/chat/completions "HTTP/1.1 200 OK"
2026-08-29 02:48:17,289 [INFO] HTTP Request: POST http://localhost:8001/v1/chat/completions "HTTP/1.1 200 OK"
2026-08-29 02:48:56,083 [INFO] HTTP Request: POST http://localhost:8001/v1/chat/completions "HTTP/1.1 200 OK"
2026-08-29 02:48:57,519 [INFO] HTTP Request: POST http://localhost:8001/v1/chat/completions "HTTP/1.1 200 OK"
2026-08-29 02:49:01,179 [INFO] HTTP Request: POST http://localhost:8001/v1/chat/completions "HTTP/1.1 200 OK"
2026-08-29 02:49:03,324 [INFO] HTTP Request: POST http://localhost:8001/v1/chat/completions "HTTP/1.1 200 OK"
2026-08-29 02:49:03,846 [INFO] HTTP Request: POST http://localhost:8001/v1/chat/completions "HTTP/1.1 200 OK"
2026-08-29 02:49:06,360 [INFO] HTTP Request: POST http://localhost:8001/v1/chat/completions "HTTP/1.1 200 OK"
2026-08-29 02:49:08,503 [INFO] HTTP Request: POST http://localhost:8001/v1/chat/completions "HTTP/1.1 200 OK"
2026-08-29 02:49:09,472 [INFO] HTTP Request: POST http://localhost:8001/v1/chat/completions "HTTP/1.1 200 OK"
2026-08-29 02:49:11,770 [INFO] HTTP Request: POST http://localhost:8001/v1/chat/completions "HTTP/1.1 200 OK"
2026-08-29 02:49:11,870 [INFO] HTTP Request: POST http://localhost:8001/v1/chat/completions "HTTP/1.1 200 OK"
2026-08-29 02:49:15,955 [INFO] HTTP Request: POST http://localhost:8001/v1/chat/completions "HTTP/1.1 200 OK"
2026-08-29 02:49:20,619 [INFO] HTTP Request: POST http://localhost:8001/v1/chat/completions "HTTP/1.1 200 OK"
2026-08-29 02:49:40,697 [INFO] HTTP Request: POST http://localhost:8001/v1/chat/completions "HTTP/1.1 200 OK"
2026-08-29 02:49:48,286 [INFO] HTTP Request: POST http://localhost:8001/v1/chat/completions "HTTP/1.1 200 OK"
2026-08-29 02:49:51,255 [INFO] HTTP Request: POST http://localhost:8001/v1/chat/completions "HTTP/1.1 200 OK"
2026-08-29 02:49:51,256 [INFO] HTTP Request: POST http://localhost:8001/v1/chat/completions "HTTP/1.1 200 OK"
2026-08-29 02:49:53,673 [INFO] HTTP Request: POST http://localhost:8001/v1/chat/completions "HTTP/1.1 200 OK"
2026-08-29 02:49:54,321 [INFO] HTTP Request: POST http://localhost:8001/v1/chat/completions "HTTP/1.1 200 OK"
2026-08-29 02:49:54,341 [INFO] Retrying request to /chat/completions in 0.484466 seconds
2026-08-29 02:49:54,366 [INFO] Retrying request to /chat/completions in 0.495898 seconds
2026-08-29 02:50:40,674 [INFO] HTTP Request: POST http://localhost:8001/v1/chat/completions "HTTP/1.1 200 OK"
2026-08-29 02:50:41,903 [INFO] HTTP Request: POST http://localhost:8001/v1/chat/completions "HTTP/1.1 200 OK"
2026-08-29 02:50:41,977 [INFO]   💾 3200/4921  [ok=3197 skip=0 error=3]
2026-08-29 02:51:44,709 [INFO] HTTP Request: POST http://localhost:8001/v1/chat/completions "HTTP/1.1 200 OK"
2026-08-29 02:51:45,677 [INFO] HTTP Request: POST http://localhost:8001/v1/chat/completions "HTTP/1.1 200 OK"
2026-08-29 02:51:48,662 [INFO] HTTP Request: POST http://localhost:8001/v1/chat/completions "HTTP/1.1 200 OK"
2026-08-29 02:51:50,607 [INFO] HTTP Request: POST http://localhost:8001/v1/chat/completions "HTTP/1.1 200 OK"
2026-08-29 02:51:52,457 [INFO] HTTP Request: POST http://localhost:8001/v1/chat/completions "HTTP/1.1 200 OK"
2026-08-29 02:51:52,980 [INFO] HTTP Request: POST http://localhost:8001/v1/chat/completions "HTTP/1.1 200 OK"
2026-08-29 02:51:53,889 [INFO] HTTP Request: POST http://localhost:8001/v1/chat/completions "HTTP/1.1 200 OK"
2026-08-29 02:51:53,890 [INFO] HTTP Request: POST http://localhost:8001/v1/chat/completions "HTTP/1.1 200 OK"
2026-08-29 02:51:58,386 [INFO] HTTP Request: POST http://localhost:8001/v1/chat/completions "HTTP/1.1 200 OK"
2026-08-29 02:52:02,657 [INFO] HTTP Request: POST http://localhost:8001/v1/chat/completions "HTTP/1.1 200 OK"
2026-08-29 02:52:04,598 [INFO] HTTP Request: POST http://localhost:8001/v1/chat/completions "HTTP/1.1 200 OK"
2026-08-29 02:52:06,469 [INFO] HTTP Request: POST http://localhost:8001/v1/chat/completions "HTTP/1.1 200 OK"
2026-08-29 02:52:46,351 [INFO] HTTP Request: POST http://localhost:8001/v1/chat/completions "HTTP/1.1 200 OK"
2026-08-29 02:52:49,607 [INFO] HTTP Request: POST http://localhost:8001/v1/chat/completions "HTTP/1.1 200 OK"
2026-08-29 02:52:52,461 [INFO] HTTP Request: POST http://localhost:8001/v1/chat/completions "HTTP/1.1 200 OK"
2026-08-29 02:52:53,897 [INFO] HTTP Request: POST http://localhost:8001/v1/chat/completions "HTTP/1.1 200 OK"
2026-08-29 02:52:56,752 [INFO] HTTP Request: POST http://localhost:8001/v1/chat/completions "HTTP/1.1 200 OK"
2026-08-29 02:53:00,512 [INFO] HTTP Request: POST http://localhost:8001/v1/chat/completions "HTTP/1.1 200 OK"
2026-08-29 02:53:02,867 [INFO] HTTP Request: POST http://localhost:8001/v1/chat/completions "HTTP/1.1 200 OK"
2026-08-29 02:53:03,836 [INFO] HTTP Request: POST http://localhost:8001/v1/chat/completions "HTTP/1.1 200 OK"
2026-08-29 02:53:06,151 [INFO] HTTP Request: POST http://localhost:8001/v1/chat/completions "HTTP/1.1 200 OK"
2026-08-29 02:53:06,852 [INFO] HTTP Request: POST http://localhost:8001/v1/chat/completions "HTTP/1.1 200 OK"
2026-08-29 02:53:07,252 [INFO] HTTP Request: POST http://localhost:8001/v1/chat/completions "HTTP/1.1 200 OK"
2026-08-29 02:53:07,451 [INFO] HTTP Request: POST http://localhost:8001/v1/chat/completions "HTTP/1.1 200 OK"
2026-08-29 02:53:36,407 [INFO] HTTP Request: POST http://localhost:8001/v1/chat/completions "HTTP/1.1 200 OK"
2026-08-29 02:53:39,385 [INFO] HTTP Request: POST http://localhost:8001/v1/chat/completions "HTTP/1.1 200 OK"
2026-08-29 02:53:39,961 [INFO] HTTP Request: POST http://localhost:8001/v1/chat/completions "HTTP/1.1 200 OK"
2026-08-29 02:53:40,916 [INFO] HTTP Request: POST http://localhost:8001/v1/chat/completions "HTTP/1.1 200 OK"
2026-08-29 02:53:42,103 [INFO] Retrying request to /chat/completions in 0.479705 seconds
2026-08-29 02:53:42,128 [INFO] Retrying request to /chat/completions in 0.415549 seconds
2026-08-29 02:53:42,130 [INFO] Retrying request to /chat/completions in 0.381965 seconds
2026-08-29 02:53:42,130 [INFO] Retrying request to /chat/completions in 0.434993 seconds
2026-08-29 02:54:20,740 [INFO] HTTP Request: POST http://localhost:8001/v1/chat/completions "HTTP/1.1 200 OK"
2026-08-29 02:54:26,479 [INFO] HTTP Request: POST http://localhost:8001/v1/chat/completions "HTTP/1.1 200 OK"
2026-08-29 02:54:29,585 [INFO] HTTP Request: POST http://localhost:8001/v1/chat/completions "HTTP/1.1 200 OK"
2026-08-29 02:54:32,797 [INFO] HTTP Request: POST http://localhost:8001/v1/chat/completions "HTTP/1.1 200 OK"
2026-08-29 02:54:32,876 [INFO]   💾 3232/4921  [ok=3229 skip=0 error=3]
2026-08-29 02:55:30,415 [INFO] HTTP Request: POST http://localhost:8001/v1/chat/completions "HTTP/1.1 200 OK"
2026-08-29 02:55:32,062 [INFO] HTTP Request: POST http://localhost:8001/v1/chat/completions "HTTP/1.1 200 OK"
2026-08-29 02:55:32,584 [INFO] HTTP Request: POST http://localhost:8001/v1/chat/completions "HTTP/1.1 200 OK"
2026-08-29 02:55:36,209 [INFO] HTTP Request: POST http://localhost:8001/v1/chat/completions "HTTP/1.1 200 OK"
2026-08-29 02:55:39,563 [INFO] HTTP Request: POST http://localhost:8001/v1/chat/completions "HTTP/1.1 200 OK"
2026-08-29 02:55:41,303 [INFO] HTTP Request: POST http://localhost:8001/v1/chat/completions "HTTP/1.1 200 OK"
2026-08-29 02:55:44,154 [INFO] HTTP Request: POST http://localhost:8001/v1/chat/completions "HTTP/1.1 200 OK"
2026-08-29 02:55:47,106 [INFO] HTTP Request: POST http://localhost:8001/v1/chat/completions "HTTP/1.1 200 OK"
2026-08-29 02:55:47,628 [INFO] HTTP Request: POST http://localhost:8001/v1/chat/completions "HTTP/1.1 200 OK"
2026-08-29 02:55:51,049 [INFO] HTTP Request: POST http://localhost:8001/v1/chat/completions "HTTP/1.1 200 OK"
2026-08-29 02:55:52,016 [INFO] HTTP Request: POST http://localhost:8001/v1/chat/completions "HTTP/1.1 200 OK"
2026-08-29 02:55:54,263 [INFO] HTTP Request: POST http://localhost:8001/v1/chat/completions "HTTP/1.1 200 OK"
2026-08-29 02:56:31,293 [INFO] HTTP Request: POST http://localhost:8001/v1/chat/completions "HTTP/1.1 200 OK"
2026-08-29 02:56:33,540 [INFO] HTTP Request: POST http://localhost:8001/v1/chat/completions "HTTP/1.1 200 OK"
2026-08-29 02:56:35,183 [INFO] HTTP Request: POST http://localhost:8001/v1/chat/completions "HTTP/1.1 200 OK"
2026-08-29 02:56:37,331 [INFO] HTTP Request: POST http://localhost:8001/v1/chat/completions "HTTP/1.1 200 OK"
2026-08-29 02:56:37,853 [INFO] HTTP Request: POST http://localhost:8001/v1/chat/completions "HTTP/1.1 200 OK"
2026-08-29 02:56:40,668 [INFO] HTTP Request: POST http://localhost:8001/v1/chat/completions "HTTP/1.1 200 OK"
2026-08-29 02:56:44,745 [INFO] HTTP Request: POST http://localhost:8001/v1/chat/completions "HTTP/1.1 200 OK"
2026-08-29 02:56:47,696 [INFO] HTTP Request: POST http://localhost:8001/v1/chat/completions "HTTP/1.1 200 OK"
2026-08-29 02:56:50,159 [INFO] HTTP Request: POST http://localhost:8001/v1/chat/completions "HTTP/1.1 200 OK"
2026-08-29 02:56:53,563 [INFO] HTTP Request: POST http://localhost:8001/v1/chat/completions "HTTP/1.1 200 OK"
2026-08-29 02:56:53,663 [INFO] HTTP Request: POST http://localhost:8001/v1/chat/completions "HTTP/1.1 200 OK"
2026-08-29 02:56:58,827 [INFO] HTTP Request: POST http://localhost:8001/v1/chat/completions "HTTP/1.1 200 OK"
2026-08-29 02:57:19,676 [INFO] HTTP Request: POST http://localhost:8001/v1/chat/completions "HTTP/1.1 200 OK"
2026-08-29 02:57:21,694 [INFO] HTTP Request: POST http://localhost:8001/v1/chat/completions "HTTP/1.1 200 OK"
2026-08-29 02:57:23,419 [INFO] HTTP Request: POST http://localhost:8001/v1/chat/completions "HTTP/1.1 200 OK"
2026-08-29 02:57:23,898 [INFO] HTTP Request: POST http://localhost:8001/v1/chat/completions "HTTP/1.1 200 OK"
2026-08-29 02:57:29,563 [INFO] HTTP Request: POST http://localhost:8001/v1/chat/completions "HTTP/1.1 200 OK"
2026-08-29 02:57:30,211 [INFO] HTTP Request: POST http://localhost:8001/v1/chat/completions "HTTP/1.1 200 OK"
2026-08-29 02:57:31,487 [INFO] HTTP Request: POST http://localhost:8001/v1/chat/completions "HTTP/1.1 200 OK"
2026-08-29 02:57:32,969 [INFO] Retrying request to /chat/completions in 0.493995 seconds
2026-08-29 02:58:25,867 [INFO] HTTP Request: POST http://localhost:8001/v1/chat/completions "HTTP/1.1 200 OK"
2026-08-29 02:58:25,955 [INFO]   💾 3264/4921  [ok=3261 skip=0 error=3]
2026-08-29 02:59:22,809 [INFO] HTTP Request: POST http://localhost:8001/v1/chat/completions "HTTP/1.1 200 OK"
2026-08-29 02:59:24,458 [INFO] HTTP Request: POST http://localhost:8001/v1/chat/completions "HTTP/1.1 200 OK"
2026-08-29 02:59:27,315 [INFO] HTTP Request: POST http://localhost:8001/v1/chat/completions "HTTP/1.1 200 OK"
2026-08-29 02:59:31,379 [INFO] HTTP Request: POST http://localhost:8001/v1/chat/completions "HTTP/1.1 200 OK"
2026-08-29 02:59:31,479 [INFO] HTTP Request: POST http://localhost:8001/v1/chat/completions "HTTP/1.1 200 OK"
2026-08-29 02:59:35,541 [INFO] HTTP Request: POST http://localhost:8001/v1/chat/completions "HTTP/1.1 200 OK"
2026-08-29 02:59:37,995 [INFO] HTTP Request: POST http://localhost:8001/v1/chat/completions "HTTP/1.1 200 OK"
2026-08-29 02:59:39,743 [INFO] HTTP Request: POST http://localhost:8001/v1/chat/completions "HTTP/1.1 200 OK"
2026-08-29 02:59:41,178 [INFO] HTTP Request: POST http://localhost:8001/v1/chat/completions "HTTP/1.1 200 OK"
2026-08-29 02:59:41,392 [INFO] HTTP Request: POST http://localhost:8001/v1/chat/completions "HTTP/1.1 200 OK"
2026-08-29 02:59:43,150 [INFO] HTTP Request: POST http://localhost:8001/v1/chat/completions "HTTP/1.1 200 OK"
2026-08-29 02:59:51,324 [INFO] HTTP Request: POST http://localhost:8001/v1/chat/completions "HTTP/1.1 200 OK"
2026-08-29 03:00:24,739 [INFO] HTTP Request: POST http://localhost:8001/v1/chat/completions "HTTP/1.1 200 OK"
2026-08-29 03:00:27,800 [INFO] HTTP Request: POST http://localhost:8001/v1/chat/completions "HTTP/1.1 200 OK"
2026-08-29 03:00:29,844 [INFO] HTTP Request: POST http://localhost:8001/v1/chat/completions "HTTP/1.1 200 OK"
2026-08-29 03:00:33,411 [INFO] HTTP Request: POST http://localhost:8001/v1/chat/completions "HTTP/1.1 200 OK"
2026-08-29 03:00:36,580 [INFO] HTTP Request: POST http://localhost:8001/v1/chat/completions "HTTP/1.1 200 OK"
2026-08-29 03:00:38,731 [INFO] HTTP Request: POST http://localhost:8001/v1/chat/completions "HTTP/1.1 200 OK"
2026-08-29 03:00:38,831 [INFO] HTTP Request: POST http://localhost:8001/v1/chat/completions "HTTP/1.1 200 OK"
2026-08-29 03:00:41,787 [INFO] HTTP Request: POST http://localhost:8001/v1/chat/completions "HTTP/1.1 200 OK"
2026-08-29 03:00:46,768 [INFO] HTTP Request: POST http://localhost:8001/v1/chat/completions "HTTP/1.1 200 OK"
2026-08-29 03:00:48,371 [INFO] HTTP Request: POST http://localhost:8001/v1/chat/completions "HTTP/1.1 200 OK"
2026-08-29 03:00:50,864 [INFO] HTTP Request: POST http://localhost:8001/v1/chat/completions "HTTP/1.1 200 OK"
2026-08-29 03:00:52,355 [INFO] HTTP Request: POST http://localhost:8001/v1/chat/completions "HTTP/1.1 200 OK"
2026-08-29 03:01:16,005 [INFO] HTTP Request: POST http://localhost:8001/v1/chat/completions "HTTP/1.1 200 OK"
2026-08-29 03:01:18,215 [INFO] HTTP Request: POST http://localhost:8001/v1/chat/completions "HTTP/1.1 200 OK"
2026-08-29 03:01:20,994 [INFO] HTTP Request: POST http://localhost:8001/v1/chat/completions "HTTP/1.1 200 OK"
2026-08-29 03:01:21,472 [INFO] HTTP Request: POST http://localhost:8001/v1/chat/completions "HTTP/1.1 200 OK"
2026-08-29 03:01:23,332 [INFO] HTTP Request: POST http://localhost:8001/v1/chat/completions "HTTP/1.1 200 OK"
2026-08-29 03:01:23,425 [INFO] HTTP Request: POST http://localhost:8001/v1/chat/completions "HTTP/1.1 200 OK"
2026-08-29 03:01:26,122 [INFO] Retrying request to /chat/completions in 0.482815 seconds
2026-08-29 03:01:26,129 [INFO] Retrying request to /chat/completions in 0.417499 seconds
2026-08-29 03:02:10,380 [INFO] HTTP Request: POST http://localhost:8001/v1/chat/completions "HTTP/1.1 200 OK"
2026-08-29 03:02:14,633 [INFO] HTTP Request: POST http://localhost:8001/v1/chat/completions "HTTP/1.1 200 OK"
2026-08-29 03:02:14,726 [INFO]   💾 3296/4921  [ok=3293 skip=0 error=3]
2026-08-29 03:03:09,457 [INFO] HTTP Request: POST http://localhost:8001/v1/chat/completions "HTTP/1.1 200 OK"
2026-08-29 03:03:16,255 [INFO] HTTP Request: POST http://localhost:8001/v1/chat/completions "HTTP/1.1 200 OK"
2026-08-29 03:03:19,825 [INFO] HTTP Request: POST http://localhost:8001/v1/chat/completions "HTTP/1.1 200 OK"
2026-08-29 03:03:21,573 [INFO] HTTP Request: POST http://localhost:8001/v1/chat/completions "HTTP/1.1 200 OK"
2026-08-29 03:03:22,543 [INFO] HTTP Request: POST http://localhost:8001/v1/chat/completions "HTTP/1.1 200 OK"
2026-08-29 03:03:23,011 [INFO] HTTP Request: POST http://localhost:8001/v1/chat/completions "HTTP/1.1 200 OK"
2026-08-29 03:03:26,238 [INFO] HTTP Request: POST http://localhost:8001/v1/chat/completions "HTTP/1.1 200 OK"
2026-08-29 03:03:28,895 [INFO] HTTP Request: POST http://localhost:8001/v1/chat/completions "HTTP/1.1 200 OK"
2026-08-29 03:03:31,753 [INFO] HTTP Request: POST http://localhost:8001/v1/chat/completions "HTTP/1.1 200 OK"
2026-08-29 03:03:33,611 [INFO] HTTP Request: POST http://localhost:8001/v1/chat/completions "HTTP/1.1 200 OK"
2026-08-29 03:03:36,471 [INFO] HTTP Request: POST http://localhost:8001/v1/chat/completions "HTTP/1.1 200 OK"
2026-08-29 03:03:45,681 [INFO] HTTP Request: POST http://localhost:8001/v1/chat/completions "HTTP/1.1 200 OK"
2026-08-29 03:04:14,654 [INFO] HTTP Request: POST http://localhost:8001/v1/chat/completions "HTTP/1.1 200 OK"
2026-08-29 03:04:17,311 [INFO] HTTP Request: POST http://localhost:8001/v1/chat/completions "HTTP/1.1 200 OK"
2026-08-29 03:04:20,072 [INFO] HTTP Request: POST http://localhost:8001/v1/chat/completions "HTTP/1.1 200 OK"
2026-08-29 03:04:20,073 [INFO] HTTP Request: POST http://localhost:8001/v1/chat/completions "HTTP/1.1 200 OK"
2026-08-29 03:04:21,496 [INFO] HTTP Request: POST http://localhost:8001/v1/chat/completions "HTTP/1.1 200 OK"
2026-08-29 03:04:25,648 [INFO] HTTP Request: POST http://localhost:8001/v1/chat/completions "HTTP/1.1 200 OK"
2026-08-29 03:04:25,747 [INFO] HTTP Request: POST http://localhost:8001/v1/chat/completions "HTTP/1.1 200 OK"
2026-08-29 03:04:32,032 [INFO] HTTP Request: POST http://localhost:8001/v1/chat/completions "HTTP/1.1 200 OK"
2026-08-29 03:04:33,686 [INFO] HTTP Request: POST http://localhost:8001/v1/chat/completions "HTTP/1.1 200 OK"
2026-08-29 03:04:35,090 [INFO] HTTP Request: POST http://localhost:8001/v1/chat/completions "HTTP/1.1 200 OK"
2026-08-29 03:04:37,685 [INFO] HTTP Request: POST http://localhost:8001/v1/chat/completions "HTTP/1.1 200 OK"
2026-08-29 03:04:40,964 [INFO] HTTP Request: POST http://localhost:8001/v1/chat/completions "HTTP/1.1 200 OK"
2026-08-29 03:05:08,679 [INFO] HTTP Request: POST http://localhost:8001/v1/chat/completions "HTTP/1.1 200 OK"
2026-08-29 03:05:10,603 [INFO] HTTP Request: POST http://localhost:8001/v1/chat/completions "HTTP/1.1 200 OK"
2026-08-29 03:05:10,698 [INFO] HTTP Request: POST http://localhost:8001/v1/chat/completions "HTTP/1.1 200 OK"
2026-08-29 03:05:12,707 [INFO] HTTP Request: POST http://localhost:8001/v1/chat/completions "HTTP/1.1 200 OK"
2026-08-29 03:05:14,853 [INFO] Retrying request to /chat/completions in 0.390682 seconds
2026-08-29 03:05:14,867 [INFO] Retrying request to /chat/completions in 0.449783 seconds
2026-08-29 03:05:14,879 [INFO] Retrying request to /chat/completions in 0.447590 seconds
2026-08-29 03:05:14,879 [INFO] Retrying request to /chat/completions in 0.434265 seconds
2026-08-29 03:06:03,507 [INFO] HTTP Request: POST http://localhost:8001/v1/chat/completions "HTTP/1.1 200 OK"
2026-08-29 03:06:04,340 [INFO] HTTP Request: POST http://localhost:8001/v1/chat/completions "HTTP/1.1 200 OK"
2026-08-29 03:06:05,069 [INFO] HTTP Request: POST http://localhost:8001/v1/chat/completions "HTTP/1.1 200 OK"
2026-08-29 03:06:10,095 [INFO] HTTP Request: POST http://localhost:8001/v1/chat/completions "HTTP/1.1 200 OK"
2026-08-29 03:06:10,177 [INFO]   💾 3328/4921  [ok=3325 skip=0 error=3]
2026-08-29 03:07:08,783 [INFO] HTTP Request: POST http://localhost:8001/v1/chat/completions "HTTP/1.1 200 OK"
2026-08-29 03:07:11,036 [INFO] HTTP Request: POST http://localhost:8001/v1/chat/completions "HTTP/1.1 200 OK"
2026-08-29 03:07:14,907 [INFO] HTTP Request: POST http://localhost:8001/v1/chat/completions "HTTP/1.1 200 OK"
2026-08-29 03:07:17,056 [INFO] HTTP Request: POST http://localhost:8001/v1/chat/completions "HTTP/1.1 200 OK"
2026-08-29 03:07:19,310 [INFO] HTTP Request: POST http://localhost:8001/v1/chat/completions "HTTP/1.1 200 OK"
2026-08-29 03:07:22,070 [INFO] HTTP Request: POST http://localhost:8001/v1/chat/completions "HTTP/1.1 200 OK"
2026-08-29 03:07:25,538 [INFO] HTTP Request: POST http://localhost:8001/v1/chat/completions "HTTP/1.1 200 OK"
2026-08-29 03:07:27,589 [INFO] HTTP Request: POST http://localhost:8001/v1/chat/completions "HTTP/1.1 200 OK"
2026-08-29 03:07:28,558 [INFO] HTTP Request: POST http://localhost:8001/v1/chat/completions "HTTP/1.1 200 OK"
2026-08-29 03:07:35,599 [INFO] HTTP Request: POST http://localhost:8001/v1/chat/completions "HTTP/1.1 200 OK"
2026-08-29 03:07:37,852 [INFO] HTTP Request: POST http://localhost:8001/v1/chat/completions "HTTP/1.1 200 OK"
2026-08-29 03:07:43,027 [INFO] HTTP Request: POST http://localhost:8001/v1/chat/completions "HTTP/1.1 200 OK"
2026-08-29 03:08:16,465 [INFO] HTTP Request: POST http://localhost:8001/v1/chat/completions "HTTP/1.1 200 OK"
2026-08-29 03:08:18,519 [INFO] HTTP Request: POST http://localhost:8001/v1/chat/completions "HTTP/1.1 200 OK"
2026-08-29 03:08:18,620 [INFO] HTTP Request: POST http://localhost:8001/v1/chat/completions "HTTP/1.1 200 OK"
2026-08-29 03:08:20,387 [INFO] HTTP Request: POST http://localhost:8001/v1/chat/completions "HTTP/1.1 200 OK"
2026-08-29 03:08:21,731 [INFO] HTTP Request: POST http://localhost:8001/v1/chat/completions "HTTP/1.1 200 OK"
2026-08-29 03:08:22,619 [INFO] HTTP Request: POST http://localhost:8001/v1/chat/completions "HTTP/1.1 200 OK"
2026-08-29 03:08:24,844 [INFO] HTTP Request: POST http://localhost:8001/v1/chat/completions "HTTP/1.1 200 OK"
2026-08-29 03:08:26,625 [INFO] HTTP Request: POST http://localhost:8001/v1/chat/completions "HTTP/1.1 200 OK"
2026-08-29 03:08:30,993 [INFO] HTTP Request: POST http://localhost:8001/v1/chat/completions "HTTP/1.1 200 OK"
2026-08-29 03:08:31,495 [INFO] HTTP Request: POST http://localhost:8001/v1/chat/completions "HTTP/1.1 200 OK"
2026-08-29 03:08:31,496 [INFO] HTTP Request: POST http://localhost:8001/v1/chat/completions "HTTP/1.1 200 OK"
2026-08-29 03:08:41,432 [INFO] HTTP Request: POST http://localhost:8001/v1/chat/completions "HTTP/1.1 200 OK"
2026-08-29 03:09:05,960 [INFO] HTTP Request: POST http://localhost:8001/v1/chat/completions "HTTP/1.1 200 OK"
2026-08-29 03:09:10,286 [INFO] Retrying request to /chat/completions in 0.377199 seconds
2026-08-29 03:09:10,288 [INFO] Retrying request to /chat/completions in 0.400706 seconds
2026-08-29 03:09:10,305 [INFO] Retrying request to /chat/completions in 0.490079 seconds
2026-08-29 03:09:10,306 [INFO] Retrying request to /chat/completions in 0.384630 seconds
2026-08-29 03:09:10,321 [INFO] Retrying request to /chat/completions in 0.496623 seconds
2026-08-29 03:09:10,325 [INFO] Retrying request to /chat/completions in 0.389819 seconds
2026-08-29 03:09:10,325 [INFO] Retrying request to /chat/completions in 0.403997 seconds
2026-08-29 03:09:53,177 [INFO] HTTP Request: POST http://localhost:8001/v1/chat/completions "HTTP/1.1 200 OK"
2026-08-29 03:09:54,518 [INFO] HTTP Request: POST http://localhost:8001/v1/chat/completions "HTTP/1.1 200 OK"
2026-08-29 03:09:54,615 [INFO] HTTP Request: POST http://localhost:8001/v1/chat/completions "HTTP/1.1 200 OK"
2026-08-29 03:09:55,267 [INFO] HTTP Request: POST http://localhost:8001/v1/chat/completions "HTTP/1.1 200 OK"
2026-08-29 03:10:00,451 [INFO] HTTP Request: POST http://localhost:8001/v1/chat/completions "HTTP/1.1 200 OK"
2026-08-29 03:10:00,545 [INFO] HTTP Request: POST http://localhost:8001/v1/chat/completions "HTTP/1.1 200 OK"
2026-08-29 03:10:02,248 [INFO] HTTP Request: POST http://localhost:8001/v1/chat/completions "HTTP/1.1 200 OK"
2026-08-29 03:10:02,333 [INFO]   💾 3360/4921  [ok=3357 skip=0 error=3]
2026-08-29 03:11:03,236 [INFO] HTTP Request: POST http://localhost:8001/v1/chat/completions "HTTP/1.1 200 OK"
2026-08-29 03:11:04,204 [INFO] HTTP Request: POST http://localhost:8001/v1/chat/completions "HTTP/1.1 200 OK"
2026-08-29 03:11:05,111 [INFO] HTTP Request: POST http://localhost:8001/v1/chat/completions "HTTP/1.1 200 OK"
2026-08-29 03:11:06,457 [INFO] HTTP Request: POST http://localhost:8001/v1/chat/completions "HTTP/1.1 200 OK"
2026-08-29 03:11:10,601 [INFO] HTTP Request: POST http://localhost:8001/v1/chat/completions "HTTP/1.1 200 OK"
2026-08-29 03:11:11,125 [INFO] HTTP Request: POST http://localhost:8001/v1/chat/completions "HTTP/1.1 200 OK"
2026-08-29 03:11:13,876 [INFO] HTTP Request: POST http://localhost:8001/v1/chat/completions "HTTP/1.1 200 OK"
2026-08-29 03:11:15,737 [INFO] HTTP Request: POST http://localhost:8001/v1/chat/completions "HTTP/1.1 200 OK"
2026-08-29 03:11:17,485 [INFO] HTTP Request: POST http://localhost:8001/v1/chat/completions "HTTP/1.1 200 OK"
2026-08-29 03:11:19,243 [INFO] HTTP Request: POST http://localhost:8001/v1/chat/completions "HTTP/1.1 200 OK"
2026-08-29 03:11:24,128 [INFO] HTTP Request: POST http://localhost:8001/v1/chat/completions "HTTP/1.1 200 OK"
2026-08-29 03:11:27,498 [INFO] HTTP Request: POST http://localhost:8001/v1/chat/completions "HTTP/1.1 200 OK"
2026-08-29 03:12:02,640 [INFO] HTTP Request: POST http://localhost:8001/v1/chat/completions "HTTP/1.1 200 OK"
2026-08-29 03:12:05,301 [INFO] HTTP Request: POST http://localhost:8001/v1/chat/completions "HTTP/1.1 200 OK"
2026-08-29 03:12:07,464 [INFO] HTTP Request: POST http://localhost:8001/v1/chat/completions "HTTP/1.1 200 OK"
2026-08-29 03:12:08,435 [INFO] HTTP Request: POST http://localhost:8001/v1/chat/completions "HTTP/1.1 200 OK"
2026-08-29 03:12:09,339 [INFO] HTTP Request: POST http://localhost:8001/v1/chat/completions "HTTP/1.1 200 OK"
2026-08-29 03:12:10,239 [INFO] HTTP Request: POST http://localhost:8001/v1/chat/completions "HTTP/1.1 200 OK"
2026-08-29 03:12:12,029 [INFO] HTTP Request: POST http://localhost:8001/v1/chat/completions "HTTP/1.1 200 OK"
2026-08-29 03:12:15,841 [INFO] HTTP Request: POST http://localhost:8001/v1/chat/completions "HTTP/1.1 200 OK"
2026-08-29 03:12:20,122 [INFO] HTTP Request: POST http://localhost:8001/v1/chat/completions "HTTP/1.1 200 OK"
2026-08-29 03:12:21,626 [INFO] HTTP Request: POST http://localhost:8001/v1/chat/completions "HTTP/1.1 200 OK"
2026-08-29 03:12:25,817 [INFO] HTTP Request: POST http://localhost:8001/v1/chat/completions "HTTP/1.1 200 OK"
2026-08-29 03:12:34,176 [INFO] HTTP Request: POST http://localhost:8001/v1/chat/completions "HTTP/1.1 200 OK"
2026-08-29 03:12:58,813 [INFO] HTTP Request: POST http://localhost:8001/v1/chat/completions "HTTP/1.1 200 OK"
2026-08-29 03:12:59,199 [INFO] HTTP Request: POST http://localhost:8001/v1/chat/completions "HTTP/1.1 200 OK"
2026-08-29 03:12:59,582 [INFO] HTTP Request: POST http://localhost:8001/v1/chat/completions "HTTP/1.1 200 OK"
2026-08-29 03:13:01,018 [INFO] HTTP Request: POST http://localhost:8001/v1/chat/completions "HTTP/1.1 200 OK"
2026-08-29 03:13:01,206 [INFO] HTTP Request: POST http://localhost:8001/v1/chat/completions "HTTP/1.1 200 OK"
2026-08-29 03:13:02,398 [INFO] Retrying request to /chat/completions in 0.384317 seconds
2026-08-29 03:13:02,459 [INFO] Retrying request to /chat/completions in 0.470281 seconds
2026-08-29 03:13:02,481 [INFO] Retrying request to /chat/completions in 0.475043 seconds
2026-08-29 03:13:51,436 [INFO] HTTP Request: POST http://localhost:8001/v1/chat/completions "HTTP/1.1 200 OK"
2026-08-29 03:13:52,712 [INFO] HTTP Request: POST http://localhost:8001/v1/chat/completions "HTTP/1.1 200 OK"
2026-08-29 03:13:54,131 [INFO] HTTP Request: POST http://localhost:8001/v1/chat/completions "HTTP/1.1 200 OK"
2026-08-29 03:13:54,215 [INFO]   💾 3392/4921  [ok=3389 skip=0 error=3]
2026-08-29 03:14:48,961 [INFO] HTTP Request: POST http://localhost:8001/v1/chat/completions "HTTP/1.1 200 OK"
2026-08-29 03:14:53,145 [INFO] HTTP Request: POST http://localhost:8001/v1/chat/completions "HTTP/1.1 200 OK"
2026-08-29 03:14:55,812 [INFO] HTTP Request: POST http://localhost:8001/v1/chat/completions "HTTP/1.1 200 OK"
2026-08-29 03:14:57,248 [INFO] HTTP Request: POST http://localhost:8001/v1/chat/completions "HTTP/1.1 200 OK"
2026-08-29 03:14:58,340 [INFO] HTTP Request: POST http://localhost:8001/v1/chat/completions "HTTP/1.1 200 OK"
2026-08-29 03:14:58,341 [INFO] HTTP Request: POST http://localhost:8001/v1/chat/completions "HTTP/1.1 200 OK"
2026-08-29 03:14:59,677 [INFO] HTTP Request: POST http://localhost:8001/v1/chat/completions "HTTP/1.1 200 OK"
2026-08-29 03:15:01,468 [INFO] HTTP Request: POST http://localhost:8001/v1/chat/completions "HTTP/1.1 200 OK"
2026-08-29 03:15:05,740 [INFO] HTTP Request: POST http://localhost:8001/v1/chat/completions "HTTP/1.1 200 OK"
2026-08-29 03:15:10,827 [INFO] HTTP Request: POST http://localhost:8001/v1/chat/completions "HTTP/1.1 200 OK"
2026-08-29 03:15:15,611 [INFO] HTTP Request: POST http://localhost:8001/v1/chat/completions "HTTP/1.1 200 OK"
2026-08-29 03:15:21,199 [INFO] HTTP Request: POST http://localhost:8001/v1/chat/completions "HTTP/1.1 200 OK"
2026-08-29 03:15:49,983 [INFO] HTTP Request: POST http://localhost:8001/v1/chat/completions "HTTP/1.1 200 OK"
2026-08-29 03:15:53,661 [INFO] HTTP Request: POST http://localhost:8001/v1/chat/completions "HTTP/1.1 200 OK"
2026-08-29 03:15:53,762 [INFO] HTTP Request: POST http://localhost:8001/v1/chat/completions "HTTP/1.1 200 OK"
2026-08-29 03:15:56,429 [INFO] HTTP Request: POST http://localhost:8001/v1/chat/completions "HTTP/1.1 200 OK"
2026-08-29 03:15:58,517 [INFO] HTTP Request: POST http://localhost:8001/v1/chat/completions "HTTP/1.1 200 OK"
2026-08-29 03:16:00,682 [INFO] HTTP Request: POST http://localhost:8001/v1/chat/completions "HTTP/1.1 200 OK"
2026-08-29 03:16:02,442 [INFO] HTTP Request: POST http://localhost:8001/v1/chat/completions "HTTP/1.1 200 OK"
2026-08-29 03:16:04,606 [INFO] HTTP Request: POST http://localhost:8001/v1/chat/completions "HTTP/1.1 200 OK"
2026-08-29 03:16:10,007 [INFO] HTTP Request: POST http://localhost:8001/v1/chat/completions "HTTP/1.1 200 OK"
2026-08-29 03:16:12,512 [INFO] HTTP Request: POST http://localhost:8001/v1/chat/completions "HTTP/1.1 200 OK"
2026-08-29 03:16:14,910 [INFO] HTTP Request: POST http://localhost:8001/v1/chat/completions "HTTP/1.1 200 OK"
2026-08-29 03:16:18,790 [INFO] HTTP Request: POST http://localhost:8001/v1/chat/completions "HTTP/1.1 200 OK"
2026-08-29 03:16:42,657 [INFO] HTTP Request: POST http://localhost:8001/v1/chat/completions "HTTP/1.1 200 OK"
2026-08-29 03:16:42,849 [INFO] HTTP Request: POST http://localhost:8001/v1/chat/completions "HTTP/1.1 200 OK"
2026-08-29 03:16:43,522 [INFO] HTTP Request: POST http://localhost:8001/v1/chat/completions "HTTP/1.1 200 OK"
2026-08-29 03:16:46,867 [INFO] HTTP Request: POST http://localhost:8001/v1/chat/completions "HTTP/1.1 200 OK"
2026-08-29 03:16:49,286 [INFO] HTTP Request: POST http://localhost:8001/v1/chat/completions "HTTP/1.1 200 OK"
2026-08-29 03:16:50,582 [INFO] HTTP Request: POST http://localhost:8001/v1/chat/completions "HTTP/1.1 200 OK"
2026-08-29 03:16:52,040 [INFO] HTTP Request: POST http://localhost:8001/v1/chat/completions "HTTP/1.1 200 OK"
2026-08-29 03:16:54,360 [INFO] Retrying request to /chat/completions in 0.482584 seconds
2026-08-29 03:17:44,421 [INFO] HTTP Request: POST http://localhost:8001/v1/chat/completions "HTTP/1.1 200 OK"
2026-08-29 03:17:44,500 [INFO]   💾 3424/4921  [ok=3421 skip=0 error=3]
2026-08-29 03:18:35,954 [INFO] HTTP Request: POST http://localhost:8001/v1/chat/completions "HTTP/1.1 200 OK"
2026-08-29 03:18:43,394 [INFO] HTTP Request: POST http://localhost:8001/v1/chat/completions "HTTP/1.1 200 OK"
2026-08-29 03:18:46,790 [INFO] HTTP Request: POST http://localhost:8001/v1/chat/completions "HTTP/1.1 200 OK"
2026-08-29 03:18:46,791 [INFO] HTTP Request: POST http://localhost:8001/v1/chat/completions "HTTP/1.1 200 OK"
2026-08-29 03:18:51,299 [INFO] HTTP Request: POST http://localhost:8001/v1/chat/completions "HTTP/1.1 200 OK"
2026-08-29 03:18:53,470 [INFO] HTTP Request: POST http://localhost:8001/v1/chat/completions "HTTP/1.1 200 OK"
2026-08-29 03:18:53,994 [INFO] HTTP Request: POST http://localhost:8001/v1/chat/completions "HTTP/1.1 200 OK"
2026-08-29 03:18:56,237 [INFO] HTTP Request: POST http://localhost:8001/v1/chat/completions "HTTP/1.1 200 OK"
2026-08-29 03:18:56,988 [INFO] HTTP Request: POST http://localhost:8001/v1/chat/completions "HTTP/1.1 200 OK"
2026-08-29 03:18:59,237 [INFO] HTTP Request: POST http://localhost:8001/v1/chat/completions "HTTP/1.1 200 OK"
2026-08-29 03:18:59,237 [INFO] HTTP Request: POST http://localhost:8001/v1/chat/completions "HTTP/1.1 200 OK"
2026-08-29 03:19:02,232 [INFO] HTTP Request: POST http://localhost:8001/v1/chat/completions "HTTP/1.1 200 OK"
2026-08-29 03:19:37,501 [INFO] HTTP Request: POST http://localhost:8001/v1/chat/completions "HTTP/1.1 200 OK"
2026-08-29 03:19:43,101 [INFO] HTTP Request: POST http://localhost:8001/v1/chat/completions "HTTP/1.1 200 OK"
2026-08-29 03:19:47,594 [INFO] HTTP Request: POST http://localhost:8001/v1/chat/completions "HTTP/1.1 200 OK"
2026-08-29 03:19:49,772 [INFO] HTTP Request: POST http://localhost:8001/v1/chat/completions "HTTP/1.1 200 OK"
2026-08-29 03:19:51,539 [INFO] HTTP Request: POST http://localhost:8001/v1/chat/completions "HTTP/1.1 200 OK"
2026-08-29 03:19:54,421 [INFO] HTTP Request: POST http://localhost:8001/v1/chat/completions "HTTP/1.1 200 OK"
2026-08-29 03:19:56,493 [INFO] HTTP Request: POST http://localhost:8001/v1/chat/completions "HTTP/1.1 200 OK"
2026-08-29 03:19:57,017 [INFO] HTTP Request: POST http://localhost:8001/v1/chat/completions "HTTP/1.1 200 OK"
2026-08-29 03:19:59,678 [INFO] HTTP Request: POST http://localhost:8001/v1/chat/completions "HTTP/1.1 200 OK"
2026-08-29 03:20:00,582 [INFO] HTTP Request: POST http://localhost:8001/v1/chat/completions "HTTP/1.1 200 OK"
2026-08-29 03:20:02,280 [INFO] HTTP Request: POST http://localhost:8001/v1/chat/completions "HTTP/1.1 200 OK"
2026-08-29 03:20:04,571 [INFO] HTTP Request: POST http://localhost:8001/v1/chat/completions "HTTP/1.1 200 OK"
2026-08-29 03:20:28,902 [INFO] HTTP Request: POST http://localhost:8001/v1/chat/completions "HTTP/1.1 200 OK"
2026-08-29 03:20:34,381 [INFO] HTTP Request: POST http://localhost:8001/v1/chat/completions "HTTP/1.1 200 OK"
2026-08-29 03:20:37,450 [INFO] HTTP Request: POST http://localhost:8001/v1/chat/completions "HTTP/1.1 200 OK"
2026-08-29 03:20:40,126 [INFO] HTTP Request: POST http://localhost:8001/v1/chat/completions "HTTP/1.1 200 OK"
2026-08-29 03:20:40,314 [INFO] HTTP Request: POST http://localhost:8001/v1/chat/completions "HTTP/1.1 200 OK"
2026-08-29 03:20:42,999 [INFO] HTTP Request: POST http://localhost:8001/v1/chat/completions "HTTP/1.1 200 OK"
2026-08-29 03:20:44,002 [INFO] HTTP Request: POST http://localhost:8001/v1/chat/completions "HTTP/1.1 200 OK"
2026-08-29 03:20:44,638 [INFO] Retrying request to /chat/completions in 0.392391 seconds
2026-08-29 03:21:33,384 [INFO] HTTP Request: POST http://localhost:8001/v1/chat/completions "HTTP/1.1 200 OK"
2026-08-29 03:21:33,477 [INFO]   💾 3456/4921  [ok=3453 skip=0 error=3]
2026-08-29 03:22:29,341 [INFO] HTTP Request: POST http://localhost:8001/v1/chat/completions "HTTP/1.1 200 OK"
2026-08-29 03:22:31,210 [INFO] HTTP Request: POST http://localhost:8001/v1/chat/completions "HTTP/1.1 200 OK"
2026-08-29 03:22:32,181 [INFO] HTTP Request: POST http://localhost:8001/v1/chat/completions "HTTP/1.1 200 OK"
2026-08-29 03:22:32,182 [INFO] HTTP Request: POST http://localhost:8001/v1/chat/completions "HTTP/1.1 200 OK"
2026-08-29 03:22:34,427 [INFO] HTTP Request: POST http://localhost:8001/v1/chat/completions "HTTP/1.1 200 OK"
2026-08-29 03:22:39,012 [INFO] HTTP Request: POST http://localhost:8001/v1/chat/completions "HTTP/1.1 200 OK"
2026-08-29 03:22:42,702 [INFO] HTTP Request: POST http://localhost:8001/v1/chat/completions "HTTP/1.1 200 OK"
2026-08-29 03:22:44,875 [INFO] HTTP Request: POST http://localhost:8001/v1/chat/completions "HTTP/1.1 200 OK"
2026-08-29 03:22:45,845 [INFO] HTTP Request: POST http://localhost:8001/v1/chat/completions "HTTP/1.1 200 OK"
2026-08-29 03:22:49,282 [INFO] HTTP Request: POST http://localhost:8001/v1/chat/completions "HTTP/1.1 200 OK"
2026-08-29 03:22:51,048 [INFO] HTTP Request: POST http://localhost:8001/v1/chat/completions "HTTP/1.1 200 OK"
2026-08-29 03:22:54,227 [INFO] HTTP Request: POST http://localhost:8001/v1/chat/completions "HTTP/1.1 200 OK"
2026-08-29 03:23:28,773 [INFO] HTTP Request: POST http://localhost:8001/v1/chat/completions "HTTP/1.1 200 OK"
2026-08-29 03:23:31,855 [INFO] HTTP Request: POST http://localhost:8001/v1/chat/completions "HTTP/1.1 200 OK"
2026-08-29 03:23:33,727 [INFO] HTTP Request: POST http://localhost:8001/v1/chat/completions "HTTP/1.1 200 OK"
2026-08-29 03:23:38,529 [INFO] HTTP Request: POST http://localhost:8001/v1/chat/completions "HTTP/1.1 200 OK"
2026-08-29 03:23:40,298 [INFO] HTTP Request: POST http://localhost:8001/v1/chat/completions "HTTP/1.1 200 OK"
2026-08-29 03:23:42,271 [INFO] HTTP Request: POST http://localhost:8001/v1/chat/completions "HTTP/1.1 200 OK"
2026-08-29 03:23:42,372 [INFO] HTTP Request: POST http://localhost:8001/v1/chat/completions "HTTP/1.1 200 OK"
2026-08-29 03:23:43,239 [INFO] HTTP Request: POST http://localhost:8001/v1/chat/completions "HTTP/1.1 200 OK"
2026-08-29 03:23:46,375 [INFO] HTTP Request: POST http://localhost:8001/v1/chat/completions "HTTP/1.1 200 OK"
2026-08-29 03:23:47,006 [INFO] HTTP Request: POST http://localhost:8001/v1/chat/completions "HTTP/1.1 200 OK"
2026-08-29 03:23:49,403 [INFO] HTTP Request: POST http://localhost:8001/v1/chat/completions "HTTP/1.1 200 OK"
2026-08-29 03:23:53,183 [INFO] HTTP Request: POST http://localhost:8001/v1/chat/completions "HTTP/1.1 200 OK"
2026-08-29 03:24:27,697 [INFO] HTTP Request: POST http://localhost:8001/v1/chat/completions "HTTP/1.1 200 OK"
2026-08-29 03:24:29,048 [INFO] HTTP Request: POST http://localhost:8001/v1/chat/completions "HTTP/1.1 200 OK"
2026-08-29 03:24:29,336 [INFO] HTTP Request: POST http://localhost:8001/v1/chat/completions "HTTP/1.1 200 OK"
2026-08-29 03:24:30,864 [INFO] HTTP Request: POST http://localhost:8001/v1/chat/completions "HTTP/1.1 200 OK"
2026-08-29 03:24:33,562 [INFO] HTTP Request: POST http://localhost:8001/v1/chat/completions "HTTP/1.1 200 OK"
2026-08-29 03:24:33,568 [INFO] Retrying request to /chat/completions in 0.433828 seconds
2026-08-29 03:24:33,619 [INFO] Retrying request to /chat/completions in 0.383132 seconds
2026-08-29 03:24:33,619 [INFO] Retrying request to /chat/completions in 0.436248 seconds
2026-08-29 03:25:18,855 [INFO] HTTP Request: POST http://localhost:8001/v1/chat/completions "HTTP/1.1 200 OK"
2026-08-29 03:25:19,948 [INFO] HTTP Request: POST http://localhost:8001/v1/chat/completions "HTTP/1.1 200 OK"
2026-08-29 03:25:26,493 [INFO] HTTP Request: POST http://localhost:8001/v1/chat/completions "HTTP/1.1 200 OK"
2026-08-29 03:25:26,571 [INFO]   💾 3488/4921  [ok=3485 skip=0 error=3]
2026-08-29 03:26:22,205 [INFO] HTTP Request: POST http://localhost:8001/v1/chat/completions "HTTP/1.1 200 OK"
2026-08-29 03:26:23,176 [INFO] HTTP Request: POST http://localhost:8001/v1/chat/completions "HTTP/1.1 200 OK"
2026-08-29 03:26:26,953 [INFO] HTTP Request: POST http://localhost:8001/v1/chat/completions "HTTP/1.1 200 OK"
2026-08-29 03:26:29,840 [INFO] HTTP Request: POST http://localhost:8001/v1/chat/completions "HTTP/1.1 200 OK"
2026-08-29 03:26:31,611 [INFO] HTTP Request: POST http://localhost:8001/v1/chat/completions "HTTP/1.1 200 OK"
2026-08-29 03:26:35,614 [INFO] HTTP Request: POST http://localhost:8001/v1/chat/completions "HTTP/1.1 200 OK"
2026-08-29 03:26:35,615 [INFO] HTTP Request: POST http://localhost:8001/v1/chat/completions "HTTP/1.1 200 OK"
2026-08-29 03:26:37,918 [INFO] HTTP Request: POST http://localhost:8001/v1/chat/completions "HTTP/1.1 200 OK"
2026-08-29 03:26:40,359 [INFO] HTTP Request: POST http://localhost:8001/v1/chat/completions "HTTP/1.1 200 OK"
2026-08-29 03:26:41,797 [INFO] HTTP Request: POST http://localhost:8001/v1/chat/completions "HTTP/1.1 200 OK"
2026-08-29 03:26:44,001 [INFO] HTTP Request: POST http://localhost:8001/v1/chat/completions "HTTP/1.1 200 OK"
2026-08-29 03:26:47,584 [INFO] HTTP Request: POST http://localhost:8001/v1/chat/completions "HTTP/1.1 200 OK"
2026-08-29 03:27:27,842 [INFO] HTTP Request: POST http://localhost:8001/v1/chat/completions "HTTP/1.1 200 OK"
2026-08-29 03:27:30,122 [INFO] HTTP Request: POST http://localhost:8001/v1/chat/completions "HTTP/1.1 200 OK"
2026-08-29 03:27:31,798 [INFO] HTTP Request: POST http://localhost:8001/v1/chat/completions "HTTP/1.1 200 OK"
2026-08-29 03:27:32,765 [INFO] HTTP Request: POST http://localhost:8001/v1/chat/completions "HTTP/1.1 200 OK"
2026-08-29 03:27:34,111 [INFO] HTTP Request: POST http://localhost:8001/v1/chat/completions "HTTP/1.1 200 OK"
2026-08-29 03:27:37,269 [INFO] HTTP Request: POST http://localhost:8001/v1/chat/completions "HTTP/1.1 200 OK"
2026-08-29 03:27:38,709 [INFO] HTTP Request: POST http://localhost:8001/v1/chat/completions "HTTP/1.1 200 OK"
2026-08-29 03:27:38,710 [INFO] HTTP Request: POST http://localhost:8001/v1/chat/completions "HTTP/1.1 200 OK"
2026-08-29 03:27:41,605 [INFO] HTTP Request: POST http://localhost:8001/v1/chat/completions "HTTP/1.1 200 OK"
2026-08-29 03:27:42,150 [INFO] HTTP Request: POST http://localhost:8001/v1/chat/completions "HTTP/1.1 200 OK"
2026-08-29 03:27:42,751 [INFO] HTTP Request: POST http://localhost:8001/v1/chat/completions "HTTP/1.1 200 OK"
2026-08-29 03:27:43,449 [INFO] HTTP Request: POST http://localhost:8001/v1/chat/completions "HTTP/1.1 200 OK"
2026-08-29 03:28:19,489 [INFO] HTTP Request: POST http://localhost:8001/v1/chat/completions "HTTP/1.1 200 OK"
2026-08-29 03:28:20,551 [INFO] HTTP Request: POST http://localhost:8001/v1/chat/completions "HTTP/1.1 200 OK"
2026-08-29 03:28:23,720 [INFO] HTTP Request: POST http://localhost:8001/v1/chat/completions "HTTP/1.1 200 OK"
2026-08-29 03:28:24,770 [INFO] HTTP Request: POST http://localhost:8001/v1/chat/completions "HTTP/1.1 200 OK"
2026-08-29 03:28:26,662 [INFO] Retrying request to /chat/completions in 0.394122 seconds
2026-08-29 03:28:26,675 [INFO] Retrying request to /chat/completions in 0.450979 seconds
2026-08-29 03:28:26,684 [INFO] Retrying request to /chat/completions in 0.474019 seconds
2026-08-29 03:28:26,708 [INFO] Retrying request to /chat/completions in 0.385351 seconds
2026-08-29 03:29:09,951 [INFO] HTTP Request: POST http://localhost:8001/v1/chat/completions "HTTP/1.1 200 OK"
2026-08-29 03:29:12,452 [INFO] HTTP Request: POST http://localhost:8001/v1/chat/completions "HTTP/1.1 200 OK"
2026-08-29 03:29:14,001 [INFO] HTTP Request: POST http://localhost:8001/v1/chat/completions "HTTP/1.1 200 OK"
2026-08-29 03:29:16,654 [INFO] HTTP Request: POST http://localhost:8001/v1/chat/completions "HTTP/1.1 200 OK"
2026-08-29 03:29:16,740 [INFO]   💾 3520/4921  [ok=3517 skip=0 error=3]
2026-08-29 03:30:14,034 [INFO] HTTP Request: POST http://localhost:8001/v1/chat/completions "HTTP/1.1 200 OK"
2026-08-29 03:30:15,006 [INFO] HTTP Request: POST http://localhost:8001/v1/chat/completions "HTTP/1.1 200 OK"
2026-08-29 03:30:16,356 [INFO] HTTP Request: POST http://localhost:8001/v1/chat/completions "HTTP/1.1 200 OK"
2026-08-29 03:30:19,739 [INFO] HTTP Request: POST http://localhost:8001/v1/chat/completions "HTTP/1.1 200 OK"
2026-08-29 03:30:19,739 [INFO] HTTP Request: POST http://localhost:8001/v1/chat/completions "HTTP/1.1 200 OK"
2026-08-29 03:30:22,504 [INFO] HTTP Request: POST http://localhost:8001/v1/chat/completions "HTTP/1.1 200 OK"
2026-08-29 03:30:25,431 [INFO] HTTP Request: POST http://localhost:8001/v1/chat/completions "HTTP/1.1 200 OK"
2026-08-29 03:30:31,545 [INFO] HTTP Request: POST http://localhost:8001/v1/chat/completions "HTTP/1.1 200 OK"
2026-08-29 03:30:36,550 [INFO] HTTP Request: POST http://localhost:8001/v1/chat/completions "HTTP/1.1 200 OK"
2026-08-29 03:30:38,328 [INFO] HTTP Request: POST http://localhost:8001/v1/chat/completions "HTTP/1.1 200 OK"
2026-08-29 03:30:42,826 [INFO] HTTP Request: POST http://localhost:8001/v1/chat/completions "HTTP/1.1 200 OK"
2026-08-29 03:30:44,797 [INFO] HTTP Request: POST http://localhost:8001/v1/chat/completions "HTTP/1.1 200 OK"
2026-08-29 03:31:11,301 [INFO] HTTP Request: POST http://localhost:8001/v1/chat/completions "HTTP/1.1 200 OK"
2026-08-29 03:31:13,877 [INFO] HTTP Request: POST http://localhost:8001/v1/chat/completions "HTTP/1.1 200 OK"
2026-08-29 03:31:15,853 [INFO] HTTP Request: POST http://localhost:8001/v1/chat/completions "HTTP/1.1 200 OK"
2026-08-29 03:31:18,958 [INFO] HTTP Request: POST http://localhost:8001/v1/chat/completions "HTTP/1.1 200 OK"
2026-08-29 03:31:22,043 [INFO] HTTP Request: POST http://localhost:8001/v1/chat/completions "HTTP/1.1 200 OK"
2026-08-29 03:31:24,018 [INFO] HTTP Request: POST http://localhost:8001/v1/chat/completions "HTTP/1.1 200 OK"
2026-08-29 03:31:28,014 [INFO] HTTP Request: POST http://localhost:8001/v1/chat/completions "HTTP/1.1 200 OK"
2026-08-29 03:31:34,634 [INFO] HTTP Request: POST http://localhost:8001/v1/chat/completions "HTTP/1.1 200 OK"
2026-08-29 03:31:36,306 [INFO] HTTP Request: POST http://localhost:8001/v1/chat/completions "HTTP/1.1 200 OK"
2026-08-29 03:31:37,810 [INFO] HTTP Request: POST http://localhost:8001/v1/chat/completions "HTTP/1.1 200 OK"
2026-08-29 03:31:41,015 [INFO] HTTP Request: POST http://localhost:8001/v1/chat/completions "HTTP/1.1 200 OK"
2026-08-29 03:31:52,589 [INFO] HTTP Request: POST http://localhost:8001/v1/chat/completions "HTTP/1.1 200 OK"
2026-08-29 03:32:07,401 [INFO] HTTP Request: POST http://localhost:8001/v1/chat/completions "HTTP/1.1 200 OK"
2026-08-29 03:32:09,236 [INFO] HTTP Request: POST http://localhost:8001/v1/chat/completions "HTTP/1.1 200 OK"
2026-08-29 03:32:12,695 [INFO] HTTP Request: POST http://localhost:8001/v1/chat/completions "HTTP/1.1 200 OK"
2026-08-29 03:32:13,745 [INFO] HTTP Request: POST http://localhost:8001/v1/chat/completions "HTTP/1.1 200 OK"
2026-08-29 03:32:15,328 [INFO] HTTP Request: POST http://localhost:8001/v1/chat/completions "HTTP/1.1 200 OK"
2026-08-29 03:32:16,347 [INFO] HTTP Request: POST http://localhost:8001/v1/chat/completions "HTTP/1.1 200 OK"
2026-08-29 03:32:16,893 [INFO] Retrying request to /chat/completions in 0.392109 seconds
2026-08-29 03:32:16,895 [INFO] Retrying request to /chat/completions in 0.411604 seconds
2026-08-29 03:33:00,479 [INFO] HTTP Request: POST http://localhost:8001/v1/chat/completions "HTTP/1.1 200 OK"
2026-08-29 03:33:05,600 [INFO] HTTP Request: POST http://localhost:8001/v1/chat/completions "HTTP/1.1 200 OK"
2026-08-29 03:33:05,676 [INFO]   💾 3552/4921  [ok=3549 skip=0 error=3]
2026-08-29 03:34:02,071 [INFO] HTTP Request: POST http://localhost:8001/v1/chat/completions "HTTP/1.1 200 OK"
2026-08-29 03:34:04,353 [INFO] HTTP Request: POST http://localhost:8001/v1/chat/completions "HTTP/1.1 200 OK"
2026-08-29 03:34:06,441 [INFO] HTTP Request: POST http://localhost:8001/v1/chat/completions "HTTP/1.1 200 OK"
2026-08-29 03:34:08,311 [INFO] HTTP Request: POST http://localhost:8001/v1/chat/completions "HTTP/1.1 200 OK"
2026-08-29 03:34:10,083 [INFO] HTTP Request: POST http://localhost:8001/v1/chat/completions "HTTP/1.1 200 OK"
2026-08-29 03:34:12,768 [INFO] HTTP Request: POST http://localhost:8001/v1/chat/completions "HTTP/1.1 200 OK"
2026-08-29 03:34:15,047 [INFO] HTTP Request: POST http://localhost:8001/v1/chat/completions "HTTP/1.1 200 OK"
2026-08-29 03:34:17,830 [INFO] HTTP Request: POST http://localhost:8001/v1/chat/completions "HTTP/1.1 200 OK"
2026-08-29 03:34:17,931 [INFO] HTTP Request: POST http://localhost:8001/v1/chat/completions "HTTP/1.1 200 OK"
2026-08-29 03:34:18,353 [INFO] HTTP Request: POST http://localhost:8001/v1/chat/completions "HTTP/1.1 200 OK"
2026-08-29 03:34:25,199 [INFO] HTTP Request: POST http://localhost:8001/v1/chat/completions "HTTP/1.1 200 OK"
2026-08-29 03:34:30,195 [INFO] HTTP Request: POST http://localhost:8001/v1/chat/completions "HTTP/1.1 200 OK"
2026-08-29 03:34:59,512 [INFO] HTTP Request: POST http://localhost:8001/v1/chat/completions "HTTP/1.1 200 OK"
2026-08-29 03:35:05,953 [INFO] HTTP Request: POST http://localhost:8001/v1/chat/completions "HTTP/1.1 200 OK"
2026-08-29 03:35:08,639 [INFO] HTTP Request: POST http://localhost:8001/v1/chat/completions "HTTP/1.1 200 OK"
2026-08-29 03:35:10,313 [INFO] HTTP Request: POST http://localhost:8001/v1/chat/completions "HTTP/1.1 200 OK"
2026-08-29 03:35:12,490 [INFO] HTTP Request: POST http://localhost:8001/v1/chat/completions "HTTP/1.1 200 OK"
2026-08-29 03:35:13,929 [INFO] HTTP Request: POST http://localhost:8001/v1/chat/completions "HTTP/1.1 200 OK"
2026-08-29 03:35:17,572 [INFO] HTTP Request: POST http://localhost:8001/v1/chat/completions "HTTP/1.1 200 OK"
2026-08-29 03:35:19,848 [INFO] HTTP Request: POST http://localhost:8001/v1/chat/completions "HTTP/1.1 200 OK"
2026-08-29 03:35:25,872 [INFO] HTTP Request: POST http://localhost:8001/v1/chat/completions "HTTP/1.1 200 OK"
2026-08-29 03:35:26,073 [INFO] HTTP Request: POST http://localhost:8001/v1/chat/completions "HTTP/1.1 200 OK"
2026-08-29 03:35:26,774 [INFO] HTTP Request: POST http://localhost:8001/v1/chat/completions "HTTP/1.1 200 OK"
2026-08-29 03:35:33,355 [INFO] HTTP Request: POST http://localhost:8001/v1/chat/completions "HTTP/1.1 200 OK"
2026-08-29 03:35:53,752 [INFO] HTTP Request: POST http://localhost:8001/v1/chat/completions "HTTP/1.1 200 OK"
2026-08-29 03:35:59,054 [INFO] HTTP Request: POST http://localhost:8001/v1/chat/completions "HTTP/1.1 200 OK"
2026-08-29 03:36:01,261 [INFO] HTTP Request: POST http://localhost:8001/v1/chat/completions "HTTP/1.1 200 OK"
2026-08-29 03:36:04,414 [INFO] HTTP Request: POST http://localhost:8001/v1/chat/completions "HTTP/1.1 200 OK"
2026-08-29 03:36:04,414 [INFO] HTTP Request: POST http://localhost:8001/v1/chat/completions "HTTP/1.1 200 OK"
2026-08-29 03:36:05,820 [INFO] Retrying request to /chat/completions in 0.445744 seconds
2026-08-29 03:36:05,826 [INFO] Retrying request to /chat/completions in 0.403225 seconds
2026-08-29 03:36:05,827 [INFO] Retrying request to /chat/completions in 0.476928 seconds
2026-08-29 03:36:48,141 [INFO] HTTP Request: POST http://localhost:8001/v1/chat/completions "HTTP/1.1 200 OK"
2026-08-29 03:36:54,699 [INFO] HTTP Request: POST http://localhost:8001/v1/chat/completions "HTTP/1.1 200 OK"
2026-08-29 03:36:58,206 [INFO] HTTP Request: POST http://localhost:8001/v1/chat/completions "HTTP/1.1 200 OK"
2026-08-29 03:36:58,292 [INFO]   💾 3584/4921  [ok=3581 skip=0 error=3]
2026-08-29 03:37:55,456 [INFO] HTTP Request: POST http://localhost:8001/v1/chat/completions "HTTP/1.1 200 OK"
2026-08-29 03:37:58,769 [INFO] HTTP Request: POST http://localhost:8001/v1/chat/completions "HTTP/1.1 200 OK"
2026-08-29 03:37:58,870 [INFO] HTTP Request: POST http://localhost:8001/v1/chat/completions "HTTP/1.1 200 OK"
2026-08-29 03:38:03,006 [INFO] HTTP Request: POST http://localhost:8001/v1/chat/completions "HTTP/1.1 200 OK"
2026-08-29 03:38:03,976 [INFO] HTTP Request: POST http://localhost:8001/v1/chat/completions "HTTP/1.1 200 OK"
2026-08-29 03:38:07,364 [INFO] HTTP Request: POST http://localhost:8001/v1/chat/completions "HTTP/1.1 200 OK"
2026-08-29 03:38:07,466 [INFO] HTTP Request: POST http://localhost:8001/v1/chat/completions "HTTP/1.1 200 OK"
2026-08-29 03:38:10,497 [INFO] HTTP Request: POST http://localhost:8001/v1/chat/completions "HTTP/1.1 200 OK"
2026-08-29 03:38:12,796 [INFO] HTTP Request: POST http://localhost:8001/v1/chat/completions "HTTP/1.1 200 OK"
2026-08-29 03:38:17,314 [INFO] HTTP Request: POST http://localhost:8001/v1/chat/completions "HTTP/1.1 200 OK"
2026-08-29 03:38:19,910 [INFO] HTTP Request: POST http://localhost:8001/v1/chat/completions "HTTP/1.1 200 OK"
2026-08-29 03:38:23,513 [INFO] HTTP Request: POST http://localhost:8001/v1/chat/completions "HTTP/1.1 200 OK"
2026-08-29 03:38:57,472 [INFO] HTTP Request: POST http://localhost:8001/v1/chat/completions "HTTP/1.1 200 OK"
2026-08-29 03:38:58,912 [INFO] HTTP Request: POST http://localhost:8001/v1/chat/completions "HTTP/1.1 200 OK"
2026-08-29 03:39:00,751 [INFO] HTTP Request: POST http://localhost:8001/v1/chat/completions "HTTP/1.1 200 OK"
2026-08-29 03:39:04,969 [INFO] HTTP Request: POST http://localhost:8001/v1/chat/completions "HTTP/1.1 200 OK"
2026-08-29 03:39:05,070 [INFO] HTTP Request: POST http://localhost:8001/v1/chat/completions "HTTP/1.1 200 OK"
2026-08-29 03:39:09,028 [INFO] HTTP Request: POST http://localhost:8001/v1/chat/completions "HTTP/1.1 200 OK"
2026-08-29 03:39:12,338 [INFO] HTTP Request: POST http://localhost:8001/v1/chat/completions "HTTP/1.1 200 OK"
2026-08-29 03:39:15,949 [INFO] HTTP Request: POST http://localhost:8001/v1/chat/completions "HTTP/1.1 200 OK"
2026-08-29 03:39:18,102 [INFO] HTTP Request: POST http://localhost:8001/v1/chat/completions "HTTP/1.1 200 OK"
2026-08-29 03:39:18,806 [INFO] HTTP Request: POST http://localhost:8001/v1/chat/completions "HTTP/1.1 200 OK"
2026-08-29 03:39:21,610 [INFO] HTTP Request: POST http://localhost:8001/v1/chat/completions "HTTP/1.1 200 OK"
2026-08-29 03:39:22,010 [INFO] HTTP Request: POST http://localhost:8001/v1/chat/completions "HTTP/1.1 200 OK"
2026-08-29 03:39:22,786 [INFO] HTTP Request: POST http://localhost:8001/v1/chat/completions "HTTP/1.1 200 OK"
2026-08-29 03:39:50,610 [INFO] HTTP Request: POST http://localhost:8001/v1/chat/completions "HTTP/1.1 200 OK"
2026-08-29 03:39:51,763 [INFO] HTTP Request: POST http://localhost:8001/v1/chat/completions "HTTP/1.1 200 OK"
2026-08-29 03:39:56,159 [INFO] HTTP Request: POST http://localhost:8001/v1/chat/completions "HTTP/1.1 200 OK"
2026-08-29 03:39:57,933 [INFO] HTTP Request: POST http://localhost:8001/v1/chat/completions "HTTP/1.1 200 OK"
2026-08-29 03:39:57,933 [INFO] HTTP Request: POST http://localhost:8001/v1/chat/completions "HTTP/1.1 200 OK"
2026-08-29 03:39:58,403 [INFO] Retrying request to /chat/completions in 0.375480 seconds
2026-08-29 03:39:58,407 [INFO] Retrying request to /chat/completions in 0.432064 seconds
2026-08-29 03:40:42,714 [INFO] HTTP Request: POST http://localhost:8001/v1/chat/completions "HTTP/1.1 200 OK"
2026-08-29 03:40:45,177 [INFO] HTTP Request: POST http://localhost:8001/v1/chat/completions "HTTP/1.1 200 OK"
2026-08-29 03:40:45,255 [INFO]   💾 3616/4921  [ok=3613 skip=0 error=3]
2026-08-29 03:41:39,680 [INFO] HTTP Request: POST http://localhost:8001/v1/chat/completions "HTTP/1.1 200 OK"
2026-08-29 03:41:41,984 [INFO] HTTP Request: POST http://localhost:8001/v1/chat/completions "HTTP/1.1 200 OK"
2026-08-29 03:41:45,913 [INFO] HTTP Request: POST http://localhost:8001/v1/chat/completions "HTTP/1.1 200 OK"
2026-08-29 03:41:46,013 [INFO] HTTP Request: POST http://localhost:8001/v1/chat/completions "HTTP/1.1 200 OK"
2026-08-29 03:41:46,014 [INFO] HTTP Request: POST http://localhost:8001/v1/chat/completions "HTTP/1.1 200 OK"
2026-08-29 03:41:51,426 [INFO] HTTP Request: POST http://localhost:8001/v1/chat/completions "HTTP/1.1 200 OK"
2026-08-29 03:41:51,527 [INFO] HTTP Request: POST http://localhost:8001/v1/chat/completions "HTTP/1.1 200 OK"
2026-08-29 03:41:55,381 [INFO] HTTP Request: POST http://localhost:8001/v1/chat/completions "HTTP/1.1 200 OK"
2026-08-29 03:41:56,353 [INFO] HTTP Request: POST http://localhost:8001/v1/chat/completions "HTTP/1.1 200 OK"
2026-08-29 03:41:57,703 [INFO] HTTP Request: POST http://localhost:8001/v1/chat/completions "HTTP/1.1 200 OK"
2026-08-29 03:42:02,435 [INFO] HTTP Request: POST http://localhost:8001/v1/chat/completions "HTTP/1.1 200 OK"
2026-08-29 03:42:07,457 [INFO] HTTP Request: POST http://localhost:8001/v1/chat/completions "HTTP/1.1 200 OK"
2026-08-29 03:42:37,554 [INFO] HTTP Request: POST http://localhost:8001/v1/chat/completions "HTTP/1.1 200 OK"
2026-08-29 03:42:42,194 [INFO] HTTP Request: POST http://localhost:8001/v1/chat/completions "HTTP/1.1 200 OK"
2026-08-29 03:42:44,295 [INFO] HTTP Request: POST http://localhost:8001/v1/chat/completions "HTTP/1.1 200 OK"
2026-08-29 03:42:47,099 [INFO] HTTP Request: POST http://localhost:8001/v1/chat/completions "HTTP/1.1 200 OK"
2026-08-29 03:42:50,821 [INFO] HTTP Request: POST http://localhost:8001/v1/chat/completions "HTTP/1.1 200 OK"
2026-08-29 03:42:52,257 [INFO] HTTP Request: POST http://localhost:8001/v1/chat/completions "HTTP/1.1 200 OK"
2026-08-29 03:42:59,566 [INFO] HTTP Request: POST http://localhost:8001/v1/chat/completions "HTTP/1.1 200 OK"
2026-08-29 03:43:01,679 [INFO] HTTP Request: POST http://localhost:8001/v1/chat/completions "HTTP/1.1 200 OK"
2026-08-29 03:43:03,778 [INFO] HTTP Request: POST http://localhost:8001/v1/chat/completions "HTTP/1.1 200 OK"
2026-08-29 03:43:03,879 [INFO] HTTP Request: POST http://localhost:8001/v1/chat/completions "HTTP/1.1 200 OK"
2026-08-29 03:43:04,081 [INFO] HTTP Request: POST http://localhost:8001/v1/chat/completions "HTTP/1.1 200 OK"
2026-08-29 03:43:04,579 [INFO] HTTP Request: POST http://localhost:8001/v1/chat/completions "HTTP/1.1 200 OK"
2026-08-29 03:43:35,949 [INFO] HTTP Request: POST http://localhost:8001/v1/chat/completions "HTTP/1.1 200 OK"
2026-08-29 03:43:37,976 [INFO] HTTP Request: POST http://localhost:8001/v1/chat/completions "HTTP/1.1 200 OK"
2026-08-29 03:43:39,898 [INFO] HTTP Request: POST http://localhost:8001/v1/chat/completions "HTTP/1.1 200 OK"
2026-08-29 03:43:41,237 [INFO] HTTP Request: POST http://localhost:8001/v1/chat/completions "HTTP/1.1 200 OK"
2026-08-29 03:43:44,969 [INFO] HTTP Request: POST http://localhost:8001/v1/chat/completions "HTTP/1.1 200 OK"
2026-08-29 03:43:45,383 [INFO] Retrying request to /chat/completions in 0.379006 seconds
2026-08-29 03:43:45,391 [INFO] Retrying request to /chat/completions in 0.495284 seconds
2026-08-29 03:43:45,392 [INFO] Retrying request to /chat/completions in 0.470926 seconds
2026-08-29 03:44:28,991 [INFO] HTTP Request: POST http://localhost:8001/v1/chat/completions "HTTP/1.1 200 OK"
2026-08-29 03:44:32,270 [INFO] HTTP Request: POST http://localhost:8001/v1/chat/completions "HTTP/1.1 200 OK"
2026-08-29 03:44:33,975 [INFO] HTTP Request: POST http://localhost:8001/v1/chat/completions "HTTP/1.1 200 OK"
2026-08-29 03:44:34,057 [INFO]   💾 3648/4921  [ok=3645 skip=0 error=3]
2026-08-29 03:45:29,879 [INFO] HTTP Request: POST http://localhost:8001/v1/chat/completions "HTTP/1.1 200 OK"
2026-08-29 03:45:32,793 [INFO] HTTP Request: POST http://localhost:8001/v1/chat/completions "HTTP/1.1 200 OK"
2026-08-29 03:45:33,317 [INFO] HTTP Request: POST http://localhost:8001/v1/chat/completions "HTTP/1.1 200 OK"
2026-08-29 03:45:33,765 [INFO] HTTP Request: POST http://localhost:8001/v1/chat/completions "HTTP/1.1 200 OK"
2026-08-29 03:45:38,624 [INFO] HTTP Request: POST http://localhost:8001/v1/chat/completions "HTTP/1.1 200 OK"
2026-08-29 03:45:39,595 [INFO] HTTP Request: POST http://localhost:8001/v1/chat/completions "HTTP/1.1 200 OK"
2026-08-29 03:45:42,896 [INFO] HTTP Request: POST http://localhost:8001/v1/chat/completions "HTTP/1.1 200 OK"
2026-08-29 03:45:44,336 [INFO] HTTP Request: POST http://localhost:8001/v1/chat/completions "HTTP/1.1 200 OK"
2026-08-29 03:45:49,315 [INFO] HTTP Request: POST http://localhost:8001/v1/chat/completions "HTTP/1.1 200 OK"
2026-08-29 03:45:51,818 [INFO] HTTP Request: POST http://localhost:8001/v1/chat/completions "HTTP/1.1 200 OK"
2026-08-29 03:45:53,909 [INFO] HTTP Request: POST http://localhost:8001/v1/chat/completions "HTTP/1.1 200 OK"
2026-08-29 03:45:55,709 [INFO] HTTP Request: POST http://localhost:8001/v1/chat/completions "HTTP/1.1 200 OK"
2026-08-29 03:46:29,040 [INFO] HTTP Request: POST http://localhost:8001/v1/chat/completions "HTTP/1.1 200 OK"
2026-08-29 03:46:31,745 [INFO] HTTP Request: POST http://localhost:8001/v1/chat/completions "HTTP/1.1 200 OK"
2026-08-29 03:46:34,559 [INFO] HTTP Request: POST http://localhost:8001/v1/chat/completions "HTTP/1.1 200 OK"
2026-08-29 03:46:37,978 [INFO] HTTP Request: POST http://localhost:8001/v1/chat/completions "HTTP/1.1 200 OK"
2026-08-29 03:46:42,008 [INFO] HTTP Request: POST http://localhost:8001/v1/chat/completions "HTTP/1.1 200 OK"
2026-08-29 03:46:44,716 [INFO] HTTP Request: POST http://localhost:8001/v1/chat/completions "HTTP/1.1 200 OK"
2026-08-29 03:46:48,230 [INFO] HTTP Request: POST http://localhost:8001/v1/chat/completions "HTTP/1.1 200 OK"
2026-08-29 03:46:50,125 [INFO] HTTP Request: POST http://localhost:8001/v1/chat/completions "HTTP/1.1 200 OK"
2026-08-29 03:46:53,641 [INFO] HTTP Request: POST http://localhost:8001/v1/chat/completions "HTTP/1.1 200 OK"
2026-08-29 03:46:53,742 [INFO] HTTP Request: POST http://localhost:8001/v1/chat/completions "HTTP/1.1 200 OK"
2026-08-29 03:46:58,347 [INFO] HTTP Request: POST http://localhost:8001/v1/chat/completions "HTTP/1.1 200 OK"
2026-08-29 03:46:58,646 [INFO] HTTP Request: POST http://localhost:8001/v1/chat/completions "HTTP/1.1 200 OK"
2026-08-29 03:47:21,786 [INFO] HTTP Request: POST http://localhost:8001/v1/chat/completions "HTTP/1.1 200 OK"
2026-08-29 03:47:25,936 [INFO] HTTP Request: POST http://localhost:8001/v1/chat/completions "HTTP/1.1 200 OK"
2026-08-29 03:47:26,032 [INFO] HTTP Request: POST http://localhost:8001/v1/chat/completions "HTTP/1.1 200 OK"
2026-08-29 03:47:26,510 [INFO] HTTP Request: POST http://localhost:8001/v1/chat/completions "HTTP/1.1 200 OK"
2026-08-29 03:47:26,978 [INFO] HTTP Request: POST http://localhost:8001/v1/chat/completions "HTTP/1.1 200 OK"
2026-08-29 03:47:30,225 [INFO] HTTP Request: POST http://localhost:8001/v1/chat/completions "HTTP/1.1 200 OK"
2026-08-29 03:47:34,113 [INFO] Retrying request to /chat/completions in 0.439392 seconds
2026-08-29 03:47:34,170 [INFO] Retrying request to /chat/completions in 0.468218 seconds
2026-08-29 03:48:18,850 [INFO] HTTP Request: POST http://localhost:8001/v1/chat/completions "HTTP/1.1 200 OK"
2026-08-29 03:48:19,606 [INFO] HTTP Request: POST http://localhost:8001/v1/chat/completions "HTTP/1.1 200 OK"
2026-08-29 03:48:19,701 [INFO]   💾 3680/4921  [ok=3677 skip=0 error=3]
2026-08-29 03:49:16,091 [INFO] HTTP Request: POST http://localhost:8001/v1/chat/completions "HTTP/1.1 200 OK"
2026-08-29 03:49:16,191 [INFO] HTTP Request: POST http://localhost:8001/v1/chat/completions "HTTP/1.1 200 OK"
2026-08-29 03:49:20,660 [INFO] HTTP Request: POST http://localhost:8001/v1/chat/completions "HTTP/1.1 200 OK"
2026-08-29 03:49:23,533 [INFO] HTTP Request: POST http://localhost:8001/v1/chat/completions "HTTP/1.1 200 OK"
2026-08-29 03:49:27,165 [INFO] HTTP Request: POST http://localhost:8001/v1/chat/completions "HTTP/1.1 200 OK"
2026-08-29 03:49:28,139 [INFO] HTTP Request: POST http://localhost:8001/v1/chat/completions "HTTP/1.1 200 OK"
2026-08-29 03:49:31,447 [INFO] HTTP Request: POST http://localhost:8001/v1/chat/completions "HTTP/1.1 200 OK"
2026-08-29 03:49:33,953 [INFO] HTTP Request: POST http://localhost:8001/v1/chat/completions "HTTP/1.1 200 OK"
2026-08-29 03:49:36,459 [INFO] HTTP Request: POST http://localhost:8001/v1/chat/completions "HTTP/1.1 200 OK"
2026-08-29 03:49:38,762 [INFO] HTTP Request: POST http://localhost:8001/v1/chat/completions "HTTP/1.1 200 OK"
2026-08-29 03:49:38,863 [INFO] HTTP Request: POST http://localhost:8001/v1/chat/completions "HTTP/1.1 200 OK"
2026-08-29 03:50:14,645 [INFO] HTTP Request: POST http://localhost:8001/v1/chat/completions "HTTP/1.1 200 OK"
2026-08-29 03:50:18,068 [INFO] HTTP Request: POST http://localhost:8001/v1/chat/completions "HTTP/1.1 200 OK"
2026-08-29 03:50:19,780 [INFO] HTTP Request: POST http://localhost:8001/v1/chat/completions "HTTP/1.1 200 OK"
2026-08-29 03:50:23,603 [INFO] HTTP Request: POST http://localhost:8001/v1/chat/completions "HTTP/1.1 200 OK"
2026-08-29 03:50:26,619 [INFO] HTTP Request: POST http://localhost:8001/v1/chat/completions "HTTP/1.1 200 OK"
2026-08-29 03:50:28,420 [INFO] HTTP Request: POST http://localhost:8001/v1/chat/completions "HTTP/1.1 200 OK"
2026-08-29 03:50:30,925 [INFO] HTTP Request: POST http://localhost:8001/v1/chat/completions "HTTP/1.1 200 OK"
2026-08-29 03:50:33,686 [INFO] HTTP Request: POST http://localhost:8001/v1/chat/completions "HTTP/1.1 200 OK"
2026-08-29 03:50:39,123 [INFO] HTTP Request: POST http://localhost:8001/v1/chat/completions "HTTP/1.1 200 OK"
2026-08-29 03:50:42,593 [INFO] HTTP Request: POST http://localhost:8001/v1/chat/completions "HTTP/1.1 200 OK"
2026-08-29 03:50:42,593 [INFO] HTTP Request: POST http://localhost:8001/v1/chat/completions "HTTP/1.1 200 OK"
2026-08-29 03:50:49,807 [INFO] HTTP Request: POST http://localhost:8001/v1/chat/completions "HTTP/1.1 200 OK"
2026-08-29 03:50:56,494 [INFO] HTTP Request: POST http://localhost:8001/v1/chat/completions "HTTP/1.1 200 OK"
2026-08-29 03:51:06,591 [INFO] HTTP Request: POST http://localhost:8001/v1/chat/completions "HTTP/1.1 200 OK"
2026-08-29 03:51:08,135 [INFO] HTTP Request: POST http://localhost:8001/v1/chat/completions "HTTP/1.1 200 OK"
2026-08-29 03:51:10,057 [INFO] HTTP Request: POST http://localhost:8001/v1/chat/completions "HTTP/1.1 200 OK"
2026-08-29 03:51:15,030 [INFO] HTTP Request: POST http://localhost:8001/v1/chat/completions "HTTP/1.1 200 OK"
2026-08-29 03:51:15,219 [INFO] HTTP Request: POST http://localhost:8001/v1/chat/completions "HTTP/1.1 200 OK"
2026-08-29 03:51:15,219 [INFO] HTTP Request: POST http://localhost:8001/v1/chat/completions "HTTP/1.1 200 OK"
2026-08-29 03:51:17,862 [INFO] HTTP Request: POST http://localhost:8001/v1/chat/completions "HTTP/1.1 200 OK"
2026-08-29 03:51:19,785 [INFO] Retrying request to /chat/completions in 0.471393 seconds
2026-08-29 03:52:12,112 [INFO] HTTP Request: POST http://localhost:8001/v1/chat/completions "HTTP/1.1 200 OK"
2026-08-29 03:52:12,201 [INFO]   💾 3712/4921  [ok=3709 skip=0 error=3]
2026-08-29 03:53:12,962 [INFO] HTTP Request: POST http://localhost:8001/v1/chat/completions "HTTP/1.1 200 OK"
2026-08-29 03:53:15,167 [INFO] HTTP Request: POST http://localhost:8001/v1/chat/completions "HTTP/1.1 200 OK"
2026-08-29 03:53:15,688 [INFO] HTTP Request: POST http://localhost:8001/v1/chat/completions "HTTP/1.1 200 OK"
2026-08-29 03:53:18,387 [INFO] HTTP Request: POST http://localhost:8001/v1/chat/completions "HTTP/1.1 200 OK"
2026-08-29 03:53:21,482 [INFO] HTTP Request: POST http://localhost:8001/v1/chat/completions "HTTP/1.1 200 OK"
2026-08-29 03:53:21,584 [INFO] HTTP Request: POST http://localhost:8001/v1/chat/completions "HTTP/1.1 200 OK"
2026-08-29 03:53:25,163 [INFO] HTTP Request: POST http://localhost:8001/v1/chat/completions "HTTP/1.1 200 OK"
2026-08-29 03:53:26,874 [INFO] HTTP Request: POST http://localhost:8001/v1/chat/completions "HTTP/1.1 200 OK"
2026-08-29 03:53:29,188 [INFO] HTTP Request: POST http://localhost:8001/v1/chat/completions "HTTP/1.1 200 OK"
2026-08-29 03:53:30,629 [INFO] HTTP Request: POST http://localhost:8001/v1/chat/completions "HTTP/1.1 200 OK"
2026-08-29 03:53:32,237 [INFO] HTTP Request: POST http://localhost:8001/v1/chat/completions "HTTP/1.1 200 OK"
2026-08-29 03:54:11,746 [INFO] HTTP Request: POST http://localhost:8001/v1/chat/completions "HTTP/1.1 200 OK"
2026-08-29 03:54:14,554 [INFO] HTTP Request: POST http://localhost:8001/v1/chat/completions "HTTP/1.1 200 OK"
2026-08-29 03:54:18,246 [INFO] HTTP Request: POST http://localhost:8001/v1/chat/completions "HTTP/1.1 200 OK"
2026-08-29 03:54:21,274 [INFO] HTTP Request: POST http://localhost:8001/v1/chat/completions "HTTP/1.1 200 OK"
2026-08-29 03:54:23,088 [INFO] HTTP Request: POST http://localhost:8001/v1/chat/completions "HTTP/1.1 200 OK"
2026-08-29 03:54:26,520 [INFO] HTTP Request: POST http://localhost:8001/v1/chat/completions "HTTP/1.1 200 OK"
2026-08-29 03:54:28,229 [INFO] HTTP Request: POST http://localhost:8001/v1/chat/completions "HTTP/1.1 200 OK"
2026-08-29 03:54:29,203 [INFO] HTTP Request: POST http://localhost:8001/v1/chat/completions "HTTP/1.1 200 OK"
2026-08-29 03:54:34,318 [INFO] HTTP Request: POST http://localhost:8001/v1/chat/completions "HTTP/1.1 200 OK"
2026-08-29 03:54:36,487 [INFO] HTTP Request: POST http://localhost:8001/v1/chat/completions "HTTP/1.1 200 OK"
2026-08-29 03:54:37,695 [INFO] HTTP Request: POST http://localhost:8001/v1/chat/completions "HTTP/1.1 200 OK"
2026-08-29 03:54:45,111 [INFO] HTTP Request: POST http://localhost:8001/v1/chat/completions "HTTP/1.1 200 OK"
2026-08-29 03:54:50,904 [INFO] HTTP Request: POST http://localhost:8001/v1/chat/completions "HTTP/1.1 200 OK"
2026-08-29 03:55:08,673 [INFO] HTTP Request: POST http://localhost:8001/v1/chat/completions "HTTP/1.1 200 OK"
2026-08-29 03:55:09,060 [INFO] HTTP Request: POST http://localhost:8001/v1/chat/completions "HTTP/1.1 200 OK"
2026-08-29 03:55:09,349 [INFO] HTTP Request: POST http://localhost:8001/v1/chat/completions "HTTP/1.1 200 OK"
2026-08-29 03:55:10,114 [INFO] HTTP Request: POST http://localhost:8001/v1/chat/completions "HTTP/1.1 200 OK"
2026-08-29 03:55:12,282 [INFO] Retrying request to /chat/completions in 0.436469 seconds
2026-08-29 03:55:12,340 [INFO] Retrying request to /chat/completions in 0.399190 seconds
2026-08-29 03:55:12,350 [INFO] Retrying request to /chat/completions in 0.442533 seconds
2026-08-29 03:55:12,353 [INFO] Retrying request to /chat/completions in 0.411851 seconds
2026-08-29 03:55:54,519 [INFO] HTTP Request: POST http://localhost:8001/v1/chat/completions "HTTP/1.1 200 OK"
2026-08-29 03:55:58,520 [INFO] HTTP Request: POST http://localhost:8001/v1/chat/completions "HTTP/1.1 200 OK"
2026-08-29 03:56:01,526 [INFO] HTTP Request: POST http://localhost:8001/v1/chat/completions "HTTP/1.1 200 OK"
2026-08-29 03:56:09,114 [INFO] HTTP Request: POST http://localhost:8001/v1/chat/completions "HTTP/1.1 200 OK"
2026-08-29 03:56:09,197 [INFO]   💾 3744/4921  [ok=3741 skip=0 error=3]
2026-08-29 03:57:10,001 [INFO] HTTP Request: POST http://localhost:8001/v1/chat/completions "HTTP/1.1 200 OK"
2026-08-29 03:57:13,619 [INFO] HTTP Request: POST http://localhost:8001/v1/chat/completions "HTTP/1.1 200 OK"
2026-08-29 03:57:14,139 [INFO] HTTP Request: POST http://localhost:8001/v1/chat/completions "HTTP/1.1 200 OK"
2026-08-29 03:57:14,583 [INFO] HTTP Request: POST http://localhost:8001/v1/chat/completions "HTTP/1.1 200 OK"
2026-08-29 03:57:17,703 [INFO] HTTP Request: POST http://localhost:8001/v1/chat/completions "HTTP/1.1 200 OK"
2026-08-29 03:57:22,138 [INFO] HTTP Request: POST http://localhost:8001/v1/chat/completions "HTTP/1.1 200 OK"
2026-08-29 03:57:24,657 [INFO] HTTP Request: POST http://localhost:8001/v1/chat/completions "HTTP/1.1 200 OK"
2026-08-29 03:57:29,304 [INFO] HTTP Request: POST http://localhost:8001/v1/chat/completions "HTTP/1.1 200 OK"
2026-08-29 03:57:30,276 [INFO] HTTP Request: POST http://localhost:8001/v1/chat/completions "HTTP/1.1 200 OK"
2026-08-29 03:57:36,142 [INFO] HTTP Request: POST http://localhost:8001/v1/chat/completions "HTTP/1.1 200 OK"
2026-08-29 03:57:39,775 [INFO] HTTP Request: POST http://localhost:8001/v1/chat/completions "HTTP/1.1 200 OK"
2026-08-29 03:58:09,622 [INFO] HTTP Request: POST http://localhost:8001/v1/chat/completions "HTTP/1.1 200 OK"
2026-08-29 03:58:15,054 [INFO] HTTP Request: POST http://localhost:8001/v1/chat/completions "HTTP/1.1 200 OK"
2026-08-29 03:58:17,153 [INFO] HTTP Request: POST http://localhost:8001/v1/chat/completions "HTTP/1.1 200 OK"
2026-08-29 03:58:20,440 [INFO] HTTP Request: POST http://localhost:8001/v1/chat/completions "HTTP/1.1 200 OK"
2026-08-29 03:58:23,468 [INFO] HTTP Request: POST http://localhost:8001/v1/chat/completions "HTTP/1.1 200 OK"
2026-08-29 03:58:23,993 [INFO] HTTP Request: POST http://localhost:8001/v1/chat/completions "HTTP/1.1 200 OK"
2026-08-29 03:58:27,190 [INFO] HTTP Request: POST http://localhost:8001/v1/chat/completions "HTTP/1.1 200 OK"
2026-08-29 03:58:29,509 [INFO] HTTP Request: POST http://localhost:8001/v1/chat/completions "HTTP/1.1 200 OK"
2026-08-29 03:58:33,856 [INFO] HTTP Request: POST http://localhost:8001/v1/chat/completions "HTTP/1.1 200 OK"
2026-08-29 03:58:36,012 [INFO] HTTP Request: POST http://localhost:8001/v1/chat/completions "HTTP/1.1 200 OK"
2026-08-29 03:58:36,113 [INFO] HTTP Request: POST http://localhost:8001/v1/chat/completions "HTTP/1.1 200 OK"
2026-08-29 03:58:51,849 [INFO] HTTP Request: POST http://localhost:8001/v1/chat/completions "HTTP/1.1 200 OK"
2026-08-29 03:58:56,347 [INFO] HTTP Request: POST http://localhost:8001/v1/chat/completions "HTTP/1.1 200 OK"
2026-08-29 03:59:04,412 [INFO] HTTP Request: POST http://localhost:8001/v1/chat/completions "HTTP/1.1 200 OK"
2026-08-29 03:59:08,081 [INFO] HTTP Request: POST http://localhost:8001/v1/chat/completions "HTTP/1.1 200 OK"
2026-08-29 03:59:09,256 [INFO] Retrying request to /chat/completions in 0.379206 seconds
2026-08-29 03:59:09,323 [INFO] Retrying request to /chat/completions in 0.387685 seconds
2026-08-29 03:59:09,328 [INFO] Retrying request to /chat/completions in 0.455103 seconds
2026-08-29 03:59:09,331 [INFO] Retrying request to /chat/completions in 0.433713 seconds
2026-08-29 03:59:09,331 [INFO] HTTP Request: POST http://localhost:8001/v1/chat/completions "HTTP/1.1 200 OK"
2026-08-29 03:59:09,349 [INFO] Retrying request to /chat/completions in 0.375382 seconds
2026-08-29 03:59:51,367 [INFO] HTTP Request: POST http://localhost:8001/v1/chat/completions "HTTP/1.1 200 OK"
2026-08-29 03:59:51,557 [INFO] HTTP Request: POST http://localhost:8001/v1/chat/completions "HTTP/1.1 200 OK"
2026-08-29 03:59:54,067 [INFO] HTTP Request: POST http://localhost:8001/v1/chat/completions "HTTP/1.1 200 OK"
2026-08-29 03:59:54,251 [INFO] HTTP Request: POST http://localhost:8001/v1/chat/completions "HTTP/1.1 200 OK"
2026-08-29 03:59:55,861 [INFO] HTTP Request: POST http://localhost:8001/v1/chat/completions "HTTP/1.1 200 OK"
2026-08-29 03:59:55,953 [INFO]   💾 3776/4921  [ok=3773 skip=0 error=3]
2026-08-29 04:00:51,595 [INFO] HTTP Request: POST http://localhost:8001/v1/chat/completions "HTTP/1.1 200 OK"
2026-08-29 04:00:55,718 [INFO] HTTP Request: POST http://localhost:8001/v1/chat/completions "HTTP/1.1 200 OK"
2026-08-29 04:00:59,436 [INFO] HTTP Request: POST http://localhost:8001/v1/chat/completions "HTTP/1.1 200 OK"
2026-08-29 04:01:01,441 [INFO] HTTP Request: POST http://localhost:8001/v1/chat/completions "HTTP/1.1 200 OK"
2026-08-29 04:01:05,558 [INFO] HTTP Request: POST http://localhost:8001/v1/chat/completions "HTTP/1.1 200 OK"
2026-08-29 04:01:08,755 [INFO] HTTP Request: POST http://localhost:8001/v1/chat/completions "HTTP/1.1 200 OK"
2026-08-29 04:01:09,276 [INFO] HTTP Request: POST http://localhost:8001/v1/chat/completions "HTTP/1.1 200 OK"
2026-08-29 04:01:12,956 [INFO] HTTP Request: POST http://localhost:8001/v1/chat/completions "HTTP/1.1 200 OK"
2026-08-29 04:01:13,928 [INFO] HTTP Request: POST http://localhost:8001/v1/chat/completions "HTTP/1.1 200 OK"
2026-08-29 04:01:18,784 [INFO] HTTP Request: POST http://localhost:8001/v1/chat/completions "HTTP/1.1 200 OK"
2026-08-29 04:01:21,911 [INFO] HTTP Request: POST http://localhost:8001/v1/chat/completions "HTTP/1.1 200 OK"
2026-08-29 04:01:52,279 [INFO] HTTP Request: POST http://localhost:8001/v1/chat/completions "HTTP/1.1 200 OK"
2026-08-29 04:01:57,510 [INFO] HTTP Request: POST http://localhost:8001/v1/chat/completions "HTTP/1.1 200 OK"
2026-08-29 04:02:01,229 [INFO] HTTP Request: POST http://localhost:8001/v1/chat/completions "HTTP/1.1 200 OK"
2026-08-29 04:02:04,610 [INFO] HTTP Request: POST http://localhost:8001/v1/chat/completions "HTTP/1.1 200 OK"
2026-08-29 04:02:07,997 [INFO] HTTP Request: POST http://localhost:8001/v1/chat/completions "HTTP/1.1 200 OK"
2026-08-29 04:02:11,434 [INFO] HTTP Request: POST http://localhost:8001/v1/chat/completions "HTTP/1.1 200 OK"
2026-08-29 04:02:12,874 [INFO] HTTP Request: POST http://localhost:8001/v1/chat/completions "HTTP/1.1 200 OK"
2026-08-29 04:02:18,144 [INFO] HTTP Request: POST http://localhost:8001/v1/chat/completions "HTTP/1.1 200 OK"
2026-08-29 04:02:23,507 [INFO] HTTP Request: POST http://localhost:8001/v1/chat/completions "HTTP/1.1 200 OK"
2026-08-29 04:02:30,225 [INFO] HTTP Request: POST http://localhost:8001/v1/chat/completions "HTTP/1.1 200 OK"
2026-08-29 04:02:31,234 [INFO] HTTP Request: POST http://localhost:8001/v1/chat/completions "HTTP/1.1 200 OK"
2026-08-29 04:02:44,381 [INFO] HTTP Request: POST http://localhost:8001/v1/chat/completions "HTTP/1.1 200 OK"
2026-08-29 04:02:51,288 [INFO] HTTP Request: POST http://localhost:8001/v1/chat/completions "HTTP/1.1 200 OK"
2026-08-29 04:02:54,886 [INFO] HTTP Request: POST http://localhost:8001/v1/chat/completions "HTTP/1.1 200 OK"
2026-08-29 04:02:55,079 [INFO] HTTP Request: POST http://localhost:8001/v1/chat/completions "HTTP/1.1 200 OK"
2026-08-29 04:02:56,007 [INFO] Retrying request to /chat/completions in 0.395220 seconds
2026-08-29 04:02:56,065 [INFO] Retrying request to /chat/completions in 0.416071 seconds
2026-08-29 04:02:56,090 [INFO] Retrying request to /chat/completions in 0.426003 seconds
2026-08-29 04:02:56,094 [INFO] Retrying request to /chat/completions in 0.388298 seconds
2026-08-29 04:02:56,106 [INFO] Retrying request to /chat/completions in 0.427751 seconds
2026-08-29 04:02:56,107 [INFO] Retrying request to /chat/completions in 0.383034 seconds
2026-08-29 04:03:38,229 [INFO] HTTP Request: POST http://localhost:8001/v1/chat/completions "HTTP/1.1 200 OK"
2026-08-29 04:03:40,816 [INFO] HTTP Request: POST http://localhost:8001/v1/chat/completions "HTTP/1.1 200 OK"
2026-08-29 04:03:45,017 [INFO] HTTP Request: POST http://localhost:8001/v1/chat/completions "HTTP/1.1 200 OK"
2026-08-29 04:03:45,761 [INFO] HTTP Request: POST http://localhost:8001/v1/chat/completions "HTTP/1.1 200 OK"
2026-08-29 04:03:46,765 [INFO] HTTP Request: POST http://localhost:8001/v1/chat/completions "HTTP/1.1 200 OK"
2026-08-29 04:03:47,331 [INFO] HTTP Request: POST http://localhost:8001/v1/chat/completions "HTTP/1.1 200 OK"
2026-08-29 04:03:47,405 [INFO]   💾 3808/4921  [ok=3805 skip=0 error=3]
2026-08-29 04:04:44,264 [INFO] HTTP Request: POST http://localhost:8001/v1/chat/completions "HTTP/1.1 200 OK"
2026-08-29 04:04:49,905 [INFO] HTTP Request: POST http://localhost:8001/v1/chat/completions "HTTP/1.1 200 OK"
2026-08-29 04:04:52,819 [INFO] HTTP Request: POST http://localhost:8001/v1/chat/completions "HTTP/1.1 200 OK"
2026-08-29 04:04:55,735 [INFO] HTTP Request: POST http://localhost:8001/v1/chat/completions "HTTP/1.1 200 OK"
2026-08-29 04:04:58,952 [INFO] HTTP Request: POST http://localhost:8001/v1/chat/completions "HTTP/1.1 200 OK"
2026-08-29 04:05:00,659 [INFO] HTTP Request: POST http://localhost:8001/v1/chat/completions "HTTP/1.1 200 OK"
2026-08-29 04:05:05,572 [INFO] HTTP Request: POST http://localhost:8001/v1/chat/completions "HTTP/1.1 200 OK"
2026-08-29 04:05:08,349 [INFO] HTTP Request: POST http://localhost:8001/v1/chat/completions "HTTP/1.1 200 OK"
2026-08-29 04:05:08,779 [INFO] HTTP Request: POST http://localhost:8001/v1/chat/completions "HTTP/1.1 200 OK"
2026-08-29 04:05:12,378 [INFO] HTTP Request: POST http://localhost:8001/v1/chat/completions "HTTP/1.1 200 OK"
2026-08-29 04:05:15,405 [INFO] HTTP Request: POST http://localhost:8001/v1/chat/completions "HTTP/1.1 200 OK"
2026-08-29 04:05:46,348 [INFO] HTTP Request: POST http://localhost:8001/v1/chat/completions "HTTP/1.1 200 OK"
2026-08-29 04:05:48,455 [INFO] HTTP Request: POST http://localhost:8001/v1/chat/completions "HTTP/1.1 200 OK"
2026-08-29 04:05:56,828 [INFO] HTTP Request: POST http://localhost:8001/v1/chat/completions "HTTP/1.1 200 OK"
2026-08-29 04:05:58,733 [INFO] HTTP Request: POST http://localhost:8001/v1/chat/completions "HTTP/1.1 200 OK"
2026-08-29 04:06:02,757 [INFO] HTTP Request: POST http://localhost:8001/v1/chat/completions "HTTP/1.1 200 OK"
2026-08-29 04:06:05,470 [INFO] HTTP Request: POST http://localhost:8001/v1/chat/completions "HTTP/1.1 200 OK"
2026-08-29 04:06:06,434 [INFO] HTTP Request: POST http://localhost:8001/v1/chat/completions "HTTP/1.1 200 OK"
2026-08-29 04:06:12,135 [INFO] HTTP Request: POST http://localhost:8001/v1/chat/completions "HTTP/1.1 200 OK"
2026-08-29 04:06:14,280 [INFO] HTTP Request: POST http://localhost:8001/v1/chat/completions "HTTP/1.1 200 OK"
2026-08-29 04:06:15,252 [INFO] HTTP Request: POST http://localhost:8001/v1/chat/completions "HTTP/1.1 200 OK"
2026-08-29 04:06:16,747 [INFO] HTTP Request: POST http://localhost:8001/v1/chat/completions "HTTP/1.1 200 OK"
2026-08-29 04:06:37,224 [INFO] HTTP Request: POST http://localhost:8001/v1/chat/completions "HTTP/1.1 200 OK"
2026-08-29 04:06:38,326 [INFO] HTTP Request: POST http://localhost:8001/v1/chat/completions "HTTP/1.1 200 OK"
2026-08-29 04:06:44,835 [INFO] HTTP Request: POST http://localhost:8001/v1/chat/completions "HTTP/1.1 200 OK"
2026-08-29 04:06:47,502 [INFO] Retrying request to /chat/completions in 0.472231 seconds
2026-08-29 04:06:47,502 [INFO] Retrying request to /chat/completions in 0.496598 seconds
2026-08-29 04:06:47,523 [INFO] Retrying request to /chat/completions in 0.478706 seconds
2026-08-29 04:06:47,530 [INFO] Retrying request to /chat/completions in 0.400390 seconds
2026-08-29 04:06:47,535 [INFO] Retrying request to /chat/completions in 0.421556 seconds
2026-08-29 04:06:47,552 [INFO] Retrying request to /chat/completions in 0.415839 seconds
2026-08-29 04:06:47,556 [INFO] Retrying request to /chat/completions in 0.421572 seconds
2026-08-29 04:07:29,368 [INFO] HTTP Request: POST http://localhost:8001/v1/chat/completions "HTTP/1.1 200 OK"
2026-08-29 04:07:33,217 [INFO] HTTP Request: POST http://localhost:8001/v1/chat/completions "HTTP/1.1 200 OK"
2026-08-29 04:07:33,409 [INFO] HTTP Request: POST http://localhost:8001/v1/chat/completions "HTTP/1.1 200 OK"
2026-08-29 04:07:33,505 [INFO] HTTP Request: POST http://localhost:8001/v1/chat/completions "HTTP/1.1 200 OK"
2026-08-29 04:07:34,528 [INFO] HTTP Request: POST http://localhost:8001/v1/chat/completions "HTTP/1.1 200 OK"
2026-08-29 04:07:38,264 [INFO] HTTP Request: POST http://localhost:8001/v1/chat/completions "HTTP/1.1 200 OK"
2026-08-29 04:07:39,588 [INFO] HTTP Request: POST http://localhost:8001/v1/chat/completions "HTTP/1.1 200 OK"
2026-08-29 04:07:39,648 [INFO]   💾 3840/4921  [ok=3837 skip=0 error=3]
2026-08-29 04:08:35,844 [INFO] HTTP Request: POST http://localhost:8001/v1/chat/completions "HTTP/1.1 200 OK"
2026-08-29 04:08:40,476 [INFO] HTTP Request: POST http://localhost:8001/v1/chat/completions "HTTP/1.1 200 OK"
2026-08-29 04:08:42,280 [INFO] HTTP Request: POST http://localhost:8001/v1/chat/completions "HTTP/1.1 200 OK"
2026-08-29 04:08:42,382 [INFO] HTTP Request: POST http://localhost:8001/v1/chat/completions "HTTP/1.1 200 OK"
2026-08-29 04:08:47,478 [INFO] HTTP Request: POST http://localhost:8001/v1/chat/completions "HTTP/1.1 200 OK"
2026-08-29 04:08:52,495 [INFO] HTTP Request: POST http://localhost:8001/v1/chat/completions "HTTP/1.1 200 OK"
2026-08-29 04:08:53,461 [INFO] HTTP Request: POST http://localhost:8001/v1/chat/completions "HTTP/1.1 200 OK"
2026-08-29 04:08:57,298 [INFO] HTTP Request: POST http://localhost:8001/v1/chat/completions "HTTP/1.1 200 OK"
2026-08-29 04:09:00,854 [INFO] HTTP Request: POST http://localhost:8001/v1/chat/completions "HTTP/1.1 200 OK"
2026-08-29 04:09:03,782 [INFO] HTTP Request: POST http://localhost:8001/v1/chat/completions "HTTP/1.1 200 OK"
2026-08-29 04:09:05,698 [INFO] HTTP Request: POST http://localhost:8001/v1/chat/completions "HTTP/1.1 200 OK"
2026-08-29 04:09:48,364 [INFO] HTTP Request: POST http://localhost:8001/v1/chat/completions "HTTP/1.1 200 OK"
2026-08-29 04:09:51,180 [INFO] HTTP Request: POST http://localhost:8001/v1/chat/completions "HTTP/1.1 200 OK"
2026-08-29 04:09:51,702 [INFO] HTTP Request: POST http://localhost:8001/v1/chat/completions "HTTP/1.1 200 OK"
2026-08-29 04:09:54,371 [INFO] HTTP Request: POST http://localhost:8001/v1/chat/completions "HTTP/1.1 200 OK"
2026-08-29 04:09:54,470 [INFO] HTTP Request: POST http://localhost:8001/v1/chat/completions "HTTP/1.1 200 OK"
2026-08-29 04:09:55,332 [INFO] HTTP Request: POST http://localhost:8001/v1/chat/completions "HTTP/1.1 200 OK"
2026-08-29 04:10:00,782 [INFO] HTTP Request: POST http://localhost:8001/v1/chat/completions "HTTP/1.1 200 OK"
2026-08-29 04:10:03,613 [INFO] HTTP Request: POST http://localhost:8001/v1/chat/completions "HTTP/1.1 200 OK"
2026-08-29 04:10:05,531 [INFO] HTTP Request: POST http://localhost:8001/v1/chat/completions "HTTP/1.1 200 OK"
2026-08-29 04:10:06,972 [INFO] HTTP Request: POST http://localhost:8001/v1/chat/completions "HTTP/1.1 200 OK"
2026-08-29 04:10:07,686 [INFO] HTTP Request: POST http://localhost:8001/v1/chat/completions "HTTP/1.1 200 OK"
2026-08-29 04:10:32,460 [INFO] HTTP Request: POST http://localhost:8001/v1/chat/completions "HTTP/1.1 200 OK"
2026-08-29 04:10:33,061 [INFO] HTTP Request: POST http://localhost:8001/v1/chat/completions "HTTP/1.1 200 OK"
2026-08-29 04:10:39,764 [INFO] Retrying request to /chat/completions in 0.465518 seconds
2026-08-29 04:10:39,776 [INFO] Retrying request to /chat/completions in 0.454867 seconds
2026-08-29 04:10:39,776 [INFO] Retrying request to /chat/completions in 0.405271 seconds
2026-08-29 04:10:39,784 [INFO] Retrying request to /chat/completions in 0.393458 seconds
2026-08-29 04:10:39,784 [INFO] Retrying request to /chat/completions in 0.418931 seconds
2026-08-29 04:10:39,786 [INFO] Retrying request to /chat/completions in 0.411331 seconds
2026-08-29 04:10:39,799 [INFO] Retrying request to /chat/completions in 0.467628 seconds
2026-08-29 04:10:39,799 [INFO] Retrying request to /chat/completions in 0.422875 seconds
2026-08-29 04:11:21,358 [INFO] HTTP Request: POST http://localhost:8001/v1/chat/completions "HTTP/1.1 200 OK"
2026-08-29 04:11:22,902 [INFO] HTTP Request: POST http://localhost:8001/v1/chat/completions "HTTP/1.1 200 OK"
2026-08-29 04:11:25,212 [INFO] HTTP Request: POST http://localhost:8001/v1/chat/completions "HTTP/1.1 200 OK"
2026-08-29 04:11:25,214 [INFO] HTTP Request: POST http://localhost:8001/v1/chat/completions "HTTP/1.1 200 OK"
2026-08-29 04:11:25,588 [INFO] HTTP Request: POST http://localhost:8001/v1/chat/completions "HTTP/1.1 200 OK"
2026-08-29 04:11:25,867 [INFO] HTTP Request: POST http://localhost:8001/v1/chat/completions "HTTP/1.1 200 OK"
2026-08-29 04:11:26,051 [INFO] HTTP Request: POST http://localhost:8001/v1/chat/completions "HTTP/1.1 200 OK"
2026-08-29 04:11:28,704 [INFO] HTTP Request: POST http://localhost:8001/v1/chat/completions "HTTP/1.1 200 OK"
2026-08-29 04:11:28,799 [INFO]   💾 3872/4921  [ok=3869 skip=0 error=3]
2026-08-29 04:12:26,237 [INFO] HTTP Request: POST http://localhost:8001/v1/chat/completions "HTTP/1.1 200 OK"
2026-08-29 04:12:29,063 [INFO] HTTP Request: POST http://localhost:8001/v1/chat/completions "HTTP/1.1 200 OK"
2026-08-29 04:12:32,484 [INFO] HTTP Request: POST http://localhost:8001/v1/chat/completions "HTTP/1.1 200 OK"
2026-08-29 04:12:35,501 [INFO] HTTP Request: POST http://localhost:8001/v1/chat/completions "HTTP/1.1 200 OK"
2026-08-29 04:12:38,025 [INFO] HTTP Request: POST http://localhost:8001/v1/chat/completions "HTTP/1.1 200 OK"
2026-08-29 04:12:39,454 [INFO] HTTP Request: POST http://localhost:8001/v1/chat/completions "HTTP/1.1 200 OK"
2026-08-29 04:12:44,261 [INFO] HTTP Request: POST http://localhost:8001/v1/chat/completions "HTTP/1.1 200 OK"
2026-08-29 04:12:46,577 [INFO] HTTP Request: POST http://localhost:8001/v1/chat/completions "HTTP/1.1 200 OK"
2026-08-29 04:12:47,036 [INFO] HTTP Request: POST http://localhost:8001/v1/chat/completions "HTTP/1.1 200 OK"
2026-08-29 04:12:51,781 [INFO] HTTP Request: POST http://localhost:8001/v1/chat/completions "HTTP/1.1 200 OK"
2026-08-29 04:12:54,204 [INFO] HTTP Request: POST http://localhost:8001/v1/chat/completions "HTTP/1.1 200 OK"
2026-08-29 04:13:28,811 [INFO] HTTP Request: POST http://localhost:8001/v1/chat/completions "HTTP/1.1 200 OK"
2026-08-29 04:13:32,838 [INFO] HTTP Request: POST http://localhost:8001/v1/chat/completions "HTTP/1.1 200 OK"
2026-08-29 04:13:34,845 [INFO] HTTP Request: POST http://localhost:8001/v1/chat/completions "HTTP/1.1 200 OK"
2026-08-29 04:13:36,852 [INFO] HTTP Request: POST http://localhost:8001/v1/chat/completions "HTTP/1.1 200 OK"
2026-08-29 04:13:40,183 [INFO] HTTP Request: POST http://localhost:8001/v1/chat/completions "HTTP/1.1 200 OK"
2026-08-29 04:13:42,595 [INFO] HTTP Request: POST http://localhost:8001/v1/chat/completions "HTTP/1.1 200 OK"
2026-08-29 04:13:44,477 [INFO] HTTP Request: POST http://localhost:8001/v1/chat/completions "HTTP/1.1 200 OK"
2026-08-29 04:13:49,927 [INFO] HTTP Request: POST http://localhost:8001/v1/chat/completions "HTTP/1.1 200 OK"
2026-08-29 04:13:53,076 [INFO] HTTP Request: POST http://localhost:8001/v1/chat/completions "HTTP/1.1 200 OK"
2026-08-29 04:13:55,754 [INFO] HTTP Request: POST http://localhost:8001/v1/chat/completions "HTTP/1.1 200 OK"
2026-08-29 04:13:57,267 [INFO] HTTP Request: POST http://localhost:8001/v1/chat/completions "HTTP/1.1 200 OK"
2026-08-29 04:14:17,548 [INFO] HTTP Request: POST http://localhost:8001/v1/chat/completions "HTTP/1.1 200 OK"
2026-08-29 04:14:21,757 [INFO] HTTP Request: POST http://localhost:8001/v1/chat/completions "HTTP/1.1 200 OK"
2026-08-29 04:14:27,686 [INFO] HTTP Request: POST http://localhost:8001/v1/chat/completions "HTTP/1.1 200 OK"
2026-08-29 04:14:28,878 [INFO] Retrying request to /chat/completions in 0.435928 seconds
2026-08-29 04:14:28,909 [INFO] Retrying request to /chat/completions in 0.407047 seconds
2026-08-29 04:14:28,928 [INFO] Retrying request to /chat/completions in 0.484736 seconds
2026-08-29 04:14:28,929 [INFO] Retrying request to /chat/completions in 0.411913 seconds
2026-08-29 04:14:28,940 [INFO] Retrying request to /chat/completions in 0.470003 seconds
2026-08-29 04:14:28,940 [INFO] Retrying request to /chat/completions in 0.457037 seconds
2026-08-29 04:14:28,947 [INFO] Retrying request to /chat/completions in 0.420333 seconds
2026-08-29 04:15:12,695 [INFO] HTTP Request: POST http://localhost:8001/v1/chat/completions "HTTP/1.1 200 OK"
2026-08-29 04:15:15,775 [INFO] HTTP Request: POST http://localhost:8001/v1/chat/completions "HTTP/1.1 200 OK"
2026-08-29 04:15:16,543 [INFO] HTTP Request: POST http://localhost:8001/v1/chat/completions "HTTP/1.1 200 OK"
2026-08-29 04:15:16,918 [INFO] HTTP Request: POST http://localhost:8001/v1/chat/completions "HTTP/1.1 200 OK"
2026-08-29 04:15:17,942 [INFO] HTTP Request: POST http://localhost:8001/v1/chat/completions "HTTP/1.1 200 OK"
2026-08-29 04:15:19,583 [INFO] HTTP Request: POST http://localhost:8001/v1/chat/completions "HTTP/1.1 200 OK"
2026-08-29 04:15:20,528 [INFO] HTTP Request: POST http://localhost:8001/v1/chat/completions "HTTP/1.1 200 OK"
2026-08-29 04:15:20,609 [INFO]   💾 3904/4921  [ok=3901 skip=0 error=3]
2026-08-29 04:16:18,170 [INFO] HTTP Request: POST http://localhost:8001/v1/chat/completions "HTTP/1.1 200 OK"
2026-08-29 04:16:19,973 [INFO] HTTP Request: POST http://localhost:8001/v1/chat/completions "HTTP/1.1 200 OK"
2026-08-29 04:16:20,075 [INFO] HTTP Request: POST http://localhost:8001/v1/chat/completions "HTTP/1.1 200 OK"
2026-08-29 04:16:25,583 [INFO] HTTP Request: POST http://localhost:8001/v1/chat/completions "HTTP/1.1 200 OK"
2026-08-29 04:16:27,792 [INFO] HTTP Request: POST http://localhost:8001/v1/chat/completions "HTTP/1.1 200 OK"
2026-08-29 04:16:29,708 [INFO] HTTP Request: POST http://localhost:8001/v1/chat/completions "HTTP/1.1 200 OK"
2026-08-29 04:16:30,230 [INFO] HTTP Request: POST http://localhost:8001/v1/chat/completions "HTTP/1.1 200 OK"
2026-08-29 04:16:32,015 [INFO] HTTP Request: POST http://localhost:8001/v1/chat/completions "HTTP/1.1 200 OK"
2026-08-29 04:16:38,769 [INFO] HTTP Request: POST http://localhost:8001/v1/chat/completions "HTTP/1.1 200 OK"
2026-08-29 04:16:45,676 [INFO] HTTP Request: POST http://localhost:8001/v1/chat/completions "HTTP/1.1 200 OK"
2026-08-29 04:16:48,121 [INFO] HTTP Request: POST http://localhost:8001/v1/chat/completions "HTTP/1.1 200 OK"
2026-08-29 04:17:20,015 [INFO] HTTP Request: POST http://localhost:8001/v1/chat/completions "HTTP/1.1 200 OK"
2026-08-29 04:17:27,210 [INFO] HTTP Request: POST http://localhost:8001/v1/chat/completions "HTTP/1.1 200 OK"
2026-08-29 04:17:28,176 [INFO] HTTP Request: POST http://localhost:8001/v1/chat/completions "HTTP/1.1 200 OK"
2026-08-29 04:17:30,616 [INFO] HTTP Request: POST http://localhost:8001/v1/chat/completions "HTTP/1.1 200 OK"
2026-08-29 04:17:32,538 [INFO] HTTP Request: POST http://localhost:8001/v1/chat/completions "HTTP/1.1 200 OK"
2026-08-29 04:17:38,881 [INFO] HTTP Request: POST http://localhost:8001/v1/chat/completions "HTTP/1.1 200 OK"
2026-08-29 04:17:41,999 [INFO] HTTP Request: POST http://localhost:8001/v1/chat/completions "HTTP/1.1 200 OK"
2026-08-29 04:17:43,817 [INFO] HTTP Request: POST http://localhost:8001/v1/chat/completions "HTTP/1.1 200 OK"
2026-08-29 04:17:47,054 [INFO] HTTP Request: POST http://localhost:8001/v1/chat/completions "HTTP/1.1 200 OK"
2026-08-29 04:17:49,322 [INFO] HTTP Request: POST http://localhost:8001/v1/chat/completions "HTTP/1.1 200 OK"
2026-08-29 04:17:54,165 [INFO] HTTP Request: POST http://localhost:8001/v1/chat/completions "HTTP/1.1 200 OK"
2026-08-29 04:18:20,667 [INFO] Retrying request to /chat/completions in 0.426062 seconds
2026-08-29 04:18:20,690 [INFO] Retrying request to /chat/completions in 0.397234 seconds
2026-08-29 04:18:20,697 [INFO] Retrying request to /chat/completions in 0.390799 seconds
2026-08-29 04:18:20,707 [INFO] Retrying request to /chat/completions in 0.439290 seconds
2026-08-29 04:18:20,708 [INFO] Retrying request to /chat/completions in 0.387244 seconds
2026-08-29 04:18:20,747 [INFO] Retrying request to /chat/completions in 0.443290 seconds
2026-08-29 04:18:20,749 [INFO] Retrying request to /chat/completions in 0.469335 seconds
2026-08-29 04:18:20,757 [INFO] Retrying request to /chat/completions in 0.470830 seconds
2026-08-29 04:18:20,758 [INFO] Retrying request to /chat/completions in 0.439323 seconds
2026-08-29 04:18:20,758 [INFO] Retrying request to /chat/completions in 0.444043 seconds
2026-08-29 04:19:02,776 [INFO] HTTP Request: POST http://localhost:8001/v1/chat/completions "HTTP/1.1 200 OK"
2026-08-29 04:19:05,082 [INFO] HTTP Request: POST http://localhost:8001/v1/chat/completions "HTTP/1.1 200 OK"
2026-08-29 04:19:07,224 [INFO] HTTP Request: POST http://localhost:8001/v1/chat/completions "HTTP/1.1 200 OK"
2026-08-29 04:19:08,963 [INFO] HTTP Request: POST http://localhost:8001/v1/chat/completions "HTTP/1.1 200 OK"
2026-08-29 04:19:09,733 [INFO] HTTP Request: POST http://localhost:8001/v1/chat/completions "HTTP/1.1 200 OK"
2026-08-29 04:19:11,556 [INFO] HTTP Request: POST http://localhost:8001/v1/chat/completions "HTTP/1.1 200 OK"
2026-08-29 04:19:11,652 [INFO] HTTP Request: POST http://localhost:8001/v1/chat/completions "HTTP/1.1 200 OK"
2026-08-29 04:19:11,654 [INFO] HTTP Request: POST http://localhost:8001/v1/chat/completions "HTTP/1.1 200 OK"
2026-08-29 04:19:12,838 [INFO] HTTP Request: POST http://localhost:8001/v1/chat/completions "HTTP/1.1 200 OK"
2026-08-29 04:19:13,214 [INFO] HTTP Request: POST http://localhost:8001/v1/chat/completions "HTTP/1.1 200 OK"
2026-08-29 04:19:13,292 [INFO]   💾 3936/4921  [ok=3933 skip=0 error=3]
2026-08-29 04:20:12,281 [INFO] HTTP Request: POST http://localhost:8001/v1/chat/completions "HTTP/1.1 200 OK"
2026-08-29 04:20:13,713 [INFO] HTTP Request: POST http://localhost:8001/v1/chat/completions "HTTP/1.1 200 OK"
2026-08-29 04:20:15,345 [INFO] HTTP Request: POST http://localhost:8001/v1/chat/completions "HTTP/1.1 200 OK"
2026-08-29 04:20:16,979 [INFO] HTTP Request: POST http://localhost:8001/v1/chat/completions "HTTP/1.1 200 OK"
2026-08-29 04:20:23,330 [INFO] HTTP Request: POST http://localhost:8001/v1/chat/completions "HTTP/1.1 200 OK"
2026-08-29 04:20:23,430 [INFO] HTTP Request: POST http://localhost:8001/v1/chat/completions "HTTP/1.1 200 OK"
2026-08-29 04:20:28,565 [INFO] HTTP Request: POST http://localhost:8001/v1/chat/completions "HTTP/1.1 200 OK"
2026-08-29 04:20:30,286 [INFO] HTTP Request: POST http://localhost:8001/v1/chat/completions "HTTP/1.1 200 OK"
2026-08-29 04:20:30,805 [INFO] HTTP Request: POST http://localhost:8001/v1/chat/completions "HTTP/1.1 200 OK"
2026-08-29 04:20:34,395 [INFO] HTTP Request: POST http://localhost:8001/v1/chat/completions "HTTP/1.1 200 OK"
2026-08-29 04:20:40,895 [INFO] HTTP Request: POST http://localhost:8001/v1/chat/completions "HTTP/1.1 200 OK"
2026-08-29 04:21:11,495 [INFO] HTTP Request: POST http://localhost:8001/v1/chat/completions "HTTP/1.1 200 OK"
2026-08-29 04:21:15,134 [INFO] HTTP Request: POST http://localhost:8001/v1/chat/completions "HTTP/1.1 200 OK"
2026-08-29 04:21:18,468 [INFO] HTTP Request: POST http://localhost:8001/v1/chat/completions "HTTP/1.1 200 OK"
2026-08-29 04:21:20,191 [INFO] HTTP Request: POST http://localhost:8001/v1/chat/completions "HTTP/1.1 200 OK"
2026-08-29 04:21:28,469 [INFO] HTTP Request: POST http://localhost:8001/v1/chat/completions "HTTP/1.1 200 OK"
2026-08-29 04:21:30,391 [INFO] HTTP Request: POST http://localhost:8001/v1/chat/completions "HTTP/1.1 200 OK"
2026-08-29 04:21:32,117 [INFO] HTTP Request: POST http://localhost:8001/v1/chat/completions "HTTP/1.1 200 OK"
2026-08-29 04:21:33,549 [INFO] HTTP Request: POST http://localhost:8001/v1/chat/completions "HTTP/1.1 200 OK"
2026-08-29 04:21:35,217 [INFO] HTTP Request: POST http://localhost:8001/v1/chat/completions "HTTP/1.1 200 OK"
2026-08-29 04:21:44,240 [INFO] HTTP Request: POST http://localhost:8001/v1/chat/completions "HTTP/1.1 200 OK"
2026-08-29 04:21:45,977 [INFO] HTTP Request: POST http://localhost:8001/v1/chat/completions "HTTP/1.1 200 OK"
2026-08-29 04:22:07,505 [INFO] HTTP Request: POST http://localhost:8001/v1/chat/completions "HTTP/1.1 200 OK"
2026-08-29 04:22:08,087 [INFO] HTTP Request: POST http://localhost:8001/v1/chat/completions "HTTP/1.1 200 OK"
2026-08-29 04:22:13,345 [INFO] Retrying request to /chat/completions in 0.410604 seconds
2026-08-29 04:22:13,372 [INFO] Retrying request to /chat/completions in 0.395654 seconds
2026-08-29 04:22:13,392 [INFO] Retrying request to /chat/completions in 0.474010 seconds
2026-08-29 04:22:13,404 [INFO] Retrying request to /chat/completions in 0.498950 seconds
2026-08-29 04:22:13,418 [INFO] Retrying request to /chat/completions in 0.490610 seconds
2026-08-29 04:22:13,424 [INFO] Retrying request to /chat/completions in 0.474331 seconds
2026-08-29 04:22:13,439 [INFO] Retrying request to /chat/completions in 0.472645 seconds
2026-08-29 04:22:13,442 [INFO] Retrying request to /chat/completions in 0.470750 seconds
2026-08-29 04:22:53,719 [INFO] HTTP Request: POST http://localhost:8001/v1/chat/completions "HTTP/1.1 200 OK"
2026-08-29 04:22:59,899 [INFO] HTTP Request: POST http://localhost:8001/v1/chat/completions "HTTP/1.1 200 OK"
2026-08-29 04:23:00,285 [INFO] HTTP Request: POST http://localhost:8001/v1/chat/completions "HTTP/1.1 200 OK"
2026-08-29 04:23:00,669 [INFO] HTTP Request: POST http://localhost:8001/v1/chat/completions "HTTP/1.1 200 OK"
2026-08-29 04:23:01,979 [INFO] HTTP Request: POST http://localhost:8001/v1/chat/completions "HTTP/1.1 200 OK"
2026-08-29 04:23:02,536 [INFO] HTTP Request: POST http://localhost:8001/v1/chat/completions "HTTP/1.1 200 OK"
2026-08-29 04:23:03,176 [INFO] HTTP Request: POST http://localhost:8001/v1/chat/completions "HTTP/1.1 200 OK"
2026-08-29 04:23:03,457 [INFO] HTTP Request: POST http://localhost:8001/v1/chat/completions "HTTP/1.1 200 OK"
2026-08-29 04:23:03,535 [INFO]   💾 3968/4921  [ok=3965 skip=0 error=3]
2026-08-29 04:24:01,073 [INFO] HTTP Request: POST http://localhost:8001/v1/chat/completions "HTTP/1.1 200 OK"
2026-08-29 04:24:01,595 [INFO] HTTP Request: POST http://localhost:8001/v1/chat/completions "HTTP/1.1 200 OK"
2026-08-29 04:24:02,501 [INFO] HTTP Request: POST http://localhost:8001/v1/chat/completions "HTTP/1.1 200 OK"
2026-08-29 04:24:07,926 [INFO] HTTP Request: POST http://localhost:8001/v1/chat/completions "HTTP/1.1 200 OK"
2026-08-29 04:24:11,670 [INFO] HTTP Request: POST http://localhost:8001/v1/chat/completions "HTTP/1.1 200 OK"
2026-08-29 04:24:11,671 [INFO] HTTP Request: POST http://localhost:8001/v1/chat/completions "HTTP/1.1 200 OK"
2026-08-29 04:24:15,387 [INFO] HTTP Request: POST http://localhost:8001/v1/chat/completions "HTTP/1.1 200 OK"
2026-08-29 04:24:19,939 [INFO] HTTP Request: POST http://localhost:8001/v1/chat/completions "HTTP/1.1 200 OK"
2026-08-29 04:24:22,059 [INFO] HTTP Request: POST http://localhost:8001/v1/chat/completions "HTTP/1.1 200 OK"
2026-08-29 04:24:26,720 [INFO] HTTP Request: POST http://localhost:8001/v1/chat/completions "HTTP/1.1 200 OK"
2026-08-29 04:24:31,421 [INFO] HTTP Request: POST http://localhost:8001/v1/chat/completions "HTTP/1.1 200 OK"
2026-08-29 04:24:59,578 [INFO] HTTP Request: POST http://localhost:8001/v1/chat/completions "HTTP/1.1 200 OK"
2026-08-29 04:25:08,880 [INFO] HTTP Request: POST http://localhost:8001/v1/chat/completions "HTTP/1.1 200 OK"
2026-08-29 04:25:12,319 [INFO] HTTP Request: POST http://localhost:8001/v1/chat/completions "HTTP/1.1 200 OK"
2026-08-29 04:25:12,841 [INFO] HTTP Request: POST http://localhost:8001/v1/chat/completions "HTTP/1.1 200 OK"
2026-08-29 04:25:14,202 [INFO] HTTP Request: POST http://localhost:8001/v1/chat/completions "HTTP/1.1 200 OK"
2026-08-29 04:25:15,553 [INFO] HTTP Request: POST http://localhost:8001/v1/chat/completions "HTTP/1.1 200 OK"
2026-08-29 04:25:19,186 [INFO] HTTP Request: POST http://localhost:8001/v1/chat/completions "HTTP/1.1 200 OK"
2026-08-29 04:25:22,150 [INFO] HTTP Request: POST http://localhost:8001/v1/chat/completions "HTTP/1.1 200 OK"
2026-08-29 04:25:26,187 [INFO] HTTP Request: POST http://localhost:8001/v1/chat/completions "HTTP/1.1 200 OK"
2026-08-29 04:25:31,049 [INFO] HTTP Request: POST http://localhost:8001/v1/chat/completions "HTTP/1.1 200 OK"
2026-08-29 04:25:33,599 [INFO] HTTP Request: POST http://localhost:8001/v1/chat/completions "HTTP/1.1 200 OK"
2026-08-29 04:26:01,049 [INFO] HTTP Request: POST http://localhost:8001/v1/chat/completions "HTTP/1.1 200 OK"
2026-08-29 04:26:03,633 [INFO] Retrying request to /chat/completions in 0.496294 seconds
2026-08-29 04:26:03,642 [INFO] Retrying request to /chat/completions in 0.457243 seconds
2026-08-29 04:26:03,642 [INFO] Retrying request to /chat/completions in 0.422872 seconds
2026-08-29 04:26:03,650 [INFO] Retrying request to /chat/completions in 0.420031 seconds
2026-08-29 04:26:03,664 [INFO] Retrying request to /chat/completions in 0.425627 seconds
2026-08-29 04:26:03,678 [INFO] Retrying request to /chat/completions in 0.491935 seconds
2026-08-29 04:26:03,684 [INFO] Retrying request to /chat/completions in 0.424774 seconds
2026-08-29 04:26:03,688 [INFO] Retrying request to /chat/completions in 0.493867 seconds
2026-08-29 04:26:03,688 [INFO] Retrying request to /chat/completions in 0.376679 seconds
2026-08-29 04:26:48,614 [INFO] HTTP Request: POST http://localhost:8001/v1/chat/completions "HTTP/1.1 200 OK"
2026-08-29 04:26:49,299 [INFO] HTTP Request: POST http://localhost:8001/v1/chat/completions "HTTP/1.1 200 OK"
2026-08-29 04:26:50,554 [INFO] HTTP Request: POST http://localhost:8001/v1/chat/completions "HTTP/1.1 200 OK"
2026-08-29 04:26:50,939 [INFO] HTTP Request: POST http://localhost:8001/v1/chat/completions "HTTP/1.1 200 OK"
2026-08-29 04:26:52,668 [INFO] HTTP Request: POST http://localhost:8001/v1/chat/completions "HTTP/1.1 200 OK"
2026-08-29 04:26:52,857 [INFO] HTTP Request: POST http://localhost:8001/v1/chat/completions "HTTP/1.1 200 OK"
2026-08-29 04:26:56,301 [INFO] HTTP Request: POST http://localhost:8001/v1/chat/completions "HTTP/1.1 200 OK"
2026-08-29 04:27:00,949 [INFO] HTTP Request: POST http://localhost:8001/v1/chat/completions "HTTP/1.1 200 OK"
2026-08-29 04:29:04,129 [INFO] Retrying request to /chat/completions in 0.959414 seconds
2026-08-29 04:32:05,191 [WARNING] Intento 1/2 fallido: Request timed out.
2026-08-29 04:35:06,272 [INFO] Retrying request to /chat/completions in 0.424360 seconds
2026-08-29 04:38:06,798 [INFO] Retrying request to /chat/completions in 0.922650 seconds
2026-08-29 04:41:07,823 [WARNING] Intento 2/2 fallido: Request timed out.
2026-08-29 04:41:08,824 [ERROR] Error fila 3999 de youtube_global_dataset.csv: Modelo no respondió tras 2 intentos
2026-08-29 04:41:08,894 [INFO]   💾 4000/4921  [ok=3996 skip=0 error=4]
2026-08-29 04:42:08,249 [INFO] HTTP Request: POST http://localhost:8001/v1/chat/completions "HTTP/1.1 200 OK"
2026-08-29 04:42:08,250 [INFO] HTTP Request: POST http://localhost:8001/v1/chat/completions "HTTP/1.1 200 OK"
2026-08-29 04:42:11,560 [INFO] HTTP Request: POST http://localhost:8001/v1/chat/completions "HTTP/1.1 200 OK"
2026-08-29 04:42:14,707 [INFO] HTTP Request: POST http://localhost:8001/v1/chat/completions "HTTP/1.1 200 OK"
2026-08-29 04:42:15,228 [INFO] HTTP Request: POST http://localhost:8001/v1/chat/completions "HTTP/1.1 200 OK"
2026-08-29 04:42:19,952 [INFO] HTTP Request: POST http://localhost:8001/v1/chat/completions "HTTP/1.1 200 OK"
2026-08-29 04:42:20,474 [INFO] HTTP Request: POST http://localhost:8001/v1/chat/completions "HTTP/1.1 200 OK"
2026-08-29 04:42:21,381 [INFO] HTTP Request: POST http://localhost:8001/v1/chat/completions "HTTP/1.1 200 OK"
2026-08-29 04:42:22,258 [INFO] HTTP Request: POST http://localhost:8001/v1/chat/completions "HTTP/1.1 200 OK"
2026-08-29 04:42:24,040 [INFO] HTTP Request: POST http://localhost:8001/v1/chat/completions "HTTP/1.1 200 OK"
2026-08-29 04:42:32,431 [INFO] HTTP Request: POST http://localhost:8001/v1/chat/completions "HTTP/1.1 200 OK"
2026-08-29 04:43:12,200 [INFO] HTTP Request: POST http://localhost:8001/v1/chat/completions "HTTP/1.1 200 OK"
2026-08-29 04:43:12,201 [INFO] HTTP Request: POST http://localhost:8001/v1/chat/completions "HTTP/1.1 200 OK"
2026-08-29 04:43:15,621 [INFO] HTTP Request: POST http://localhost:8001/v1/chat/completions "HTTP/1.1 200 OK"
2026-08-29 04:43:18,755 [INFO] HTTP Request: POST http://localhost:8001/v1/chat/completions "HTTP/1.1 200 OK"
2026-08-29 04:43:21,483 [INFO] HTTP Request: POST http://localhost:8001/v1/chat/completions "HTTP/1.1 200 OK"
2026-08-29 04:43:23,309 [INFO] HTTP Request: POST http://localhost:8001/v1/chat/completions "HTTP/1.1 200 OK"
2026-08-29 04:43:23,830 [INFO] HTTP Request: POST http://localhost:8001/v1/chat/completions "HTTP/1.1 200 OK"
2026-08-29 04:43:27,443 [INFO] HTTP Request: POST http://localhost:8001/v1/chat/completions "HTTP/1.1 200 OK"
2026-08-29 04:43:28,408 [INFO] HTTP Request: POST http://localhost:8001/v1/chat/completions "HTTP/1.1 200 OK"
2026-08-29 04:43:29,323 [INFO] HTTP Request: POST http://localhost:8001/v1/chat/completions "HTTP/1.1 200 OK"
2026-08-29 04:43:36,452 [INFO] HTTP Request: POST http://localhost:8001/v1/chat/completions "HTTP/1.1 200 OK"
2026-08-29 04:44:08,998 [INFO] Retrying request to /chat/completions in 0.397664 seconds
2026-08-29 04:44:08,998 [INFO] Retrying request to /chat/completions in 0.422390 seconds
2026-08-29 04:44:08,998 [INFO] Retrying request to /chat/completions in 0.395419 seconds
2026-08-29 04:44:09,011 [INFO] Retrying request to /chat/completions in 0.403257 seconds
2026-08-29 04:44:09,012 [INFO] Retrying request to /chat/completions in 0.471933 seconds
2026-08-29 04:44:09,018 [INFO] Retrying request to /chat/completions in 0.446939 seconds
2026-08-29 04:44:09,032 [INFO] Retrying request to /chat/completions in 0.491727 seconds
2026-08-29 04:44:09,038 [INFO] Retrying request to /chat/completions in 0.454219 seconds
2026-08-29 04:44:09,042 [INFO] Retrying request to /chat/completions in 0.438354 seconds
2026-08-29 04:44:09,045 [INFO] Retrying request to /chat/completions in 0.466487 seconds
2026-08-29 04:44:53,495 [INFO] HTTP Request: POST http://localhost:8001/v1/chat/completions "HTTP/1.1 200 OK"
2026-08-29 04:44:53,696 [INFO] HTTP Request: POST http://localhost:8001/v1/chat/completions "HTTP/1.1 200 OK"
2026-08-29 04:44:55,642 [INFO] HTTP Request: POST http://localhost:8001/v1/chat/completions "HTTP/1.1 200 OK"
2026-08-29 04:44:56,028 [INFO] HTTP Request: POST http://localhost:8001/v1/chat/completions "HTTP/1.1 200 OK"
2026-08-29 04:44:57,184 [INFO] HTTP Request: POST http://localhost:8001/v1/chat/completions "HTTP/1.1 200 OK"
2026-08-29 04:44:57,472 [INFO] HTTP Request: POST http://localhost:8001/v1/chat/completions "HTTP/1.1 200 OK"
2026-08-29 04:44:58,688 [INFO] HTTP Request: POST http://localhost:8001/v1/chat/completions "HTTP/1.1 200 OK"
2026-08-29 04:44:58,967 [INFO] HTTP Request: POST http://localhost:8001/v1/chat/completions "HTTP/1.1 200 OK"
2026-08-29 04:44:59,334 [INFO] HTTP Request: POST http://localhost:8001/v1/chat/completions "HTTP/1.1 200 OK"
2026-08-29 04:44:59,899 [INFO] HTTP Request: POST http://localhost:8001/v1/chat/completions "HTTP/1.1 200 OK"
2026-08-29 04:44:59,982 [INFO]   💾 4032/4921  [ok=4028 skip=0 error=4]
2026-08-29 04:46:00,458 [INFO] HTTP Request: POST http://localhost:8001/v1/chat/completions "HTTP/1.1 200 OK"
2026-08-29 04:46:00,980 [INFO] HTTP Request: POST http://localhost:8001/v1/chat/completions "HTTP/1.1 200 OK"
2026-08-29 04:46:05,004 [INFO] HTTP Request: POST http://localhost:8001/v1/chat/completions "HTTP/1.1 200 OK"
2026-08-29 04:46:07,759 [INFO] HTTP Request: POST http://localhost:8001/v1/chat/completions "HTTP/1.1 200 OK"
2026-08-29 04:46:09,898 [INFO] HTTP Request: POST http://localhost:8001/v1/chat/completions "HTTP/1.1 200 OK"
2026-08-29 04:46:11,636 [INFO] HTTP Request: POST http://localhost:8001/v1/chat/completions "HTTP/1.1 200 OK"
2026-08-29 04:46:14,380 [INFO] HTTP Request: POST http://localhost:8001/v1/chat/completions "HTTP/1.1 200 OK"
2026-08-29 04:46:14,381 [INFO] HTTP Request: POST http://localhost:8001/v1/chat/completions "HTTP/1.1 200 OK"
2026-08-29 04:46:16,682 [INFO] HTTP Request: POST http://localhost:8001/v1/chat/completions "HTTP/1.1 200 OK"
2026-08-29 04:46:22,979 [INFO] HTTP Request: POST http://localhost:8001/v1/chat/completions "HTTP/1.1 200 OK"
2026-08-29 04:46:29,051 [INFO] HTTP Request: POST http://localhost:8001/v1/chat/completions "HTTP/1.1 200 OK"
2026-08-29 04:46:59,562 [INFO] HTTP Request: POST http://localhost:8001/v1/chat/completions "HTTP/1.1 200 OK"
2026-08-29 04:47:05,037 [INFO] HTTP Request: POST http://localhost:8001/v1/chat/completions "HTTP/1.1 200 OK"
2026-08-29 04:47:06,782 [INFO] HTTP Request: POST http://localhost:8001/v1/chat/completions "HTTP/1.1 200 OK"
2026-08-29 04:47:10,342 [INFO] HTTP Request: POST http://localhost:8001/v1/chat/completions "HTTP/1.1 200 OK"
2026-08-29 04:47:12,785 [INFO] HTTP Request: POST http://localhost:8001/v1/chat/completions "HTTP/1.1 200 OK"
2026-08-29 04:47:17,857 [INFO] HTTP Request: POST http://localhost:8001/v1/chat/completions "HTTP/1.1 200 OK"
2026-08-29 04:47:19,895 [INFO] HTTP Request: POST http://localhost:8001/v1/chat/completions "HTTP/1.1 200 OK"
2026-08-29 04:47:20,861 [INFO] HTTP Request: POST http://localhost:8001/v1/chat/completions "HTTP/1.1 200 OK"
2026-08-29 04:47:23,842 [INFO] HTTP Request: POST http://localhost:8001/v1/chat/completions "HTTP/1.1 200 OK"
2026-08-29 04:47:27,399 [INFO] HTTP Request: POST http://localhost:8001/v1/chat/completions "HTTP/1.1 200 OK"
2026-08-29 04:47:34,903 [INFO] HTTP Request: POST http://localhost:8001/v1/chat/completions "HTTP/1.1 200 OK"
2026-08-29 04:47:56,231 [INFO] HTTP Request: POST http://localhost:8001/v1/chat/completions "HTTP/1.1 200 OK"
2026-08-29 04:47:59,847 [INFO] HTTP Request: POST http://localhost:8001/v1/chat/completions "HTTP/1.1 200 OK"
2026-08-29 04:48:00,038 [INFO] Retrying request to /chat/completions in 0.449584 seconds
2026-08-29 04:48:00,041 [INFO] Retrying request to /chat/completions in 0.448061 seconds
2026-08-29 04:48:00,072 [INFO] Retrying request to /chat/completions in 0.390973 seconds
2026-08-29 04:48:00,072 [INFO] Retrying request to /chat/completions in 0.450859 seconds
2026-08-29 04:48:00,099 [INFO] Retrying request to /chat/completions in 0.398905 seconds
2026-08-29 04:48:00,128 [INFO] Retrying request to /chat/completions in 0.446519 seconds
2026-08-29 04:48:00,131 [INFO] Retrying request to /chat/completions in 0.446419 seconds
2026-08-29 04:48:00,134 [INFO] Retrying request to /chat/completions in 0.396662 seconds
2026-08-29 04:48:40,063 [INFO] HTTP Request: POST http://localhost:8001/v1/chat/completions "HTTP/1.1 200 OK"
2026-08-29 04:48:42,092 [INFO] HTTP Request: POST http://localhost:8001/v1/chat/completions "HTTP/1.1 200 OK"
2026-08-29 04:48:42,478 [INFO] HTTP Request: POST http://localhost:8001/v1/chat/completions "HTTP/1.1 200 OK"
2026-08-29 04:48:43,246 [INFO] HTTP Request: POST http://localhost:8001/v1/chat/completions "HTTP/1.1 200 OK"
2026-08-29 04:48:43,436 [INFO] HTTP Request: POST http://localhost:8001/v1/chat/completions "HTTP/1.1 200 OK"
2026-08-29 04:48:44,459 [INFO] HTTP Request: POST http://localhost:8001/v1/chat/completions "HTTP/1.1 200 OK"
2026-08-29 04:48:46,010 [INFO] HTTP Request: POST http://localhost:8001/v1/chat/completions "HTTP/1.1 200 OK"
2026-08-29 04:48:47,334 [INFO] HTTP Request: POST http://localhost:8001/v1/chat/completions "HTTP/1.1 200 OK"
2026-08-29 04:48:47,427 [INFO]   💾 4064/4921  [ok=4060 skip=0 error=4]
2026-08-29 04:49:47,069 [INFO] HTTP Request: POST http://localhost:8001/v1/chat/completions "HTTP/1.1 200 OK"
2026-08-29 04:49:50,020 [INFO] HTTP Request: POST http://localhost:8001/v1/chat/completions "HTTP/1.1 200 OK"
2026-08-29 04:49:51,962 [INFO] HTTP Request: POST http://localhost:8001/v1/chat/completions "HTTP/1.1 200 OK"
2026-08-29 04:49:55,823 [INFO] HTTP Request: POST http://localhost:8001/v1/chat/completions "HTTP/1.1 200 OK"
2026-08-29 04:49:57,567 [INFO] HTTP Request: POST http://localhost:8001/v1/chat/completions "HTTP/1.1 200 OK"
2026-08-29 04:49:58,087 [INFO] HTTP Request: POST http://localhost:8001/v1/chat/completions "HTTP/1.1 200 OK"
2026-08-29 04:50:01,714 [INFO] HTTP Request: POST http://localhost:8001/v1/chat/completions "HTTP/1.1 200 OK"
2026-08-29 04:50:03,656 [INFO] HTTP Request: POST http://localhost:8001/v1/chat/completions "HTTP/1.1 200 OK"
2026-08-29 04:50:05,693 [INFO] HTTP Request: POST http://localhost:8001/v1/chat/completions "HTTP/1.1 200 OK"
2026-08-29 04:50:07,628 [INFO] HTTP Request: POST http://localhost:8001/v1/chat/completions "HTTP/1.1 200 OK"
2026-08-29 04:50:13,718 [INFO] HTTP Request: POST http://localhost:8001/v1/chat/completions "HTTP/1.1 200 OK"
2026-08-29 04:50:47,010 [INFO] HTTP Request: POST http://localhost:8001/v1/chat/completions "HTTP/1.1 200 OK"
2026-08-29 04:50:52,589 [INFO] HTTP Request: POST http://localhost:8001/v1/chat/completions "HTTP/1.1 200 OK"
2026-08-29 04:50:53,557 [INFO] HTTP Request: POST http://localhost:8001/v1/chat/completions "HTTP/1.1 200 OK"
2026-08-29 04:50:59,175 [INFO] HTTP Request: POST http://localhost:8001/v1/chat/completions "HTTP/1.1 200 OK"
2026-08-29 04:51:01,113 [INFO] HTTP Request: POST http://localhost:8001/v1/chat/completions "HTTP/1.1 200 OK"
2026-08-29 04:51:02,546 [INFO] HTTP Request: POST http://localhost:8001/v1/chat/completions "HTTP/1.1 200 OK"
2026-08-29 04:51:06,818 [INFO] HTTP Request: POST http://localhost:8001/v1/chat/completions "HTTP/1.1 200 OK"
2026-08-29 04:51:08,555 [INFO] HTTP Request: POST http://localhost:8001/v1/chat/completions "HTTP/1.1 200 OK"
2026-08-29 04:51:10,487 [INFO] HTTP Request: POST http://localhost:8001/v1/chat/completions "HTTP/1.1 200 OK"
2026-08-29 04:51:17,279 [INFO] HTTP Request: POST http://localhost:8001/v1/chat/completions "HTTP/1.1 200 OK"
2026-08-29 04:51:17,281 [INFO] HTTP Request: POST http://localhost:8001/v1/chat/completions "HTTP/1.1 200 OK"
2026-08-29 04:51:44,660 [INFO] HTTP Request: POST http://localhost:8001/v1/chat/completions "HTTP/1.1 200 OK"
2026-08-29 04:51:47,528 [INFO] Retrying request to /chat/completions in 0.495925 seconds
2026-08-29 04:51:47,529 [INFO] Retrying request to /chat/completions in 0.413054 seconds
2026-08-29 04:51:47,544 [INFO] Retrying request to /chat/completions in 0.410316 seconds
2026-08-29 04:51:47,558 [INFO] Retrying request to /chat/completions in 0.440954 seconds
2026-08-29 04:51:47,558 [INFO] Retrying request to /chat/completions in 0.391190 seconds
2026-08-29 04:51:47,574 [INFO] Retrying request to /chat/completions in 0.406598 seconds
2026-08-29 04:51:47,580 [INFO] Retrying request to /chat/completions in 0.378668 seconds
2026-08-29 04:51:47,582 [INFO] Retrying request to /chat/completions in 0.485406 seconds
2026-08-29 04:51:47,582 [INFO] Retrying request to /chat/completions in 0.487299 seconds
2026-08-29 04:52:28,680 [INFO] HTTP Request: POST http://localhost:8001/v1/chat/completions "HTTP/1.1 200 OK"
2026-08-29 04:52:32,569 [INFO] HTTP Request: POST http://localhost:8001/v1/chat/completions "HTTP/1.1 200 OK"
2026-08-29 04:52:34,116 [INFO] HTTP Request: POST http://localhost:8001/v1/chat/completions "HTTP/1.1 200 OK"
2026-08-29 04:52:35,079 [INFO] HTTP Request: POST http://localhost:8001/v1/chat/completions "HTTP/1.1 200 OK"
2026-08-29 04:52:35,848 [INFO] HTTP Request: POST http://localhost:8001/v1/chat/completions "HTTP/1.1 200 OK"
2026-08-29 04:52:36,785 [INFO] HTTP Request: POST http://localhost:8001/v1/chat/completions "HTTP/1.1 200 OK"
2026-08-29 04:52:38,086 [INFO] HTTP Request: POST http://localhost:8001/v1/chat/completions "HTTP/1.1 200 OK"
2026-08-29 04:52:39,729 [INFO] HTTP Request: POST http://localhost:8001/v1/chat/completions "HTTP/1.1 200 OK"
2026-08-29 04:52:40,199 [INFO] HTTP Request: POST http://localhost:8001/v1/chat/completions "HTTP/1.1 200 OK"
2026-08-29 04:52:40,284 [INFO]   💾 4096/4921  [ok=4092 skip=0 error=4]
2026-08-29 04:53:38,025 [INFO] HTTP Request: POST http://localhost:8001/v1/chat/completions "HTTP/1.1 200 OK"
2026-08-29 04:53:39,983 [INFO] HTTP Request: POST http://localhost:8001/v1/chat/completions "HTTP/1.1 200 OK"
2026-08-29 04:53:44,385 [INFO] HTTP Request: POST http://localhost:8001/v1/chat/completions "HTTP/1.1 200 OK"
2026-08-29 04:53:44,911 [INFO] HTTP Request: POST http://localhost:8001/v1/chat/completions "HTTP/1.1 200 OK"
2026-08-29 04:53:45,825 [INFO] HTTP Request: POST http://localhost:8001/v1/chat/completions "HTTP/1.1 200 OK"
2026-08-29 04:53:50,212 [INFO] HTTP Request: POST http://localhost:8001/v1/chat/completions "HTTP/1.1 200 OK"
2026-08-29 04:53:54,204 [INFO] HTTP Request: POST http://localhost:8001/v1/chat/completions "HTTP/1.1 200 OK"
2026-08-29 04:53:54,407 [INFO] HTTP Request: POST http://localhost:8001/v1/chat/completions "HTTP/1.1 200 OK"
2026-08-29 04:53:54,929 [INFO] HTTP Request: POST http://localhost:8001/v1/chat/completions "HTTP/1.1 200 OK"
2026-08-29 04:53:56,717 [INFO] HTTP Request: POST http://localhost:8001/v1/chat/completions "HTTP/1.1 200 OK"
2026-08-29 04:53:57,171 [INFO] HTTP Request: POST http://localhost:8001/v1/chat/completions "HTTP/1.1 200 OK"
2026-08-29 04:54:01,652 [INFO] HTTP Request: POST http://localhost:8001/v1/chat/completions "HTTP/1.1 200 OK"
2026-08-29 04:54:37,597 [INFO] HTTP Request: POST http://localhost:8001/v1/chat/completions "HTTP/1.1 200 OK"
2026-08-29 04:54:39,744 [INFO] HTTP Request: POST http://localhost:8001/v1/chat/completions "HTTP/1.1 200 OK"
2026-08-29 04:54:42,499 [INFO] HTTP Request: POST http://localhost:8001/v1/chat/completions "HTTP/1.1 200 OK"
2026-08-29 04:54:50,309 [INFO] HTTP Request: POST http://localhost:8001/v1/chat/completions "HTTP/1.1 200 OK"
2026-08-29 04:54:55,392 [INFO] HTTP Request: POST http://localhost:8001/v1/chat/completions "HTTP/1.1 200 OK"
2026-08-29 04:54:58,146 [INFO] HTTP Request: POST http://localhost:8001/v1/chat/completions "HTTP/1.1 200 OK"
2026-08-29 04:55:00,719 [INFO] HTTP Request: POST http://localhost:8001/v1/chat/completions "HTTP/1.1 200 OK"
2026-08-29 04:55:00,820 [INFO] HTTP Request: POST http://localhost:8001/v1/chat/completions "HTTP/1.1 200 OK"
2026-08-29 04:55:04,897 [INFO] HTTP Request: POST http://localhost:8001/v1/chat/completions "HTTP/1.1 200 OK"
2026-08-29 04:55:05,419 [INFO] HTTP Request: POST http://localhost:8001/v1/chat/completions "HTTP/1.1 200 OK"
2026-08-29 04:55:06,935 [INFO] HTTP Request: POST http://localhost:8001/v1/chat/completions "HTTP/1.1 200 OK"
2026-08-29 04:55:32,796 [INFO] HTTP Request: POST http://localhost:8001/v1/chat/completions "HTTP/1.1 200 OK"
2026-08-29 04:55:37,852 [INFO] HTTP Request: POST http://localhost:8001/v1/chat/completions "HTTP/1.1 200 OK"
2026-08-29 04:55:40,373 [INFO] Retrying request to /chat/completions in 0.388461 seconds
2026-08-29 04:55:40,383 [INFO] Retrying request to /chat/completions in 0.407229 seconds
2026-08-29 04:55:40,409 [INFO] Retrying request to /chat/completions in 0.472413 seconds
2026-08-29 04:55:40,415 [INFO] Retrying request to /chat/completions in 0.377576 seconds
2026-08-29 04:55:40,417 [INFO] Retrying request to /chat/completions in 0.411902 seconds
2026-08-29 04:55:40,421 [INFO] Retrying request to /chat/completions in 0.472751 seconds
2026-08-29 04:55:40,433 [INFO] Retrying request to /chat/completions in 0.405683 seconds
2026-08-29 04:56:25,065 [INFO] HTTP Request: POST http://localhost:8001/v1/chat/completions "HTTP/1.1 200 OK"
2026-08-29 04:56:27,185 [INFO] HTTP Request: POST http://localhost:8001/v1/chat/completions "HTTP/1.1 200 OK"
2026-08-29 04:56:27,281 [INFO] HTTP Request: POST http://localhost:8001/v1/chat/completions "HTTP/1.1 200 OK"
2026-08-29 04:56:28,124 [INFO] HTTP Request: POST http://localhost:8001/v1/chat/completions "HTTP/1.1 200 OK"
2026-08-29 04:56:29,055 [INFO] HTTP Request: POST http://localhost:8001/v1/chat/completions "HTTP/1.1 200 OK"
2026-08-29 04:56:33,521 [INFO] HTTP Request: POST http://localhost:8001/v1/chat/completions "HTTP/1.1 200 OK"
2026-08-29 04:56:37,218 [INFO] HTTP Request: POST http://localhost:8001/v1/chat/completions "HTTP/1.1 200 OK"
2026-08-29 04:56:37,300 [INFO]   💾 4128/4921  [ok=4124 skip=0 error=4]
2026-08-29 04:57:33,125 [INFO] HTTP Request: POST http://localhost:8001/v1/chat/completions "HTTP/1.1 200 OK"
2026-08-29 04:57:36,183 [INFO] HTTP Request: POST http://localhost:8001/v1/chat/completions "HTTP/1.1 200 OK"
2026-08-29 04:57:38,736 [INFO] HTTP Request: POST http://localhost:8001/v1/chat/completions "HTTP/1.1 200 OK"
2026-08-29 04:57:41,489 [INFO] HTTP Request: POST http://localhost:8001/v1/chat/completions "HTTP/1.1 200 OK"
2026-08-29 04:57:44,052 [INFO] HTTP Request: POST http://localhost:8001/v1/chat/completions "HTTP/1.1 200 OK"
2026-08-29 04:57:47,714 [INFO] HTTP Request: POST http://localhost:8001/v1/chat/completions "HTTP/1.1 200 OK"
2026-08-29 04:57:49,758 [INFO] HTTP Request: POST http://localhost:8001/v1/chat/completions "HTTP/1.1 200 OK"
2026-08-29 04:57:50,725 [INFO] HTTP Request: POST http://localhost:8001/v1/chat/completions "HTTP/1.1 200 OK"
2026-08-29 04:57:54,150 [INFO] HTTP Request: POST http://localhost:8001/v1/chat/completions "HTTP/1.1 200 OK"
2026-08-29 04:57:57,201 [INFO] HTTP Request: POST http://localhost:8001/v1/chat/completions "HTTP/1.1 200 OK"
2026-08-29 04:57:59,545 [INFO] HTTP Request: POST http://localhost:8001/v1/chat/completions "HTTP/1.1 200 OK"
2026-08-29 04:58:27,854 [INFO] HTTP Request: POST http://localhost:8001/v1/chat/completions "HTTP/1.1 200 OK"
2026-08-29 04:58:38,601 [INFO] HTTP Request: POST http://localhost:8001/v1/chat/completions "HTTP/1.1 200 OK"
2026-08-29 04:58:38,601 [INFO] HTTP Request: POST http://localhost:8001/v1/chat/completions "HTTP/1.1 200 OK"
2026-08-29 04:58:40,907 [INFO] HTTP Request: POST http://localhost:8001/v1/chat/completions "HTTP/1.1 200 OK"
2026-08-29 04:58:41,833 [INFO] HTTP Request: POST http://localhost:8001/v1/chat/completions "HTTP/1.1 200 OK"
2026-08-29 04:58:50,669 [INFO] HTTP Request: POST http://localhost:8001/v1/chat/completions "HTTP/1.1 200 OK"
2026-08-29 04:58:53,423 [INFO] HTTP Request: POST http://localhost:8001/v1/chat/completions "HTTP/1.1 200 OK"
2026-08-29 04:58:54,389 [INFO] HTTP Request: POST http://localhost:8001/v1/chat/completions "HTTP/1.1 200 OK"
2026-08-29 04:58:57,102 [INFO] HTTP Request: POST http://localhost:8001/v1/chat/completions "HTTP/1.1 200 OK"
2026-08-29 04:59:02,783 [INFO] HTTP Request: POST http://localhost:8001/v1/chat/completions "HTTP/1.1 200 OK"
2026-08-29 04:59:07,361 [INFO] HTTP Request: POST http://localhost:8001/v1/chat/completions "HTTP/1.1 200 OK"
2026-08-29 04:59:26,078 [INFO] HTTP Request: POST http://localhost:8001/v1/chat/completions "HTTP/1.1 200 OK"
2026-08-29 04:59:31,303 [INFO] HTTP Request: POST http://localhost:8001/v1/chat/completions "HTTP/1.1 200 OK"
2026-08-29 04:59:35,389 [INFO] HTTP Request: POST http://localhost:8001/v1/chat/completions "HTTP/1.1 200 OK"
2026-08-29 04:59:35,582 [INFO] HTTP Request: POST http://localhost:8001/v1/chat/completions "HTTP/1.1 200 OK"
2026-08-29 04:59:37,393 [INFO] Retrying request to /chat/completions in 0.495143 seconds
2026-08-29 04:59:37,399 [INFO] Retrying request to /chat/completions in 0.431778 seconds
2026-08-29 04:59:37,407 [INFO] Retrying request to /chat/completions in 0.438879 seconds
2026-08-29 04:59:37,419 [INFO] Retrying request to /chat/completions in 0.444108 seconds
2026-08-29 04:59:37,449 [INFO] Retrying request to /chat/completions in 0.450046 seconds
2026-08-29 04:59:37,452 [INFO] Retrying request to /chat/completions in 0.418871 seconds
2026-08-29 05:00:24,721 [INFO] HTTP Request: POST http://localhost:8001/v1/chat/completions "HTTP/1.1 200 OK"
2026-08-29 05:00:25,202 [INFO] HTTP Request: POST http://localhost:8001/v1/chat/completions "HTTP/1.1 200 OK"
2026-08-29 05:00:25,484 [INFO] HTTP Request: POST http://localhost:8001/v1/chat/completions "HTTP/1.1 200 OK"
2026-08-29 05:00:25,856 [INFO] HTTP Request: POST http://localhost:8001/v1/chat/completions "HTTP/1.1 200 OK"
2026-08-29 05:00:27,225 [INFO] HTTP Request: POST http://localhost:8001/v1/chat/completions "HTTP/1.1 200 OK"
2026-08-29 05:00:28,739 [INFO] HTTP Request: POST http://localhost:8001/v1/chat/completions "HTTP/1.1 200 OK"
2026-08-29 05:00:28,817 [INFO]   💾 4160/4921  [ok=4156 skip=0 error=4]
2026-08-29 05:01:27,116 [INFO] HTTP Request: POST http://localhost:8001/v1/chat/completions "HTTP/1.1 200 OK"
2026-08-29 05:01:29,567 [INFO] HTTP Request: POST http://localhost:8001/v1/chat/completions "HTTP/1.1 200 OK"
2026-08-29 05:01:32,638 [INFO] HTTP Request: POST http://localhost:8001/v1/chat/completions "HTTP/1.1 200 OK"
2026-08-29 05:01:36,607 [INFO] HTTP Request: POST http://localhost:8001/v1/chat/completions "HTTP/1.1 200 OK"
2026-08-29 05:01:37,574 [INFO] HTTP Request: POST http://localhost:8001/v1/chat/completions "HTTP/1.1 200 OK"
2026-08-29 05:01:39,993 [INFO] HTTP Request: POST http://localhost:8001/v1/chat/completions "HTTP/1.1 200 OK"
2026-08-29 05:01:43,454 [INFO] HTTP Request: POST http://localhost:8001/v1/chat/completions "HTTP/1.1 200 OK"
2026-08-29 05:01:44,886 [INFO] HTTP Request: POST http://localhost:8001/v1/chat/completions "HTTP/1.1 200 OK"
2026-08-29 05:01:45,199 [INFO] HTTP Request: POST http://localhost:8001/v1/chat/completions "HTTP/1.1 200 OK"
2026-08-29 05:01:51,902 [INFO] HTTP Request: POST http://localhost:8001/v1/chat/completions "HTTP/1.1 200 OK"
2026-08-29 05:01:56,571 [INFO] HTTP Request: POST http://localhost:8001/v1/chat/completions "HTTP/1.1 200 OK"
2026-08-29 05:02:26,196 [INFO] HTTP Request: POST http://localhost:8001/v1/chat/completions "HTTP/1.1 200 OK"
2026-08-29 05:02:28,850 [INFO] HTTP Request: POST http://localhost:8001/v1/chat/completions "HTTP/1.1 200 OK"
2026-08-29 05:02:31,908 [INFO] HTTP Request: POST http://localhost:8001/v1/chat/completions "HTTP/1.1 200 OK"
2026-08-29 05:02:37,899 [INFO] HTTP Request: POST http://localhost:8001/v1/chat/completions "HTTP/1.1 200 OK"
2026-08-29 05:02:39,644 [INFO] HTTP Request: POST http://localhost:8001/v1/chat/completions "HTTP/1.1 200 OK"
2026-08-29 05:02:40,610 [INFO] HTTP Request: POST http://localhost:8001/v1/chat/completions "HTTP/1.1 200 OK"
2026-08-29 05:02:43,229 [INFO] HTTP Request: POST http://localhost:8001/v1/chat/completions "HTTP/1.1 200 OK"
2026-08-29 05:02:45,175 [INFO] HTTP Request: POST http://localhost:8001/v1/chat/completions "HTTP/1.1 200 OK"
2026-08-29 05:02:49,740 [INFO] HTTP Request: POST http://localhost:8001/v1/chat/completions "HTTP/1.1 200 OK"
2026-08-29 05:02:55,927 [INFO] HTTP Request: POST http://localhost:8001/v1/chat/completions "HTTP/1.1 200 OK"
2026-08-29 05:02:59,686 [INFO] HTTP Request: POST http://localhost:8001/v1/chat/completions "HTTP/1.1 200 OK"
2026-08-29 05:03:20,221 [INFO] HTTP Request: POST http://localhost:8001/v1/chat/completions "HTTP/1.1 200 OK"
2026-08-29 05:03:25,650 [INFO] HTTP Request: POST http://localhost:8001/v1/chat/completions "HTTP/1.1 200 OK"
2026-08-29 05:03:26,043 [INFO] HTTP Request: POST http://localhost:8001/v1/chat/completions "HTTP/1.1 200 OK"
2026-08-29 05:03:28,883 [INFO] Retrying request to /chat/completions in 0.477367 seconds
2026-08-29 05:03:28,932 [INFO] Retrying request to /chat/completions in 0.498835 seconds
2026-08-29 05:03:28,944 [INFO] Retrying request to /chat/completions in 0.490200 seconds
2026-08-29 05:03:28,962 [INFO] Retrying request to /chat/completions in 0.390687 seconds
2026-08-29 05:03:28,966 [INFO] Retrying request to /chat/completions in 0.481274 seconds
2026-08-29 05:03:28,968 [INFO] Retrying request to /chat/completions in 0.395616 seconds
2026-08-29 05:03:28,968 [INFO] Retrying request to /chat/completions in 0.408671 seconds
2026-08-29 05:04:11,040 [INFO] HTTP Request: POST http://localhost:8001/v1/chat/completions "HTTP/1.1 200 OK"
2026-08-29 05:04:11,233 [INFO] HTTP Request: POST http://localhost:8001/v1/chat/completions "HTTP/1.1 200 OK"
2026-08-29 05:04:14,114 [INFO] HTTP Request: POST http://localhost:8001/v1/chat/completions "HTTP/1.1 200 OK"
2026-08-29 05:04:14,210 [INFO] HTTP Request: POST http://localhost:8001/v1/chat/completions "HTTP/1.1 200 OK"
2026-08-29 05:04:19,048 [INFO] HTTP Request: POST http://localhost:8001/v1/chat/completions "HTTP/1.1 200 OK"
2026-08-29 05:04:19,141 [INFO] HTTP Request: POST http://localhost:8001/v1/chat/completions "HTTP/1.1 200 OK"
2026-08-29 05:04:20,086 [INFO] HTTP Request: POST http://localhost:8001/v1/chat/completions "HTTP/1.1 200 OK"
2026-08-29 05:04:20,170 [INFO]   💾 4192/4921  [ok=4188 skip=0 error=4]
2026-08-29 05:05:16,142 [INFO] HTTP Request: POST http://localhost:8001/v1/chat/completions "HTTP/1.1 200 OK"
2026-08-29 05:05:20,821 [INFO] HTTP Request: POST http://localhost:8001/v1/chat/completions "HTTP/1.1 200 OK"
2026-08-29 05:05:24,286 [INFO] HTTP Request: POST http://localhost:8001/v1/chat/completions "HTTP/1.1 200 OK"
2026-08-29 05:05:26,332 [INFO] HTTP Request: POST http://localhost:8001/v1/chat/completions "HTTP/1.1 200 OK"
2026-08-29 05:05:27,300 [INFO] HTTP Request: POST http://localhost:8001/v1/chat/completions "HTTP/1.1 200 OK"
2026-08-29 05:05:32,253 [INFO] HTTP Request: POST http://localhost:8001/v1/chat/completions "HTTP/1.1 200 OK"
2026-08-29 05:05:32,253 [INFO] HTTP Request: POST http://localhost:8001/v1/chat/completions "HTTP/1.1 200 OK"
2026-08-29 05:05:32,770 [INFO] HTTP Request: POST http://localhost:8001/v1/chat/completions "HTTP/1.1 200 OK"
2026-08-29 05:05:37,130 [INFO] HTTP Request: POST http://localhost:8001/v1/chat/completions "HTTP/1.1 200 OK"
2026-08-29 05:05:40,992 [INFO] HTTP Request: POST http://localhost:8001/v1/chat/completions "HTTP/1.1 200 OK"
2026-08-29 05:05:43,641 [INFO] HTTP Request: POST http://localhost:8001/v1/chat/completions "HTTP/1.1 200 OK"
2026-08-29 05:06:20,368 [INFO] HTTP Request: POST http://localhost:8001/v1/chat/completions "HTTP/1.1 200 OK"
2026-08-29 05:06:23,733 [INFO] HTTP Request: POST http://localhost:8001/v1/chat/completions "HTTP/1.1 200 OK"
2026-08-29 05:06:25,577 [INFO] HTTP Request: POST http://localhost:8001/v1/chat/completions "HTTP/1.1 200 OK"
2026-08-29 05:06:27,827 [INFO] HTTP Request: POST http://localhost:8001/v1/chat/completions "HTTP/1.1 200 OK"
2026-08-29 05:06:29,261 [INFO] HTTP Request: POST http://localhost:8001/v1/chat/completions "HTTP/1.1 200 OK"
2026-08-29 05:06:32,632 [INFO] HTTP Request: POST http://localhost:8001/v1/chat/completions "HTTP/1.1 200 OK"
2026-08-29 05:06:34,065 [INFO] HTTP Request: POST http://localhost:8001/v1/chat/completions "HTTP/1.1 200 OK"
2026-08-29 05:06:36,023 [INFO] HTTP Request: POST http://localhost:8001/v1/chat/completions "HTTP/1.1 200 OK"
2026-08-29 05:06:42,406 [INFO] HTTP Request: POST http://localhost:8001/v1/chat/completions "HTTP/1.1 200 OK"
2026-08-29 05:06:44,754 [INFO] HTTP Request: POST http://localhost:8001/v1/chat/completions "HTTP/1.1 200 OK"
2026-08-29 05:06:48,009 [INFO] HTTP Request: POST http://localhost:8001/v1/chat/completions "HTTP/1.1 200 OK"
2026-08-29 05:07:18,201 [INFO] HTTP Request: POST http://localhost:8001/v1/chat/completions "HTTP/1.1 200 OK"
2026-08-29 05:07:20,222 [INFO] Retrying request to /chat/completions in 0.478925 seconds
2026-08-29 05:07:20,224 [INFO] Retrying request to /chat/completions in 0.498981 seconds
2026-08-29 05:07:20,277 [INFO] Retrying request to /chat/completions in 0.452075 seconds
2026-08-29 05:07:20,277 [INFO] Retrying request to /chat/completions in 0.458191 seconds
2026-08-29 05:07:20,290 [INFO] Retrying request to /chat/completions in 0.484947 seconds
2026-08-29 05:07:20,290 [INFO] Retrying request to /chat/completions in 0.376243 seconds
2026-08-29 05:07:20,311 [INFO] Retrying request to /chat/completions in 0.384161 seconds
2026-08-29 05:07:20,314 [INFO] Retrying request to /chat/completions in 0.479084 seconds
2026-08-29 05:07:20,319 [INFO] Retrying request to /chat/completions in 0.381509 seconds
2026-08-29 05:08:05,676 [INFO] HTTP Request: POST http://localhost:8001/v1/chat/completions "HTTP/1.1 200 OK"
2026-08-29 05:08:06,165 [INFO] HTTP Request: POST http://localhost:8001/v1/chat/completions "HTTP/1.1 200 OK"
2026-08-29 05:08:06,649 [INFO] HTTP Request: POST http://localhost:8001/v1/chat/completions "HTTP/1.1 200 OK"
2026-08-29 05:08:07,130 [INFO] HTTP Request: POST http://localhost:8001/v1/chat/completions "HTTP/1.1 200 OK"
2026-08-29 05:08:07,419 [INFO] HTTP Request: POST http://localhost:8001/v1/chat/completions "HTTP/1.1 200 OK"
2026-08-29 05:08:08,448 [INFO] HTTP Request: POST http://localhost:8001/v1/chat/completions "HTTP/1.1 200 OK"
2026-08-29 05:08:08,728 [INFO] HTTP Request: POST http://localhost:8001/v1/chat/completions "HTTP/1.1 200 OK"
2026-08-29 05:08:12,008 [INFO] HTTP Request: POST http://localhost:8001/v1/chat/completions "HTTP/1.1 200 OK"
2026-08-29 05:08:15,990 [INFO] HTTP Request: POST http://localhost:8001/v1/chat/completions "HTTP/1.1 200 OK"
2026-08-29 05:08:16,075 [INFO]   💾 4224/4921  [ok=4220 skip=0 error=4]
2026-08-29 05:09:11,356 [INFO] HTTP Request: POST http://localhost:8001/v1/chat/completions "HTTP/1.1 200 OK"
2026-08-29 05:09:14,013 [INFO] HTTP Request: POST http://localhost:8001/v1/chat/completions "HTTP/1.1 200 OK"
2026-08-29 05:09:15,446 [INFO] HTTP Request: POST http://localhost:8001/v1/chat/completions "HTTP/1.1 200 OK"
2026-08-29 05:09:17,726 [INFO] HTTP Request: POST http://localhost:8001/v1/chat/completions "HTTP/1.1 200 OK"
2026-08-29 05:09:19,482 [INFO] HTTP Request: POST http://localhost:8001/v1/chat/completions "HTTP/1.1 200 OK"
2026-08-29 05:09:20,449 [INFO] HTTP Request: POST http://localhost:8001/v1/chat/completions "HTTP/1.1 200 OK"
2026-08-29 05:09:20,449 [INFO] HTTP Request: POST http://localhost:8001/v1/chat/completions "HTTP/1.1 200 OK"
2026-08-29 05:09:24,047 [INFO] HTTP Request: POST http://localhost:8001/v1/chat/completions "HTTP/1.1 200 OK"
2026-08-29 05:09:26,958 [INFO] HTTP Request: POST http://localhost:8001/v1/chat/completions "HTTP/1.1 200 OK"
2026-08-29 05:09:31,538 [INFO] HTTP Request: POST http://localhost:8001/v1/chat/completions "HTTP/1.1 200 OK"
2026-08-29 05:09:32,503 [INFO] HTTP Request: POST http://localhost:8001/v1/chat/completions "HTTP/1.1 200 OK"
2026-08-29 05:10:13,552 [INFO] HTTP Request: POST http://localhost:8001/v1/chat/completions "HTTP/1.1 200 OK"
2026-08-29 05:10:15,399 [INFO] HTTP Request: POST http://localhost:8001/v1/chat/completions "HTTP/1.1 200 OK"
2026-08-29 05:10:15,920 [INFO] HTTP Request: POST http://localhost:8001/v1/chat/completions "HTTP/1.1 200 OK"
2026-08-29 05:10:16,827 [INFO] HTTP Request: POST http://localhost:8001/v1/chat/completions "HTTP/1.1 200 OK"
2026-08-29 05:10:20,519 [INFO] HTTP Request: POST http://localhost:8001/v1/chat/completions "HTTP/1.1 200 OK"
2026-08-29 05:10:20,618 [INFO] HTTP Request: POST http://localhost:8001/v1/chat/completions "HTTP/1.1 200 OK"
2026-08-29 05:10:25,640 [INFO] HTTP Request: POST http://localhost:8001/v1/chat/completions "HTTP/1.1 200 OK"
2026-08-29 05:10:25,740 [INFO] HTTP Request: POST http://localhost:8001/v1/chat/completions "HTTP/1.1 200 OK"
2026-08-29 05:10:29,345 [INFO] HTTP Request: POST http://localhost:8001/v1/chat/completions "HTTP/1.1 200 OK"
2026-08-29 05:10:34,028 [INFO] HTTP Request: POST http://localhost:8001/v1/chat/completions "HTTP/1.1 200 OK"
2026-08-29 05:10:38,003 [INFO] HTTP Request: POST http://localhost:8001/v1/chat/completions "HTTP/1.1 200 OK"
2026-08-29 05:11:08,836 [INFO] HTTP Request: POST http://localhost:8001/v1/chat/completions "HTTP/1.1 200 OK"
2026-08-29 05:11:10,447 [INFO] HTTP Request: POST http://localhost:8001/v1/chat/completions "HTTP/1.1 200 OK"
2026-08-29 05:11:12,298 [INFO] HTTP Request: POST http://localhost:8001/v1/chat/completions "HTTP/1.1 200 OK"
2026-08-29 05:11:16,130 [INFO] Retrying request to /chat/completions in 0.394227 seconds
2026-08-29 05:11:16,156 [INFO] Retrying request to /chat/completions in 0.437826 seconds
2026-08-29 05:11:16,156 [INFO] Retrying request to /chat/completions in 0.459633 seconds
2026-08-29 05:11:16,172 [INFO] Retrying request to /chat/completions in 0.451025 seconds
2026-08-29 05:11:16,215 [INFO] Retrying request to /chat/completions in 0.456363 seconds
2026-08-29 05:11:16,216 [INFO] Retrying request to /chat/completions in 0.473167 seconds
2026-08-29 05:11:16,219 [INFO] Retrying request to /chat/completions in 0.454113 seconds
2026-08-29 05:12:00,241 [INFO] HTTP Request: POST http://localhost:8001/v1/chat/completions "HTTP/1.1 200 OK"
2026-08-29 05:12:00,916 [INFO] HTTP Request: POST http://localhost:8001/v1/chat/completions "HTTP/1.1 200 OK"
2026-08-29 05:12:04,088 [INFO] HTTP Request: POST http://localhost:8001/v1/chat/completions "HTTP/1.1 200 OK"
2026-08-29 05:12:04,744 [INFO] HTTP Request: POST http://localhost:8001/v1/chat/completions "HTTP/1.1 200 OK"
2026-08-29 05:12:05,396 [INFO] HTTP Request: POST http://localhost:8001/v1/chat/completions "HTTP/1.1 200 OK"
2026-08-29 05:12:07,950 [INFO] HTTP Request: POST http://localhost:8001/v1/chat/completions "HTTP/1.1 200 OK"
2026-08-29 05:12:08,610 [INFO] HTTP Request: POST http://localhost:8001/v1/chat/completions "HTTP/1.1 200 OK"
2026-08-29 05:12:08,678 [INFO]   💾 4256/4921  [ok=4252 skip=0 error=4]
2026-08-29 05:13:04,167 [INFO] HTTP Request: POST http://localhost:8001/v1/chat/completions "HTTP/1.1 200 OK"
2026-08-29 05:13:07,645 [INFO] HTTP Request: POST http://localhost:8001/v1/chat/completions "HTTP/1.1 200 OK"
2026-08-29 05:13:07,746 [INFO] HTTP Request: POST http://localhost:8001/v1/chat/completions "HTTP/1.1 200 OK"
2026-08-29 05:13:13,586 [INFO] HTTP Request: POST http://localhost:8001/v1/chat/completions "HTTP/1.1 200 OK"
2026-08-29 05:13:15,748 [INFO] HTTP Request: POST http://localhost:8001/v1/chat/completions "HTTP/1.1 200 OK"
2026-08-29 05:13:15,748 [INFO] HTTP Request: POST http://localhost:8001/v1/chat/completions "HTTP/1.1 200 OK"
2026-08-29 05:13:19,770 [INFO] HTTP Request: POST http://localhost:8001/v1/chat/completions "HTTP/1.1 200 OK"
2026-08-29 05:13:21,205 [INFO] HTTP Request: POST http://localhost:8001/v1/chat/completions "HTTP/1.1 200 OK"
2026-08-29 05:13:24,498 [INFO] HTTP Request: POST http://localhost:8001/v1/chat/completions "HTTP/1.1 200 OK"
2026-08-29 05:13:29,079 [INFO] HTTP Request: POST http://localhost:8001/v1/chat/completions "HTTP/1.1 200 OK"
2026-08-29 05:13:32,247 [INFO] HTTP Request: POST http://localhost:8001/v1/chat/completions "HTTP/1.1 200 OK"
2026-08-29 05:14:06,767 [INFO] HTTP Request: POST http://localhost:8001/v1/chat/completions "HTTP/1.1 200 OK"
2026-08-29 05:14:09,235 [INFO] HTTP Request: POST http://localhost:8001/v1/chat/completions "HTTP/1.1 200 OK"
2026-08-29 05:14:12,617 [INFO] HTTP Request: POST http://localhost:8001/v1/chat/completions "HTTP/1.1 200 OK"
2026-08-29 05:14:12,617 [INFO] HTTP Request: POST http://localhost:8001/v1/chat/completions "HTTP/1.1 200 OK"
2026-08-29 05:14:16,824 [INFO] HTTP Request: POST http://localhost:8001/v1/chat/completions "HTTP/1.1 200 OK"
2026-08-29 05:14:21,111 [INFO] HTTP Request: POST http://localhost:8001/v1/chat/completions "HTTP/1.1 200 OK"
2026-08-29 05:14:21,633 [INFO] HTTP Request: POST http://localhost:8001/v1/chat/completions "HTTP/1.1 200 OK"
2026-08-29 05:14:24,726 [INFO] HTTP Request: POST http://localhost:8001/v1/chat/completions "HTTP/1.1 200 OK"
2026-08-29 05:14:28,605 [INFO] HTTP Request: POST http://localhost:8001/v1/chat/completions "HTTP/1.1 200 OK"
2026-08-29 05:14:28,705 [INFO] HTTP Request: POST http://localhost:8001/v1/chat/completions "HTTP/1.1 200 OK"
2026-08-29 05:14:36,254 [INFO] HTTP Request: POST http://localhost:8001/v1/chat/completions "HTTP/1.1 200 OK"
2026-08-29 05:15:06,778 [INFO] HTTP Request: POST http://localhost:8001/v1/chat/completions "HTTP/1.1 200 OK"
2026-08-29 05:15:07,483 [INFO] HTTP Request: POST http://localhost:8001/v1/chat/completions "HTTP/1.1 200 OK"
2026-08-29 05:15:07,973 [INFO] HTTP Request: POST http://localhost:8001/v1/chat/completions "HTTP/1.1 200 OK"
2026-08-29 05:15:08,758 [INFO] Retrying request to /chat/completions in 0.395320 seconds
2026-08-29 05:15:08,779 [INFO] Retrying request to /chat/completions in 0.461267 seconds
2026-08-29 05:15:08,820 [INFO] Retrying request to /chat/completions in 0.386062 seconds
2026-08-29 05:15:08,826 [INFO] Retrying request to /chat/completions in 0.480484 seconds
2026-08-29 05:15:08,827 [INFO] Retrying request to /chat/completions in 0.447135 seconds
2026-08-29 05:15:08,828 [INFO] Retrying request to /chat/completions in 0.412490 seconds
2026-08-29 05:15:08,828 [INFO] Retrying request to /chat/completions in 0.478907 seconds
2026-08-29 05:15:53,667 [INFO] HTTP Request: POST http://localhost:8001/v1/chat/completions "HTTP/1.1 200 OK"
2026-08-29 05:15:54,535 [INFO] HTTP Request: POST http://localhost:8001/v1/chat/completions "HTTP/1.1 200 OK"
2026-08-29 05:15:56,265 [INFO] HTTP Request: POST http://localhost:8001/v1/chat/completions "HTTP/1.1 200 OK"
2026-08-29 05:15:56,361 [INFO] HTTP Request: POST http://localhost:8001/v1/chat/completions "HTTP/1.1 200 OK"
2026-08-29 05:15:57,478 [INFO] HTTP Request: POST http://localhost:8001/v1/chat/completions "HTTP/1.1 200 OK"
2026-08-29 05:15:59,302 [INFO] HTTP Request: POST http://localhost:8001/v1/chat/completions "HTTP/1.1 200 OK"
2026-08-29 05:15:59,393 [INFO] HTTP Request: POST http://localhost:8001/v1/chat/completions "HTTP/1.1 200 OK"
2026-08-29 05:15:59,465 [INFO]   💾 4288/4921  [ok=4284 skip=0 error=4]
2026-08-29 05:16:54,920 [INFO] HTTP Request: POST http://localhost:8001/v1/chat/completions "HTTP/1.1 200 OK"
2026-08-29 05:16:58,645 [INFO] HTTP Request: POST http://localhost:8001/v1/chat/completions "HTTP/1.1 200 OK"
2026-08-29 05:17:02,129 [INFO] HTTP Request: POST http://localhost:8001/v1/chat/completions "HTTP/1.1 200 OK"
2026-08-29 05:17:03,986 [INFO] HTTP Request: POST http://localhost:8001/v1/chat/completions "HTTP/1.1 200 OK"
2026-08-29 05:17:05,845 [INFO] HTTP Request: POST http://localhost:8001/v1/chat/completions "HTTP/1.1 200 OK"
2026-08-29 05:17:08,217 [INFO] HTTP Request: POST http://localhost:8001/v1/chat/completions "HTTP/1.1 200 OK"
2026-08-29 05:17:08,317 [INFO] HTTP Request: POST http://localhost:8001/v1/chat/completions "HTTP/1.1 200 OK"
2026-08-29 05:17:12,130 [INFO] HTTP Request: POST http://localhost:8001/v1/chat/completions "HTTP/1.1 200 OK"
2026-08-29 05:17:14,099 [INFO] HTTP Request: POST http://localhost:8001/v1/chat/completions "HTTP/1.1 200 OK"
2026-08-29 05:17:15,859 [INFO] HTTP Request: POST http://localhost:8001/v1/chat/completions "HTTP/1.1 200 OK"
2026-08-29 05:17:26,406 [INFO] HTTP Request: POST http://localhost:8001/v1/chat/completions "HTTP/1.1 200 OK"
2026-08-29 05:17:59,358 [INFO] HTTP Request: POST http://localhost:8001/v1/chat/completions "HTTP/1.1 200 OK"
2026-08-29 05:18:01,217 [INFO] HTTP Request: POST http://localhost:8001/v1/chat/completions "HTTP/1.1 200 OK"
2026-08-29 05:18:05,000 [INFO] HTTP Request: POST http://localhost:8001/v1/chat/completions "HTTP/1.1 200 OK"
2026-08-29 05:18:05,101 [INFO] HTTP Request: POST http://localhost:8001/v1/chat/completions "HTTP/1.1 200 OK"
2026-08-29 05:18:08,919 [INFO] HTTP Request: POST http://localhost:8001/v1/chat/completions "HTTP/1.1 200 OK"
2026-08-29 05:18:10,778 [INFO] HTTP Request: POST http://localhost:8001/v1/chat/completions "HTTP/1.1 200 OK"
2026-08-29 05:18:14,456 [INFO] HTTP Request: POST http://localhost:8001/v1/chat/completions "HTTP/1.1 200 OK"
2026-08-29 05:18:17,931 [INFO] HTTP Request: POST http://localhost:8001/v1/chat/completions "HTTP/1.1 200 OK"
2026-08-29 05:18:23,226 [INFO] HTTP Request: POST http://localhost:8001/v1/chat/completions "HTTP/1.1 200 OK"
2026-08-29 05:18:25,080 [INFO] HTTP Request: POST http://localhost:8001/v1/chat/completions "HTTP/1.1 200 OK"
2026-08-29 05:18:28,856 [INFO] HTTP Request: POST http://localhost:8001/v1/chat/completions "HTTP/1.1 200 OK"
2026-08-29 05:18:54,155 [INFO] HTTP Request: POST http://localhost:8001/v1/chat/completions "HTTP/1.1 200 OK"
2026-08-29 05:18:57,175 [INFO] HTTP Request: POST http://localhost:8001/v1/chat/completions "HTTP/1.1 200 OK"
2026-08-29 05:18:57,567 [INFO] HTTP Request: POST http://localhost:8001/v1/chat/completions "HTTP/1.1 200 OK"
2026-08-29 05:18:59,528 [INFO] Retrying request to /chat/completions in 0.385002 seconds
2026-08-29 05:18:59,556 [INFO] Retrying request to /chat/completions in 0.483337 seconds
2026-08-29 05:18:59,556 [INFO] Retrying request to /chat/completions in 0.422917 seconds
2026-08-29 05:18:59,572 [INFO] Retrying request to /chat/completions in 0.388777 seconds
2026-08-29 05:18:59,587 [INFO] Retrying request to /chat/completions in 0.410734 seconds
2026-08-29 05:18:59,612 [INFO] Retrying request to /chat/completions in 0.460266 seconds
2026-08-29 05:18:59,620 [INFO] Retrying request to /chat/completions in 0.398287 seconds
2026-08-29 05:19:42,397 [INFO] HTTP Request: POST http://localhost:8001/v1/chat/completions "HTTP/1.1 200 OK"
2026-08-29 05:19:42,784 [INFO] HTTP Request: POST http://localhost:8001/v1/chat/completions "HTTP/1.1 200 OK"
2026-08-29 05:19:42,785 [INFO] HTTP Request: POST http://localhost:8001/v1/chat/completions "HTTP/1.1 200 OK"
2026-08-29 05:19:45,121 [INFO] HTTP Request: POST http://localhost:8001/v1/chat/completions "HTTP/1.1 200 OK"
2026-08-29 05:19:46,796 [INFO] HTTP Request: POST http://localhost:8001/v1/chat/completions "HTTP/1.1 200 OK"
2026-08-29 05:19:46,980 [INFO] HTTP Request: POST http://localhost:8001/v1/chat/completions "HTTP/1.1 200 OK"
2026-08-29 05:19:49,444 [INFO] HTTP Request: POST http://localhost:8001/v1/chat/completions "HTTP/1.1 200 OK"
2026-08-29 05:19:49,524 [INFO]   💾 4320/4921  [ok=4316 skip=0 error=4]
2026-08-29 05:20:44,981 [INFO] HTTP Request: POST http://localhost:8001/v1/chat/completions "HTTP/1.1 200 OK"
2026-08-29 05:20:45,504 [INFO] HTTP Request: POST http://localhost:8001/v1/chat/completions "HTTP/1.1 200 OK"
2026-08-29 05:20:49,207 [INFO] HTTP Request: POST http://localhost:8001/v1/chat/completions "HTTP/1.1 200 OK"
2026-08-29 05:20:53,304 [INFO] HTTP Request: POST http://localhost:8001/v1/chat/completions "HTTP/1.1 200 OK"
2026-08-29 05:20:55,206 [INFO] HTTP Request: POST http://localhost:8001/v1/chat/completions "HTTP/1.1 200 OK"
2026-08-29 05:20:57,178 [INFO] HTTP Request: POST http://localhost:8001/v1/chat/completions "HTTP/1.1 200 OK"
2026-08-29 05:20:59,351 [INFO] HTTP Request: POST http://localhost:8001/v1/chat/completions "HTTP/1.1 200 OK"
2026-08-29 05:21:02,434 [INFO] HTTP Request: POST http://localhost:8001/v1/chat/completions "HTTP/1.1 200 OK"
2026-08-29 05:21:07,831 [INFO] HTTP Request: POST http://localhost:8001/v1/chat/completions "HTTP/1.1 200 OK"
2026-08-29 05:21:07,931 [INFO] HTTP Request: POST http://localhost:8001/v1/chat/completions "HTTP/1.1 200 OK"
2026-08-29 05:21:12,761 [INFO] HTTP Request: POST http://localhost:8001/v1/chat/completions "HTTP/1.1 200 OK"
2026-08-29 05:21:42,144 [INFO] HTTP Request: POST http://localhost:8001/v1/chat/completions "HTTP/1.1 200 OK"
2026-08-29 05:21:48,057 [INFO] HTTP Request: POST http://localhost:8001/v1/chat/completions "HTTP/1.1 200 OK"
2026-08-29 05:21:48,058 [INFO] HTTP Request: POST http://localhost:8001/v1/chat/completions "HTTP/1.1 200 OK"
2026-08-29 05:21:56,022 [INFO] HTTP Request: POST http://localhost:8001/v1/chat/completions "HTTP/1.1 200 OK"
2026-08-29 05:22:00,617 [INFO] HTTP Request: POST http://localhost:8001/v1/chat/completions "HTTP/1.1 200 OK"
2026-08-29 05:22:02,779 [INFO] HTTP Request: POST http://localhost:8001/v1/chat/completions "HTTP/1.1 200 OK"
2026-08-29 05:22:04,737 [INFO] HTTP Request: POST http://localhost:8001/v1/chat/completions "HTTP/1.1 200 OK"
2026-08-29 05:22:08,214 [INFO] HTTP Request: POST http://localhost:8001/v1/chat/completions "HTTP/1.1 200 OK"
2026-08-29 05:22:10,992 [INFO] HTTP Request: POST http://localhost:8001/v1/chat/completions "HTTP/1.1 200 OK"
2026-08-29 05:22:16,388 [INFO] HTTP Request: POST http://localhost:8001/v1/chat/completions "HTTP/1.1 200 OK"
2026-08-29 05:22:19,567 [INFO] HTTP Request: POST http://localhost:8001/v1/chat/completions "HTTP/1.1 200 OK"
2026-08-29 05:22:41,128 [INFO] HTTP Request: POST http://localhost:8001/v1/chat/completions "HTTP/1.1 200 OK"
2026-08-29 05:22:46,661 [INFO] HTTP Request: POST http://localhost:8001/v1/chat/completions "HTTP/1.1 200 OK"
2026-08-29 05:22:47,637 [INFO] HTTP Request: POST http://localhost:8001/v1/chat/completions "HTTP/1.1 200 OK"
2026-08-29 05:22:49,377 [INFO] HTTP Request: POST http://localhost:8001/v1/chat/completions "HTTP/1.1 200 OK"
2026-08-29 05:22:49,649 [INFO] Retrying request to /chat/completions in 0.443644 seconds
2026-08-29 05:22:49,650 [INFO] Retrying request to /chat/completions in 0.484744 seconds
2026-08-29 05:22:49,670 [INFO] Retrying request to /chat/completions in 0.482444 seconds
2026-08-29 05:22:49,675 [INFO] Retrying request to /chat/completions in 0.390038 seconds
2026-08-29 05:22:49,675 [INFO] Retrying request to /chat/completions in 0.401267 seconds
2026-08-29 05:22:49,676 [INFO] Retrying request to /chat/completions in 0.464224 seconds
2026-08-29 05:23:29,114 [INFO] HTTP Request: POST http://localhost:8001/v1/chat/completions "HTTP/1.1 200 OK"
2026-08-29 05:23:30,075 [INFO] HTTP Request: POST http://localhost:8001/v1/chat/completions "HTTP/1.1 200 OK"
2026-08-29 05:23:32,039 [INFO] HTTP Request: POST http://localhost:8001/v1/chat/completions "HTTP/1.1 200 OK"
2026-08-29 05:23:35,575 [INFO] HTTP Request: POST http://localhost:8001/v1/chat/completions "HTTP/1.1 200 OK"
2026-08-29 05:23:37,217 [INFO] HTTP Request: POST http://localhost:8001/v1/chat/completions "HTTP/1.1 200 OK"
2026-08-29 05:23:38,637 [INFO] HTTP Request: POST http://localhost:8001/v1/chat/completions "HTTP/1.1 200 OK"
2026-08-29 05:23:38,707 [INFO]   💾 4352/4921  [ok=4348 skip=0 error=4]
2026-08-29 05:24:35,053 [INFO] HTTP Request: POST http://localhost:8001/v1/chat/completions "HTTP/1.1 200 OK"
2026-08-29 05:24:37,227 [INFO] HTTP Request: POST http://localhost:8001/v1/chat/completions "HTTP/1.1 200 OK"
2026-08-29 05:24:39,604 [INFO] HTTP Request: POST http://localhost:8001/v1/chat/completions "HTTP/1.1 200 OK"
2026-08-29 05:24:42,995 [INFO] HTTP Request: POST http://localhost:8001/v1/chat/completions "HTTP/1.1 200 OK"
2026-08-29 05:24:45,464 [INFO] HTTP Request: POST http://localhost:8001/v1/chat/completions "HTTP/1.1 200 OK"
2026-08-29 05:24:45,987 [INFO] HTTP Request: POST http://localhost:8001/v1/chat/completions "HTTP/1.1 200 OK"
2026-08-29 05:24:47,351 [INFO] HTTP Request: POST http://localhost:8001/v1/chat/completions "HTTP/1.1 200 OK"
2026-08-29 05:24:50,615 [INFO] HTTP Request: POST http://localhost:8001/v1/chat/completions "HTTP/1.1 200 OK"
2026-08-29 05:24:53,289 [INFO] HTTP Request: POST http://localhost:8001/v1/chat/completions "HTTP/1.1 200 OK"
2026-08-29 05:24:53,390 [INFO] HTTP Request: POST http://localhost:8001/v1/chat/completions "HTTP/1.1 200 OK"
2026-08-29 05:24:57,916 [INFO] HTTP Request: POST http://localhost:8001/v1/chat/completions "HTTP/1.1 200 OK"
2026-08-29 05:25:31,126 [INFO] HTTP Request: POST http://localhost:8001/v1/chat/completions "HTTP/1.1 200 OK"
2026-08-29 05:25:36,328 [INFO] HTTP Request: POST http://localhost:8001/v1/chat/completions "HTTP/1.1 200 OK"
2026-08-29 05:25:40,023 [INFO] HTTP Request: POST http://localhost:8001/v1/chat/completions "HTTP/1.1 200 OK"
2026-08-29 05:25:40,546 [INFO] HTTP Request: POST http://localhost:8001/v1/chat/completions "HTTP/1.1 200 OK"
2026-08-29 05:25:41,907 [INFO] HTTP Request: POST http://localhost:8001/v1/chat/completions "HTTP/1.1 200 OK"
2026-08-29 05:25:43,693 [INFO] HTTP Request: POST http://localhost:8001/v1/chat/completions "HTTP/1.1 200 OK"
2026-08-29 05:25:47,230 [INFO] HTTP Request: POST http://localhost:8001/v1/chat/completions "HTTP/1.1 200 OK"
2026-08-29 05:25:51,021 [INFO] HTTP Request: POST http://localhost:8001/v1/chat/completions "HTTP/1.1 200 OK"
2026-08-29 05:25:53,393 [INFO] HTTP Request: POST http://localhost:8001/v1/chat/completions "HTTP/1.1 200 OK"
2026-08-29 05:26:00,007 [INFO] HTTP Request: POST http://localhost:8001/v1/chat/completions "HTTP/1.1 200 OK"
2026-08-29 05:26:05,108 [INFO] HTTP Request: POST http://localhost:8001/v1/chat/completions "HTTP/1.1 200 OK"
2026-08-29 05:26:32,239 [INFO] HTTP Request: POST http://localhost:8001/v1/chat/completions "HTTP/1.1 200 OK"
2026-08-29 05:26:32,743 [INFO] HTTP Request: POST http://localhost:8001/v1/chat/completions "HTTP/1.1 200 OK"
2026-08-29 05:26:34,497 [INFO] HTTP Request: POST http://localhost:8001/v1/chat/completions "HTTP/1.1 200 OK"
2026-08-29 05:26:35,464 [INFO] HTTP Request: POST http://localhost:8001/v1/chat/completions "HTTP/1.1 200 OK"
2026-08-29 05:26:36,719 [INFO] HTTP Request: POST http://localhost:8001/v1/chat/completions "HTTP/1.1 200 OK"
2026-08-29 05:26:38,813 [INFO] Retrying request to /chat/completions in 0.485853 seconds
2026-08-29 05:26:38,825 [INFO] Retrying request to /chat/completions in 0.379635 seconds
2026-08-29 05:26:38,850 [INFO] Retrying request to /chat/completions in 0.430880 seconds
2026-08-29 05:26:38,858 [INFO] Retrying request to /chat/completions in 0.497823 seconds
2026-08-29 05:26:38,858 [INFO] Retrying request to /chat/completions in 0.476817 seconds
2026-08-29 05:27:22,821 [INFO] HTTP Request: POST http://localhost:8001/v1/chat/completions "HTTP/1.1 200 OK"
2026-08-29 05:27:24,225 [INFO] HTTP Request: POST http://localhost:8001/v1/chat/completions "HTTP/1.1 200 OK"
2026-08-29 05:27:24,318 [INFO] HTTP Request: POST http://localhost:8001/v1/chat/completions "HTTP/1.1 200 OK"
2026-08-29 05:27:25,869 [INFO] HTTP Request: POST http://localhost:8001/v1/chat/completions "HTTP/1.1 200 OK"
2026-08-29 05:27:30,913 [INFO] HTTP Request: POST http://localhost:8001/v1/chat/completions "HTTP/1.1 200 OK"
2026-08-29 05:27:30,985 [INFO]   💾 4384/4921  [ok=4380 skip=0 error=4]
2026-08-29 05:28:26,265 [INFO] HTTP Request: POST http://localhost:8001/v1/chat/completions "HTTP/1.1 200 OK"
2026-08-29 05:28:28,641 [INFO] HTTP Request: POST http://localhost:8001/v1/chat/completions "HTTP/1.1 200 OK"
2026-08-29 05:28:32,856 [INFO] HTTP Request: POST http://localhost:8001/v1/chat/completions "HTTP/1.1 200 OK"
2026-08-29 05:28:35,437 [INFO] HTTP Request: POST http://localhost:8001/v1/chat/completions "HTTP/1.1 200 OK"
2026-08-29 05:28:35,438 [INFO] HTTP Request: POST http://localhost:8001/v1/chat/completions "HTTP/1.1 200 OK"
2026-08-29 05:28:38,666 [INFO] HTTP Request: POST http://localhost:8001/v1/chat/completions "HTTP/1.1 200 OK"
2026-08-29 05:28:41,836 [INFO] HTTP Request: POST http://localhost:8001/v1/chat/completions "HTTP/1.1 200 OK"
2026-08-29 05:28:46,540 [INFO] HTTP Request: POST http://localhost:8001/v1/chat/completions "HTTP/1.1 200 OK"
2026-08-29 05:28:47,974 [INFO] HTTP Request: POST http://localhost:8001/v1/chat/completions "HTTP/1.1 200 OK"
2026-08-29 05:28:52,101 [INFO] HTTP Request: POST http://localhost:8001/v1/chat/completions "HTTP/1.1 200 OK"
2026-08-29 05:28:54,589 [INFO] HTTP Request: POST http://localhost:8001/v1/chat/completions "HTTP/1.1 200 OK"
2026-08-29 05:29:28,245 [INFO] HTTP Request: POST http://localhost:8001/v1/chat/completions "HTTP/1.1 200 OK"
2026-08-29 05:29:28,769 [INFO] HTTP Request: POST http://localhost:8001/v1/chat/completions "HTTP/1.1 200 OK"
2026-08-29 05:29:29,214 [INFO] HTTP Request: POST http://localhost:8001/v1/chat/completions "HTTP/1.1 200 OK"
2026-08-29 05:29:36,685 [INFO] HTTP Request: POST http://localhost:8001/v1/chat/completions "HTTP/1.1 200 OK"
2026-08-29 05:29:40,683 [INFO] HTTP Request: POST http://localhost:8001/v1/chat/completions "HTTP/1.1 200 OK"
2026-08-29 05:29:43,970 [INFO] HTTP Request: POST http://localhost:8001/v1/chat/completions "HTTP/1.1 200 OK"
2026-08-29 05:29:48,269 [INFO] HTTP Request: POST http://localhost:8001/v1/chat/completions "HTTP/1.1 200 OK"
2026-08-29 05:29:50,544 [INFO] HTTP Request: POST http://localhost:8001/v1/chat/completions "HTTP/1.1 200 OK"
2026-08-29 05:29:55,754 [INFO] HTTP Request: POST http://localhost:8001/v1/chat/completions "HTTP/1.1 200 OK"
2026-08-29 05:29:58,635 [INFO] HTTP Request: POST http://localhost:8001/v1/chat/completions "HTTP/1.1 200 OK"
2026-08-29 05:29:58,736 [INFO] HTTP Request: POST http://localhost:8001/v1/chat/completions "HTTP/1.1 200 OK"
2026-08-29 05:30:26,098 [INFO] HTTP Request: POST http://localhost:8001/v1/chat/completions "HTTP/1.1 200 OK"
2026-08-29 05:30:26,701 [INFO] HTTP Request: POST http://localhost:8001/v1/chat/completions "HTTP/1.1 200 OK"
2026-08-29 05:30:31,075 [INFO] Retrying request to /chat/completions in 0.375693 seconds
2026-08-29 05:30:31,089 [INFO] Retrying request to /chat/completions in 0.450780 seconds
2026-08-29 05:30:31,097 [INFO] Retrying request to /chat/completions in 0.417907 seconds
2026-08-29 05:30:31,097 [INFO] Retrying request to /chat/completions in 0.380027 seconds
2026-08-29 05:30:31,110 [INFO] Retrying request to /chat/completions in 0.450317 seconds
2026-08-29 05:30:31,130 [INFO] Retrying request to /chat/completions in 0.434585 seconds
2026-08-29 05:30:31,132 [INFO] Retrying request to /chat/completions in 0.461133 seconds
2026-08-29 05:30:31,137 [INFO] Retrying request to /chat/completions in 0.376381 seconds
2026-08-29 05:31:11,675 [INFO] HTTP Request: POST http://localhost:8001/v1/chat/completions "HTTP/1.1 200 OK"
2026-08-29 05:31:12,837 [INFO] HTTP Request: POST http://localhost:8001/v1/chat/completions "HTTP/1.1 200 OK"
2026-08-29 05:31:15,153 [INFO] HTTP Request: POST http://localhost:8001/v1/chat/completions "HTTP/1.1 200 OK"
2026-08-29 05:31:15,732 [INFO] HTTP Request: POST http://localhost:8001/v1/chat/completions "HTTP/1.1 200 OK"
2026-08-29 05:31:16,108 [INFO] HTTP Request: POST http://localhost:8001/v1/chat/completions "HTTP/1.1 200 OK"
2026-08-29 05:31:18,436 [INFO] HTTP Request: POST http://localhost:8001/v1/chat/completions "HTTP/1.1 200 OK"
2026-08-29 05:31:19,348 [INFO] HTTP Request: POST http://localhost:8001/v1/chat/completions "HTTP/1.1 200 OK"
2026-08-29 05:31:28,836 [INFO] HTTP Request: POST http://localhost:8001/v1/chat/completions "HTTP/1.1 200 OK"
2026-08-29 05:31:28,934 [INFO]   💾 4416/4921  [ok=4412 skip=0 error=4]
2026-08-29 05:32:23,288 [INFO] HTTP Request: POST http://localhost:8001/v1/chat/completions "HTTP/1.1 200 OK"
2026-08-29 05:32:27,085 [INFO] HTTP Request: POST http://localhost:8001/v1/chat/completions "HTTP/1.1 200 OK"
2026-08-29 05:32:29,267 [INFO] HTTP Request: POST http://localhost:8001/v1/chat/completions "HTTP/1.1 200 OK"
2026-08-29 05:32:30,701 [INFO] HTTP Request: POST http://localhost:8001/v1/chat/completions "HTTP/1.1 200 OK"
2026-08-29 05:32:33,211 [INFO] HTTP Request: POST http://localhost:8001/v1/chat/completions "HTTP/1.1 200 OK"
2026-08-29 05:32:36,506 [INFO] HTTP Request: POST http://localhost:8001/v1/chat/completions "HTTP/1.1 200 OK"
2026-08-29 05:32:38,386 [INFO] HTTP Request: POST http://localhost:8001/v1/chat/completions "HTTP/1.1 200 OK"
2026-08-29 05:32:41,672 [INFO] HTTP Request: POST http://localhost:8001/v1/chat/completions "HTTP/1.1 200 OK"
2026-08-29 05:32:43,845 [INFO] HTTP Request: POST http://localhost:8001/v1/chat/completions "HTTP/1.1 200 OK"
2026-08-29 05:32:48,649 [INFO] HTTP Request: POST http://localhost:8001/v1/chat/completions "HTTP/1.1 200 OK"
2026-08-29 05:33:00,857 [INFO] HTTP Request: POST http://localhost:8001/v1/chat/completions "HTTP/1.1 200 OK"
2026-08-29 05:33:26,235 [INFO] HTTP Request: POST http://localhost:8001/v1/chat/completions "HTTP/1.1 200 OK"
2026-08-29 05:33:29,934 [INFO] HTTP Request: POST http://localhost:8001/v1/chat/completions "HTTP/1.1 200 OK"
2026-08-29 05:33:30,035 [INFO] HTTP Request: POST http://localhost:8001/v1/chat/completions "HTTP/1.1 200 OK"
2026-08-29 05:33:31,820 [INFO] HTTP Request: POST http://localhost:8001/v1/chat/completions "HTTP/1.1 200 OK"
2026-08-29 05:33:32,250 [INFO] HTTP Request: POST http://localhost:8001/v1/chat/completions "HTTP/1.1 200 OK"
2026-08-29 05:33:32,701 [INFO] HTTP Request: POST http://localhost:8001/v1/chat/completions "HTTP/1.1 200 OK"
2026-08-29 05:33:38,585 [INFO] HTTP Request: POST http://localhost:8001/v1/chat/completions "HTTP/1.1 200 OK"
2026-08-29 05:33:40,363 [INFO] HTTP Request: POST http://localhost:8001/v1/chat/completions "HTTP/1.1 200 OK"
2026-08-29 05:33:46,682 [INFO] HTTP Request: POST http://localhost:8001/v1/chat/completions "HTTP/1.1 200 OK"
2026-08-29 05:33:47,650 [INFO] HTTP Request: POST http://localhost:8001/v1/chat/completions "HTTP/1.1 200 OK"
2026-08-29 05:34:00,330 [INFO] HTTP Request: POST http://localhost:8001/v1/chat/completions "HTTP/1.1 200 OK"
2026-08-29 05:34:22,835 [INFO] HTTP Request: POST http://localhost:8001/v1/chat/completions "HTTP/1.1 200 OK"
2026-08-29 05:34:26,564 [INFO] HTTP Request: POST http://localhost:8001/v1/chat/completions "HTTP/1.1 200 OK"
2026-08-29 05:34:28,129 [INFO] HTTP Request: POST http://localhost:8001/v1/chat/completions "HTTP/1.1 200 OK"
2026-08-29 05:34:28,987 [INFO] Retrying request to /chat/completions in 0.453047 seconds
2026-08-29 05:34:28,992 [INFO] Retrying request to /chat/completions in 0.386893 seconds
2026-08-29 05:34:29,061 [INFO] Retrying request to /chat/completions in 0.417206 seconds
2026-08-29 05:34:29,074 [INFO] Retrying request to /chat/completions in 0.437306 seconds
2026-08-29 05:34:29,079 [INFO] Retrying request to /chat/completions in 0.404179 seconds
2026-08-29 05:34:29,080 [INFO] Retrying request to /chat/completions in 0.479263 seconds
2026-08-29 05:34:29,082 [INFO] Retrying request to /chat/completions in 0.396053 seconds
2026-08-29 05:35:11,094 [INFO] HTTP Request: POST http://localhost:8001/v1/chat/completions "HTTP/1.1 200 OK"
2026-08-29 05:35:12,060 [INFO] HTTP Request: POST http://localhost:8001/v1/chat/completions "HTTP/1.1 200 OK"
2026-08-29 05:35:15,515 [INFO] HTTP Request: POST http://localhost:8001/v1/chat/completions "HTTP/1.1 200 OK"
2026-08-29 05:35:17,012 [INFO] HTTP Request: POST http://localhost:8001/v1/chat/completions "HTTP/1.1 200 OK"
2026-08-29 05:35:17,199 [INFO] HTTP Request: POST http://localhost:8001/v1/chat/completions "HTTP/1.1 200 OK"
2026-08-29 05:35:19,023 [INFO] HTTP Request: POST http://localhost:8001/v1/chat/completions "HTTP/1.1 200 OK"
2026-08-29 05:35:19,304 [INFO] HTTP Request: POST http://localhost:8001/v1/chat/completions "HTTP/1.1 200 OK"
2026-08-29 05:35:19,386 [INFO]   💾 4448/4921  [ok=4444 skip=0 error=4]
2026-08-29 05:36:12,791 [INFO] HTTP Request: POST http://localhost:8001/v1/chat/completions "HTTP/1.1 200 OK"
2026-08-29 05:36:17,399 [INFO] HTTP Request: POST http://localhost:8001/v1/chat/completions "HTTP/1.1 200 OK"
2026-08-29 05:36:23,019 [INFO] HTTP Request: POST http://localhost:8001/v1/chat/completions "HTTP/1.1 200 OK"
2026-08-29 05:36:23,120 [INFO] HTTP Request: POST http://localhost:8001/v1/chat/completions "HTTP/1.1 200 OK"
2026-08-29 05:36:23,543 [INFO] HTTP Request: POST http://localhost:8001/v1/chat/completions "HTTP/1.1 200 OK"
2026-08-29 05:36:24,895 [INFO] HTTP Request: POST http://localhost:8001/v1/chat/completions "HTTP/1.1 200 OK"
2026-08-29 05:36:30,139 [INFO] HTTP Request: POST http://localhost:8001/v1/chat/completions "HTTP/1.1 200 OK"
2026-08-29 05:36:31,575 [INFO] HTTP Request: POST http://localhost:8001/v1/chat/completions "HTTP/1.1 200 OK"
2026-08-29 05:36:31,910 [INFO] HTTP Request: POST http://localhost:8001/v1/chat/completions "HTTP/1.1 200 OK"
2026-08-29 05:36:37,157 [INFO] HTTP Request: POST http://localhost:8001/v1/chat/completions "HTTP/1.1 200 OK"
2026-08-29 05:36:40,542 [INFO] HTTP Request: POST http://localhost:8001/v1/chat/completions "HTTP/1.1 200 OK"
2026-08-29 05:37:12,357 [INFO] HTTP Request: POST http://localhost:8001/v1/chat/completions "HTTP/1.1 200 OK"
2026-08-29 05:37:15,450 [INFO] HTTP Request: POST http://localhost:8001/v1/chat/completions "HTTP/1.1 200 OK"
2026-08-29 05:37:22,906 [INFO] HTTP Request: POST http://localhost:8001/v1/chat/completions "HTTP/1.1 200 OK"
2026-08-29 05:37:27,008 [INFO] HTTP Request: POST http://localhost:8001/v1/chat/completions "HTTP/1.1 200 OK"
2026-08-29 05:37:28,979 [INFO] HTTP Request: POST http://localhost:8001/v1/chat/completions "HTTP/1.1 200 OK"
2026-08-29 05:37:29,080 [INFO] HTTP Request: POST http://localhost:8001/v1/chat/completions "HTTP/1.1 200 OK"
2026-08-29 05:37:30,864 [INFO] HTTP Request: POST http://localhost:8001/v1/chat/completions "HTTP/1.1 200 OK"
2026-08-29 05:37:33,954 [INFO] HTTP Request: POST http://localhost:8001/v1/chat/completions "HTTP/1.1 200 OK"
2026-08-29 05:37:35,729 [INFO] HTTP Request: POST http://localhost:8001/v1/chat/completions "HTTP/1.1 200 OK"
2026-08-29 05:37:38,202 [INFO] HTTP Request: POST http://localhost:8001/v1/chat/completions "HTTP/1.1 200 OK"
2026-08-29 05:37:47,652 [INFO] HTTP Request: POST http://localhost:8001/v1/chat/completions "HTTP/1.1 200 OK"
2026-08-29 05:38:10,944 [INFO] HTTP Request: POST http://localhost:8001/v1/chat/completions "HTTP/1.1 200 OK"
2026-08-29 05:38:15,874 [INFO] HTTP Request: POST http://localhost:8001/v1/chat/completions "HTTP/1.1 200 OK"
2026-08-29 05:38:17,531 [INFO] HTTP Request: POST http://localhost:8001/v1/chat/completions "HTTP/1.1 200 OK"
2026-08-29 05:38:18,691 [INFO] HTTP Request: POST http://localhost:8001/v1/chat/completions "HTTP/1.1 200 OK"
2026-08-29 05:38:19,454 [INFO] Retrying request to /chat/completions in 0.375311 seconds
2026-08-29 05:38:19,485 [INFO] Retrying request to /chat/completions in 0.388195 seconds
2026-08-29 05:38:19,511 [INFO] Retrying request to /chat/completions in 0.385278 seconds
2026-08-29 05:38:19,525 [INFO] Retrying request to /chat/completions in 0.393992 seconds
2026-08-29 05:38:19,529 [INFO] Retrying request to /chat/completions in 0.460622 seconds
2026-08-29 05:38:19,538 [INFO] Retrying request to /chat/completions in 0.391958 seconds
2026-08-29 05:39:03,328 [INFO] HTTP Request: POST http://localhost:8001/v1/chat/completions "HTTP/1.1 200 OK"
2026-08-29 05:39:03,808 [INFO] HTTP Request: POST http://localhost:8001/v1/chat/completions "HTTP/1.1 200 OK"
2026-08-29 05:39:05,677 [INFO] HTTP Request: POST http://localhost:8001/v1/chat/completions "HTTP/1.1 200 OK"
2026-08-29 05:39:06,329 [INFO] HTTP Request: POST http://localhost:8001/v1/chat/completions "HTTP/1.1 200 OK"
2026-08-29 05:39:09,702 [INFO] HTTP Request: POST http://localhost:8001/v1/chat/completions "HTTP/1.1 200 OK"
2026-08-29 05:39:10,172 [INFO] HTTP Request: POST http://localhost:8001/v1/chat/completions "HTTP/1.1 200 OK"
2026-08-29 05:39:10,250 [INFO]   💾 4480/4921  [ok=4476 skip=0 error=4]
2026-08-29 05:40:04,952 [INFO] HTTP Request: POST http://localhost:8001/v1/chat/completions "HTTP/1.1 200 OK"
2026-08-29 05:40:07,750 [INFO] HTTP Request: POST http://localhost:8001/v1/chat/completions "HTTP/1.1 200 OK"
2026-08-29 05:40:11,260 [INFO] HTTP Request: POST http://localhost:8001/v1/chat/completions "HTTP/1.1 200 OK"
2026-08-29 05:40:13,064 [INFO] HTTP Request: POST http://localhost:8001/v1/chat/completions "HTTP/1.1 200 OK"
2026-08-29 05:40:18,606 [INFO] HTTP Request: POST http://localhost:8001/v1/chat/completions "HTTP/1.1 200 OK"
2026-08-29 05:40:19,128 [INFO] HTTP Request: POST http://localhost:8001/v1/chat/completions "HTTP/1.1 200 OK"
2026-08-29 05:40:21,850 [INFO] HTTP Request: POST http://localhost:8001/v1/chat/completions "HTTP/1.1 200 OK"
2026-08-29 05:40:24,141 [INFO] HTTP Request: POST http://localhost:8001/v1/chat/completions "HTTP/1.1 200 OK"
2026-08-29 05:40:24,142 [INFO] HTTP Request: POST http://localhost:8001/v1/chat/completions "HTTP/1.1 200 OK"
2026-08-29 05:40:30,144 [INFO] HTTP Request: POST http://localhost:8001/v1/chat/completions "HTTP/1.1 200 OK"
2026-08-29 05:40:32,849 [INFO] HTTP Request: POST http://localhost:8001/v1/chat/completions "HTTP/1.1 200 OK"
2026-08-29 05:41:01,115 [INFO] HTTP Request: POST http://localhost:8001/v1/chat/completions "HTTP/1.1 200 OK"
2026-08-29 05:41:03,722 [INFO] HTTP Request: POST http://localhost:8001/v1/chat/completions "HTTP/1.1 200 OK"
2026-08-29 05:41:10,681 [INFO] HTTP Request: POST http://localhost:8001/v1/chat/completions "HTTP/1.1 200 OK"
2026-08-29 05:41:16,633 [INFO] HTTP Request: POST http://localhost:8001/v1/chat/completions "HTTP/1.1 200 OK"
2026-08-29 05:41:19,143 [INFO] HTTP Request: POST http://localhost:8001/v1/chat/completions "HTTP/1.1 200 OK"
2026-08-29 05:41:20,945 [INFO] HTTP Request: POST http://localhost:8001/v1/chat/completions "HTTP/1.1 200 OK"
2026-08-29 05:41:22,390 [INFO] HTTP Request: POST http://localhost:8001/v1/chat/completions "HTTP/1.1 200 OK"
2026-08-29 05:41:24,086 [INFO] HTTP Request: POST http://localhost:8001/v1/chat/completions "HTTP/1.1 200 OK"
2026-08-29 05:41:26,441 [INFO] HTTP Request: POST http://localhost:8001/v1/chat/completions "HTTP/1.1 200 OK"
2026-08-29 05:41:34,511 [INFO] HTTP Request: POST http://localhost:8001/v1/chat/completions "HTTP/1.1 200 OK"
2026-08-29 05:41:34,511 [INFO] HTTP Request: POST http://localhost:8001/v1/chat/completions "HTTP/1.1 200 OK"
2026-08-29 05:41:36,126 [INFO] HTTP Request: POST http://localhost:8001/v1/chat/completions "HTTP/1.1 200 OK"
2026-08-29 05:41:57,245 [INFO] HTTP Request: POST http://localhost:8001/v1/chat/completions "HTTP/1.1 200 OK"
2026-08-29 05:41:57,734 [INFO] HTTP Request: POST http://localhost:8001/v1/chat/completions "HTTP/1.1 200 OK"
2026-08-29 05:42:05,761 [INFO] HTTP Request: POST http://localhost:8001/v1/chat/completions "HTTP/1.1 200 OK"
2026-08-29 05:42:06,339 [INFO] HTTP Request: POST http://localhost:8001/v1/chat/completions "HTTP/1.1 200 OK"
2026-08-29 05:42:06,724 [INFO] HTTP Request: POST http://localhost:8001/v1/chat/completions "HTTP/1.1 200 OK"
2026-08-29 05:42:07,009 [INFO] HTTP Request: POST http://localhost:8001/v1/chat/completions "HTTP/1.1 200 OK"
2026-08-29 05:42:08,032 [INFO] HTTP Request: POST http://localhost:8001/v1/chat/completions "HTTP/1.1 200 OK"
2026-08-29 05:42:10,312 [INFO] Retrying request to /chat/completions in 0.410335 seconds
2026-08-29 05:42:10,356 [INFO] Retrying request to /chat/completions in 0.495328 seconds
2026-08-29 05:42:53,775 [INFO] HTTP Request: POST http://localhost:8001/v1/chat/completions "HTTP/1.1 200 OK"
2026-08-29 05:42:58,991 [INFO] HTTP Request: POST http://localhost:8001/v1/chat/completions "HTTP/1.1 200 OK"
2026-08-29 05:42:59,084 [INFO]   💾 4512/4921  [ok=4508 skip=0 error=4]
2026-08-29 05:43:53,461 [INFO] HTTP Request: POST http://localhost:8001/v1/chat/completions "HTTP/1.1 200 OK"
2026-08-29 05:43:56,366 [INFO] HTTP Request: POST http://localhost:8001/v1/chat/completions "HTTP/1.1 200 OK"
2026-08-29 05:44:01,298 [INFO] HTTP Request: POST http://localhost:8001/v1/chat/completions "HTTP/1.1 200 OK"
2026-08-29 05:44:01,399 [INFO] HTTP Request: POST http://localhost:8001/v1/chat/completions "HTTP/1.1 200 OK"
2026-08-29 05:44:02,264 [INFO] HTTP Request: POST http://localhost:8001/v1/chat/completions "HTTP/1.1 200 OK"
2026-08-29 05:44:03,609 [INFO] HTTP Request: POST http://localhost:8001/v1/chat/completions "HTTP/1.1 200 OK"
2026-08-29 05:44:04,060 [INFO] HTTP Request: POST http://localhost:8001/v1/chat/completions "HTTP/1.1 200 OK"
2026-08-29 05:44:08,085 [INFO] HTTP Request: POST http://localhost:8001/v1/chat/completions "HTTP/1.1 200 OK"
2026-08-29 05:44:10,315 [INFO] HTTP Request: POST http://localhost:8001/v1/chat/completions "HTTP/1.1 200 OK"
2026-08-29 05:44:13,385 [INFO] HTTP Request: POST http://localhost:8001/v1/chat/completions "HTTP/1.1 200 OK"
2026-08-29 05:44:13,907 [INFO] HTTP Request: POST http://localhost:8001/v1/chat/completions "HTTP/1.1 200 OK"
2026-08-29 05:44:50,599 [INFO] HTTP Request: POST http://localhost:8001/v1/chat/completions "HTTP/1.1 200 OK"
2026-08-29 05:44:53,801 [INFO] HTTP Request: POST http://localhost:8001/v1/chat/completions "HTTP/1.1 200 OK"
2026-08-29 05:44:57,209 [INFO] HTTP Request: POST http://localhost:8001/v1/chat/completions "HTTP/1.1 200 OK"
2026-08-29 05:44:58,179 [INFO] HTTP Request: POST http://localhost:8001/v1/chat/completions "HTTP/1.1 200 OK"
2026-08-29 05:45:01,087 [INFO] HTTP Request: POST http://localhost:8001/v1/chat/completions "HTTP/1.1 200 OK"
2026-08-29 05:45:04,089 [INFO] HTTP Request: POST http://localhost:8001/v1/chat/completions "HTTP/1.1 200 OK"
2026-08-29 05:45:08,513 [INFO] HTTP Request: POST http://localhost:8001/v1/chat/completions "HTTP/1.1 200 OK"
2026-08-29 05:45:10,299 [INFO] HTTP Request: POST http://localhost:8001/v1/chat/completions "HTTP/1.1 200 OK"
2026-08-29 05:45:10,820 [INFO] HTTP Request: POST http://localhost:8001/v1/chat/completions "HTTP/1.1 200 OK"
2026-08-29 05:45:13,960 [INFO] HTTP Request: POST http://localhost:8001/v1/chat/completions "HTTP/1.1 200 OK"
2026-08-29 05:45:18,577 [INFO] HTTP Request: POST http://localhost:8001/v1/chat/completions "HTTP/1.1 200 OK"
2026-08-29 05:45:47,429 [INFO] HTTP Request: POST http://localhost:8001/v1/chat/completions "HTTP/1.1 200 OK"
2026-08-29 05:45:48,636 [INFO] HTTP Request: POST http://localhost:8001/v1/chat/completions "HTTP/1.1 200 OK"
2026-08-29 05:45:50,884 [INFO] HTTP Request: POST http://localhost:8001/v1/chat/completions "HTTP/1.1 200 OK"
2026-08-29 05:45:53,018 [INFO] HTTP Request: POST http://localhost:8001/v1/chat/completions "HTTP/1.1 200 OK"
2026-08-29 05:45:55,334 [INFO] HTTP Request: POST http://localhost:8001/v1/chat/completions "HTTP/1.1 200 OK"
2026-08-29 05:45:58,310 [INFO] HTTP Request: POST http://localhost:8001/v1/chat/completions "HTTP/1.1 200 OK"
2026-08-29 05:45:59,167 [INFO] Retrying request to /chat/completions in 0.393774 seconds
2026-08-29 05:45:59,186 [INFO] Retrying request to /chat/completions in 0.423748 seconds
2026-08-29 05:45:59,241 [INFO] Retrying request to /chat/completions in 0.446648 seconds
2026-08-29 05:45:59,241 [INFO] Retrying request to /chat/completions in 0.399673 seconds
2026-08-29 05:46:42,940 [INFO] HTTP Request: POST http://localhost:8001/v1/chat/completions "HTTP/1.1 200 OK"
2026-08-29 05:46:45,546 [INFO] HTTP Request: POST http://localhost:8001/v1/chat/completions "HTTP/1.1 200 OK"
2026-08-29 05:46:45,730 [INFO] HTTP Request: POST http://localhost:8001/v1/chat/completions "HTTP/1.1 200 OK"
2026-08-29 05:46:45,916 [INFO] HTTP Request: POST http://localhost:8001/v1/chat/completions "HTTP/1.1 200 OK"
2026-08-29 05:46:45,996 [INFO]   💾 4544/4921  [ok=4540 skip=0 error=4]
2026-08-29 05:47:43,862 [INFO] HTTP Request: POST http://localhost:8001/v1/chat/completions "HTTP/1.1 200 OK"
2026-08-29 05:47:45,856 [INFO] HTTP Request: POST http://localhost:8001/v1/chat/completions "HTTP/1.1 200 OK"
2026-08-29 05:47:46,380 [INFO] HTTP Request: POST http://localhost:8001/v1/chat/completions "HTTP/1.1 200 OK"
2026-08-29 05:47:49,825 [INFO] HTTP Request: POST http://localhost:8001/v1/chat/completions "HTTP/1.1 200 OK"
2026-08-29 05:47:52,524 [INFO] HTTP Request: POST http://localhost:8001/v1/chat/completions "HTTP/1.1 200 OK"
2026-08-29 05:47:54,821 [INFO] HTTP Request: POST http://localhost:8001/v1/chat/completions "HTTP/1.1 200 OK"
2026-08-29 05:47:58,023 [INFO] HTTP Request: POST http://localhost:8001/v1/chat/completions "HTTP/1.1 200 OK"
2026-08-29 05:47:58,545 [INFO] HTTP Request: POST http://localhost:8001/v1/chat/completions "HTTP/1.1 200 OK"
2026-08-29 05:48:01,898 [INFO] HTTP Request: POST http://localhost:8001/v1/chat/completions "HTTP/1.1 200 OK"
2026-08-29 05:48:03,984 [INFO] HTTP Request: POST http://localhost:8001/v1/chat/completions "HTTP/1.1 200 OK"
2026-08-29 05:48:07,083 [INFO] HTTP Request: POST http://localhost:8001/v1/chat/completions "HTTP/1.1 200 OK"
2026-08-29 05:48:42,596 [INFO] HTTP Request: POST http://localhost:8001/v1/chat/completions "HTTP/1.1 200 OK"
2026-08-29 05:48:45,099 [INFO] HTTP Request: POST http://localhost:8001/v1/chat/completions "HTTP/1.1 200 OK"
2026-08-29 05:48:49,636 [INFO] HTTP Request: POST http://localhost:8001/v1/chat/completions "HTTP/1.1 200 OK"
2026-08-29 05:48:51,834 [INFO] HTTP Request: POST http://localhost:8001/v1/chat/completions "HTTP/1.1 200 OK"
2026-08-29 05:48:51,935 [INFO] HTTP Request: POST http://localhost:8001/v1/chat/completions "HTTP/1.1 200 OK"
2026-08-29 05:48:55,712 [INFO] HTTP Request: POST http://localhost:8001/v1/chat/completions "HTTP/1.1 200 OK"
2026-08-29 05:48:59,224 [INFO] HTTP Request: POST http://localhost:8001/v1/chat/completions "HTTP/1.1 200 OK"
2026-08-29 05:49:01,521 [INFO] HTTP Request: POST http://localhost:8001/v1/chat/completions "HTTP/1.1 200 OK"
2026-08-29 05:49:04,726 [INFO] HTTP Request: POST http://localhost:8001/v1/chat/completions "HTTP/1.1 200 OK"
2026-08-29 05:49:07,526 [INFO] HTTP Request: POST http://localhost:8001/v1/chat/completions "HTTP/1.1 200 OK"
2026-08-29 05:49:08,496 [INFO] HTTP Request: POST http://localhost:8001/v1/chat/completions "HTTP/1.1 200 OK"
2026-08-29 05:49:40,899 [INFO] HTTP Request: POST http://localhost:8001/v1/chat/completions "HTTP/1.1 200 OK"
2026-08-29 05:49:44,323 [INFO] HTTP Request: POST http://localhost:8001/v1/chat/completions "HTTP/1.1 200 OK"
2026-08-29 05:49:45,009 [INFO] HTTP Request: POST http://localhost:8001/v1/chat/completions "HTTP/1.1 200 OK"
2026-08-29 05:49:45,786 [INFO] HTTP Request: POST http://localhost:8001/v1/chat/completions "HTTP/1.1 200 OK"
2026-08-29 05:49:46,075 [INFO] HTTP Request: POST http://localhost:8001/v1/chat/completions "HTTP/1.1 200 OK"
2026-08-29 05:49:46,079 [INFO] Retrying request to /chat/completions in 0.379740 seconds
2026-08-29 05:49:46,083 [INFO] Retrying request to /chat/completions in 0.483081 seconds
2026-08-29 05:49:46,147 [INFO] Retrying request to /chat/completions in 0.416210 seconds
2026-08-29 05:49:46,152 [INFO] Retrying request to /chat/completions in 0.490338 seconds
2026-08-29 05:49:46,152 [INFO] Retrying request to /chat/completions in 0.475605 seconds
2026-08-29 05:50:28,384 [INFO] HTTP Request: POST http://localhost:8001/v1/chat/completions "HTTP/1.1 200 OK"
2026-08-29 05:50:31,561 [INFO] HTTP Request: POST http://localhost:8001/v1/chat/completions "HTTP/1.1 200 OK"
2026-08-29 05:50:33,609 [INFO] HTTP Request: POST http://localhost:8001/v1/chat/completions "HTTP/1.1 200 OK"
2026-08-29 05:50:34,431 [INFO] HTTP Request: POST http://localhost:8001/v1/chat/completions "HTTP/1.1 200 OK"
2026-08-29 05:50:39,648 [INFO] HTTP Request: POST http://localhost:8001/v1/chat/completions "HTTP/1.1 200 OK"
2026-08-29 05:50:39,727 [INFO]   💾 4576/4921  [ok=4572 skip=0 error=4]
2026-08-29 05:51:35,500 [INFO] HTTP Request: POST http://localhost:8001/v1/chat/completions "HTTP/1.1 200 OK"
2026-08-29 05:51:39,731 [INFO] HTTP Request: POST http://localhost:8001/v1/chat/completions "HTTP/1.1 200 OK"
2026-08-29 05:51:40,702 [INFO] HTTP Request: POST http://localhost:8001/v1/chat/completions "HTTP/1.1 200 OK"
2026-08-29 05:51:41,630 [INFO] HTTP Request: POST http://localhost:8001/v1/chat/completions "HTTP/1.1 200 OK"
2026-08-29 05:51:42,060 [INFO] HTTP Request: POST http://localhost:8001/v1/chat/completions "HTTP/1.1 200 OK"
2026-08-29 05:51:42,976 [INFO] HTTP Request: POST http://localhost:8001/v1/chat/completions "HTTP/1.1 200 OK"
2026-08-29 05:51:43,846 [INFO] HTTP Request: POST http://localhost:8001/v1/chat/completions "HTTP/1.1 200 OK"
2026-08-29 05:51:44,298 [INFO] HTTP Request: POST http://localhost:8001/v1/chat/completions "HTTP/1.1 200 OK"
2026-08-29 05:51:47,858 [INFO] HTTP Request: POST http://localhost:8001/v1/chat/completions "HTTP/1.1 200 OK"
2026-08-29 05:51:53,760 [INFO] HTTP Request: POST http://localhost:8001/v1/chat/completions "HTTP/1.1 200 OK"
2026-08-29 05:51:57,170 [INFO] HTTP Request: POST http://localhost:8001/v1/chat/completions "HTTP/1.1 200 OK"
2026-08-29 05:52:32,805 [INFO] HTTP Request: POST http://localhost:8001/v1/chat/completions "HTTP/1.1 200 OK"
2026-08-29 05:52:36,022 [INFO] HTTP Request: POST http://localhost:8001/v1/chat/completions "HTTP/1.1 200 OK"
2026-08-29 05:52:37,818 [INFO] HTTP Request: POST http://localhost:8001/v1/chat/completions "HTTP/1.1 200 OK"
2026-08-29 05:52:37,916 [INFO] HTTP Request: POST http://localhost:8001/v1/chat/completions "HTTP/1.1 200 OK"
2026-08-29 05:52:41,997 [INFO] HTTP Request: POST http://localhost:8001/v1/chat/completions "HTTP/1.1 200 OK"
2026-08-29 05:52:43,792 [INFO] HTTP Request: POST http://localhost:8001/v1/chat/completions "HTTP/1.1 200 OK"
2026-08-29 05:52:45,986 [INFO] HTTP Request: POST http://localhost:8001/v1/chat/completions "HTTP/1.1 200 OK"
2026-08-29 05:52:48,287 [INFO] HTTP Request: POST http://localhost:8001/v1/chat/completions "HTTP/1.1 200 OK"
2026-08-29 05:52:50,383 [INFO] HTTP Request: POST http://localhost:8001/v1/chat/completions "HTTP/1.1 200 OK"
2026-08-29 05:52:56,934 [INFO] HTTP Request: POST http://localhost:8001/v1/chat/completions "HTTP/1.1 200 OK"
2026-08-29 05:53:01,663 [INFO] HTTP Request: POST http://localhost:8001/v1/chat/completions "HTTP/1.1 200 OK"
2026-08-29 05:53:28,333 [INFO] HTTP Request: POST http://localhost:8001/v1/chat/completions "HTTP/1.1 200 OK"
2026-08-29 05:53:31,456 [INFO] HTTP Request: POST http://localhost:8001/v1/chat/completions "HTTP/1.1 200 OK"
2026-08-29 05:53:31,457 [INFO] HTTP Request: POST http://localhost:8001/v1/chat/completions "HTTP/1.1 200 OK"
2026-08-29 05:53:33,692 [INFO] HTTP Request: POST http://localhost:8001/v1/chat/completions "HTTP/1.1 200 OK"
2026-08-29 05:53:35,140 [INFO] HTTP Request: POST http://localhost:8001/v1/chat/completions "HTTP/1.1 200 OK"
2026-08-29 05:53:36,870 [INFO] HTTP Request: POST http://localhost:8001/v1/chat/completions "HTTP/1.1 200 OK"
2026-08-29 05:53:38,180 [INFO] HTTP Request: POST http://localhost:8001/v1/chat/completions "HTTP/1.1 200 OK"
2026-08-29 05:53:39,837 [INFO] Retrying request to /chat/completions in 0.422879 seconds
2026-08-29 05:53:39,864 [INFO] Retrying request to /chat/completions in 0.489037 seconds
2026-08-29 05:53:39,882 [INFO] Retrying request to /chat/completions in 0.465564 seconds
2026-08-29 05:54:23,491 [INFO] HTTP Request: POST http://localhost:8001/v1/chat/completions "HTTP/1.1 200 OK"
2026-08-29 05:54:23,766 [INFO] HTTP Request: POST http://localhost:8001/v1/chat/completions "HTTP/1.1 200 OK"
2026-08-29 05:54:27,368 [INFO] HTTP Request: POST http://localhost:8001/v1/chat/completions "HTTP/1.1 200 OK"
2026-08-29 05:54:27,436 [INFO]   💾 4608/4921  [ok=4604 skip=0 error=4]
2026-08-29 05:55:26,232 [INFO] HTTP Request: POST http://localhost:8001/v1/chat/completions "HTTP/1.1 200 OK"
2026-08-29 05:55:29,755 [INFO] HTTP Request: POST http://localhost:8001/v1/chat/completions "HTTP/1.1 200 OK"
2026-08-29 05:55:32,768 [INFO] HTTP Request: POST http://localhost:8001/v1/chat/completions "HTTP/1.1 200 OK"
2026-08-29 05:55:33,740 [INFO] HTTP Request: POST http://localhost:8001/v1/chat/completions "HTTP/1.1 200 OK"
2026-08-29 05:55:37,070 [INFO] HTTP Request: POST http://localhost:8001/v1/chat/completions "HTTP/1.1 200 OK"
2026-08-29 05:55:37,594 [INFO] HTTP Request: POST http://localhost:8001/v1/chat/completions "HTTP/1.1 200 OK"
2026-08-29 05:55:39,845 [INFO] HTTP Request: POST http://localhost:8001/v1/chat/completions "HTTP/1.1 200 OK"
2026-08-29 05:55:40,760 [INFO] HTTP Request: POST http://localhost:8001/v1/chat/completions "HTTP/1.1 200 OK"
2026-08-29 05:55:41,655 [INFO] HTTP Request: POST http://localhost:8001/v1/chat/completions "HTTP/1.1 200 OK"
2026-08-29 05:55:44,352 [INFO] HTTP Request: POST http://localhost:8001/v1/chat/completions "HTTP/1.1 200 OK"
2026-08-29 05:55:47,462 [INFO] HTTP Request: POST http://localhost:8001/v1/chat/completions "HTTP/1.1 200 OK"
2026-08-29 05:56:22,599 [INFO] HTTP Request: POST http://localhost:8001/v1/chat/completions "HTTP/1.1 200 OK"
2026-08-29 05:56:29,884 [INFO] HTTP Request: POST http://localhost:8001/v1/chat/completions "HTTP/1.1 200 OK"
2026-08-29 05:56:30,854 [INFO] HTTP Request: POST http://localhost:8001/v1/chat/completions "HTTP/1.1 200 OK"
2026-08-29 05:56:33,579 [INFO] HTTP Request: POST http://localhost:8001/v1/chat/completions "HTTP/1.1 200 OK"
2026-08-29 05:56:35,983 [INFO] HTTP Request: POST http://localhost:8001/v1/chat/completions "HTTP/1.1 200 OK"
2026-08-29 05:56:38,184 [INFO] HTTP Request: POST http://localhost:8001/v1/chat/completions "HTTP/1.1 200 OK"
2026-08-29 05:56:39,982 [INFO] HTTP Request: POST http://localhost:8001/v1/chat/completions "HTTP/1.1 200 OK"
2026-08-29 05:56:40,080 [INFO] HTTP Request: POST http://localhost:8001/v1/chat/completions "HTTP/1.1 200 OK"
2026-08-29 05:56:41,407 [INFO] HTTP Request: POST http://localhost:8001/v1/chat/completions "HTTP/1.1 200 OK"
2026-08-29 05:56:45,324 [INFO] HTTP Request: POST http://localhost:8001/v1/chat/completions "HTTP/1.1 200 OK"
2026-08-29 05:56:50,671 [INFO] HTTP Request: POST http://localhost:8001/v1/chat/completions "HTTP/1.1 200 OK"
2026-08-29 05:57:17,240 [INFO] HTTP Request: POST http://localhost:8001/v1/chat/completions "HTTP/1.1 200 OK"
2026-08-29 05:57:26,810 [INFO] HTTP Request: POST http://localhost:8001/v1/chat/completions "HTTP/1.1 200 OK"
2026-08-29 05:57:27,498 [INFO] Retrying request to /chat/completions in 0.405761 seconds
2026-08-29 05:57:27,540 [INFO] Retrying request to /chat/completions in 0.378932 seconds
2026-08-29 05:57:27,584 [INFO] Retrying request to /chat/completions in 0.385631 seconds
2026-08-29 05:57:27,587 [INFO] Retrying request to /chat/completions in 0.453945 seconds
2026-08-29 05:57:27,589 [INFO] Retrying request to /chat/completions in 0.486654 seconds
2026-08-29 05:57:27,590 [INFO] Retrying request to /chat/completions in 0.481546 seconds
2026-08-29 05:57:27,591 [INFO] Retrying request to /chat/completions in 0.429782 seconds
2026-08-29 05:57:27,591 [INFO] Retrying request to /chat/completions in 0.435995 seconds
2026-08-29 05:58:09,644 [INFO] HTTP Request: POST http://localhost:8001/v1/chat/completions "HTTP/1.1 200 OK"
2026-08-29 05:58:13,527 [INFO] HTTP Request: POST http://localhost:8001/v1/chat/completions "HTTP/1.1 200 OK"
2026-08-29 05:58:14,687 [INFO] HTTP Request: POST http://localhost:8001/v1/chat/completions "HTTP/1.1 200 OK"
2026-08-29 05:58:15,457 [INFO] HTTP Request: POST http://localhost:8001/v1/chat/completions "HTTP/1.1 200 OK"
2026-08-29 05:58:15,927 [INFO] HTTP Request: POST http://localhost:8001/v1/chat/completions "HTTP/1.1 200 OK"
2026-08-29 05:58:16,300 [INFO] HTTP Request: POST http://localhost:8001/v1/chat/completions "HTTP/1.1 200 OK"
2026-08-29 05:58:17,212 [INFO] HTTP Request: POST http://localhost:8001/v1/chat/completions "HTTP/1.1 200 OK"
2026-08-29 05:58:18,158 [INFO] HTTP Request: POST http://localhost:8001/v1/chat/completions "HTTP/1.1 200 OK"
2026-08-29 05:58:18,248 [INFO]   💾 4640/4921  [ok=4636 skip=0 error=4]
2026-08-29 05:59:16,909 [INFO] HTTP Request: POST http://localhost:8001/v1/chat/completions "HTTP/1.1 200 OK"
2026-08-29 05:59:20,136 [INFO] HTTP Request: POST http://localhost:8001/v1/chat/completions "HTTP/1.1 200 OK"
2026-08-29 05:59:21,106 [INFO] HTTP Request: POST http://localhost:8001/v1/chat/completions "HTTP/1.1 200 OK"
2026-08-29 05:59:21,106 [INFO] HTTP Request: POST http://localhost:8001/v1/chat/completions "HTTP/1.1 200 OK"
2026-08-29 05:59:25,198 [INFO] HTTP Request: POST http://localhost:8001/v1/chat/completions "HTTP/1.1 200 OK"
2026-08-29 05:59:27,103 [INFO] HTTP Request: POST http://localhost:8001/v1/chat/completions "HTTP/1.1 200 OK"
2026-08-29 05:59:27,103 [INFO] HTTP Request: POST http://localhost:8001/v1/chat/completions "HTTP/1.1 200 OK"
2026-08-29 05:59:32,613 [INFO] HTTP Request: POST http://localhost:8001/v1/chat/completions "HTTP/1.1 200 OK"
2026-08-29 05:59:34,617 [INFO] HTTP Request: POST http://localhost:8001/v1/chat/completions "HTTP/1.1 200 OK"
2026-08-29 05:59:36,823 [INFO] HTTP Request: POST http://localhost:8001/v1/chat/completions "HTTP/1.1 200 OK"
2026-08-29 06:00:11,289 [INFO] HTTP Request: POST http://localhost:8001/v1/chat/completions "HTTP/1.1 200 OK"
2026-08-29 06:00:13,499 [INFO] HTTP Request: POST http://localhost:8001/v1/chat/completions "HTTP/1.1 200 OK"
2026-08-29 06:00:17,235 [INFO] HTTP Request: POST http://localhost:8001/v1/chat/completions "HTTP/1.1 200 OK"
2026-08-29 06:00:19,855 [INFO] HTTP Request: POST http://localhost:8001/v1/chat/completions "HTTP/1.1 200 OK"
2026-08-29 06:00:22,367 [INFO] HTTP Request: POST http://localhost:8001/v1/chat/completions "HTTP/1.1 200 OK"
2026-08-29 06:00:26,200 [INFO] HTTP Request: POST http://localhost:8001/v1/chat/completions "HTTP/1.1 200 OK"
2026-08-29 06:00:28,299 [INFO] HTTP Request: POST http://localhost:8001/v1/chat/completions "HTTP/1.1 200 OK"
2026-08-29 06:00:28,399 [INFO] HTTP Request: POST http://localhost:8001/v1/chat/completions "HTTP/1.1 200 OK"
2026-08-29 06:00:30,188 [INFO] HTTP Request: POST http://localhost:8001/v1/chat/completions "HTTP/1.1 200 OK"
2026-08-29 06:00:35,479 [INFO] HTTP Request: POST http://localhost:8001/v1/chat/completions "HTTP/1.1 200 OK"
2026-08-29 06:00:38,183 [INFO] HTTP Request: POST http://localhost:8001/v1/chat/completions "HTTP/1.1 200 OK"
2026-08-29 06:00:48,361 [INFO] HTTP Request: POST http://localhost:8001/v1/chat/completions "HTTP/1.1 200 OK"
2026-08-29 06:01:08,373 [INFO] HTTP Request: POST http://localhost:8001/v1/chat/completions "HTTP/1.1 200 OK"
2026-08-29 06:01:11,900 [INFO] HTTP Request: POST http://localhost:8001/v1/chat/completions "HTTP/1.1 200 OK"
2026-08-29 06:01:12,977 [INFO] HTTP Request: POST http://localhost:8001/v1/chat/completions "HTTP/1.1 200 OK"
2026-08-29 06:01:14,046 [INFO] HTTP Request: POST http://localhost:8001/v1/chat/completions "HTTP/1.1 200 OK"
2026-08-29 06:01:15,011 [INFO] HTTP Request: POST http://localhost:8001/v1/chat/completions "HTTP/1.1 200 OK"
2026-08-29 06:01:16,069 [INFO] HTTP Request: POST http://localhost:8001/v1/chat/completions "HTTP/1.1 200 OK"
2026-08-29 06:01:16,632 [INFO] HTTP Request: POST http://localhost:8001/v1/chat/completions "HTTP/1.1 200 OK"
2026-08-29 06:01:17,283 [INFO] HTTP Request: POST http://localhost:8001/v1/chat/completions "HTTP/1.1 200 OK"
2026-08-29 06:01:18,421 [INFO] Retrying request to /chat/completions in 0.439178 seconds
2026-08-29 06:01:18,428 [INFO] Retrying request to /chat/completions in 0.464122 seconds
2026-08-29 06:01:58,456 [INFO] HTTP Request: POST http://localhost:8001/v1/chat/completions "HTTP/1.1 200 OK"
2026-08-29 06:02:02,344 [INFO] HTTP Request: POST http://localhost:8001/v1/chat/completions "HTTP/1.1 200 OK"
2026-08-29 06:02:02,433 [INFO]   💾 4672/4921  [ok=4668 skip=0 error=4]
2026-08-29 06:03:01,527 [INFO] HTTP Request: POST http://localhost:8001/v1/chat/completions "HTTP/1.1 200 OK"
2026-08-29 06:03:03,941 [INFO] HTTP Request: POST http://localhost:8001/v1/chat/completions "HTTP/1.1 200 OK"
2026-08-29 06:03:06,562 [INFO] HTTP Request: POST http://localhost:8001/v1/chat/completions "HTTP/1.1 200 OK"
2026-08-29 06:03:08,370 [INFO] HTTP Request: POST http://localhost:8001/v1/chat/completions "HTTP/1.1 200 OK"
2026-08-29 06:03:11,999 [INFO] HTTP Request: POST http://localhost:8001/v1/chat/completions "HTTP/1.1 200 OK"
2026-08-29 06:03:12,522 [INFO] HTTP Request: POST http://localhost:8001/v1/chat/completions "HTTP/1.1 200 OK"
2026-08-29 06:03:15,692 [INFO] HTTP Request: POST http://localhost:8001/v1/chat/completions "HTTP/1.1 200 OK"
2026-08-29 06:03:16,215 [INFO] HTTP Request: POST http://localhost:8001/v1/chat/completions "HTTP/1.1 200 OK"
2026-08-29 06:03:19,493 [INFO] HTTP Request: POST http://localhost:8001/v1/chat/completions "HTTP/1.1 200 OK"
2026-08-29 06:03:23,829 [INFO] HTTP Request: POST http://localhost:8001/v1/chat/completions "HTTP/1.1 200 OK"
2026-08-29 06:03:57,074 [INFO] HTTP Request: POST http://localhost:8001/v1/chat/completions "HTTP/1.1 200 OK"
2026-08-29 06:04:00,303 [INFO] HTTP Request: POST http://localhost:8001/v1/chat/completions "HTTP/1.1 200 OK"
2026-08-29 06:04:02,211 [INFO] HTTP Request: POST http://localhost:8001/v1/chat/completions "HTTP/1.1 200 OK"
2026-08-29 06:04:03,183 [INFO] HTTP Request: POST http://localhost:8001/v1/chat/completions "HTTP/1.1 200 OK"
2026-08-29 06:04:05,471 [INFO] HTTP Request: POST http://localhost:8001/v1/chat/completions "HTTP/1.1 200 OK"
2026-08-29 06:04:09,792 [INFO] HTTP Request: POST http://localhost:8001/v1/chat/completions "HTTP/1.1 200 OK"
2026-08-29 06:04:15,080 [INFO] HTTP Request: POST http://localhost:8001/v1/chat/completions "HTTP/1.1 200 OK"
2026-08-29 06:04:18,837 [INFO] HTTP Request: POST http://localhost:8001/v1/chat/completions "HTTP/1.1 200 OK"
2026-08-29 06:04:20,658 [INFO] HTTP Request: POST http://localhost:8001/v1/chat/completions "HTTP/1.1 200 OK"
2026-08-29 06:04:23,189 [INFO] HTTP Request: POST http://localhost:8001/v1/chat/completions "HTTP/1.1 200 OK"
2026-08-29 06:04:25,998 [INFO] HTTP Request: POST http://localhost:8001/v1/chat/completions "HTTP/1.1 200 OK"
2026-08-29 06:04:30,659 [INFO] HTTP Request: POST http://localhost:8001/v1/chat/completions "HTTP/1.1 200 OK"
2026-08-29 06:04:52,178 [INFO] HTTP Request: POST http://localhost:8001/v1/chat/completions "HTTP/1.1 200 OK"
2026-08-29 06:04:57,621 [INFO] HTTP Request: POST http://localhost:8001/v1/chat/completions "HTTP/1.1 200 OK"
2026-08-29 06:04:58,601 [INFO] HTTP Request: POST http://localhost:8001/v1/chat/completions "HTTP/1.1 200 OK"
2026-08-29 06:05:00,252 [INFO] HTTP Request: POST http://localhost:8001/v1/chat/completions "HTTP/1.1 200 OK"
2026-08-29 06:05:02,473 [INFO] HTTP Request: POST http://localhost:8001/v1/chat/completions "HTTP/1.1 200 OK"
2026-08-29 06:05:02,474 [INFO] HTTP Request: POST http://localhost:8001/v1/chat/completions "HTTP/1.1 200 OK"
2026-08-29 06:05:02,500 [INFO] Retrying request to /chat/completions in 0.379495 seconds
2026-08-29 06:05:02,515 [INFO] Retrying request to /chat/completions in 0.426160 seconds
2026-08-29 06:05:02,522 [INFO] Retrying request to /chat/completions in 0.458468 seconds
2026-08-29 06:05:02,527 [INFO] Retrying request to /chat/completions in 0.449546 seconds
2026-08-29 06:05:41,487 [INFO] HTTP Request: POST http://localhost:8001/v1/chat/completions "HTTP/1.1 200 OK"
2026-08-29 06:05:42,512 [INFO] HTTP Request: POST http://localhost:8001/v1/chat/completions "HTTP/1.1 200 OK"
2026-08-29 06:05:48,437 [INFO] HTTP Request: POST http://localhost:8001/v1/chat/completions "HTTP/1.1 200 OK"
2026-08-29 06:05:50,330 [INFO] HTTP Request: POST http://localhost:8001/v1/chat/completions "HTTP/1.1 200 OK"
2026-08-29 06:05:50,423 [INFO]   💾 4704/4921  [ok=4700 skip=0 error=4]
2026-08-29 06:06:48,768 [INFO] HTTP Request: POST http://localhost:8001/v1/chat/completions "HTTP/1.1 200 OK"
2026-08-29 06:06:54,024 [INFO] HTTP Request: POST http://localhost:8001/v1/chat/completions "HTTP/1.1 200 OK"
2026-08-29 06:06:54,025 [INFO] HTTP Request: POST http://localhost:8001/v1/chat/completions "HTTP/1.1 200 OK"
2026-08-29 06:06:54,994 [INFO] HTTP Request: POST http://localhost:8001/v1/chat/completions "HTTP/1.1 200 OK"
2026-08-29 06:06:58,171 [INFO] HTTP Request: POST http://localhost:8001/v1/chat/completions "HTTP/1.1 200 OK"
2026-08-29 06:07:00,841 [INFO] HTTP Request: POST http://localhost:8001/v1/chat/completions "HTTP/1.1 200 OK"
2026-08-29 06:07:04,694 [INFO] HTTP Request: POST http://localhost:8001/v1/chat/completions "HTTP/1.1 200 OK"
2026-08-29 06:07:05,222 [INFO] HTTP Request: POST http://localhost:8001/v1/chat/completions "HTTP/1.1 200 OK"
2026-08-29 06:07:08,327 [INFO] HTTP Request: POST http://localhost:8001/v1/chat/completions "HTTP/1.1 200 OK"
2026-08-29 06:07:08,733 [INFO] HTTP Request: POST http://localhost:8001/v1/chat/completions "HTTP/1.1 200 OK"
2026-08-29 06:07:08,733 [INFO] HTTP Request: POST http://localhost:8001/v1/chat/completions "HTTP/1.1 200 OK"
2026-08-29 06:07:49,924 [INFO] HTTP Request: POST http://localhost:8001/v1/chat/completions "HTTP/1.1 200 OK"
2026-08-29 06:07:51,363 [INFO] HTTP Request: POST http://localhost:8001/v1/chat/completions "HTTP/1.1 200 OK"
2026-08-29 06:07:52,155 [INFO] HTTP Request: POST http://localhost:8001/v1/chat/completions "HTTP/1.1 200 OK"
2026-08-29 06:07:57,053 [INFO] HTTP Request: POST http://localhost:8001/v1/chat/completions "HTTP/1.1 200 OK"
2026-08-29 06:08:00,078 [INFO] HTTP Request: POST http://localhost:8001/v1/chat/completions "HTTP/1.1 200 OK"
2026-08-29 06:08:03,813 [INFO] HTTP Request: POST http://localhost:8001/v1/chat/completions "HTTP/1.1 200 OK"
2026-08-29 06:08:04,337 [INFO] HTTP Request: POST http://localhost:8001/v1/chat/completions "HTTP/1.1 200 OK"
2026-08-29 06:08:07,509 [INFO] HTTP Request: POST http://localhost:8001/v1/chat/completions "HTTP/1.1 200 OK"
2026-08-29 06:08:07,611 [INFO] HTTP Request: POST http://localhost:8001/v1/chat/completions "HTTP/1.1 200 OK"
2026-08-29 06:08:12,894 [INFO] HTTP Request: POST http://localhost:8001/v1/chat/completions "HTTP/1.1 200 OK"
2026-08-29 06:08:20,333 [INFO] HTTP Request: POST http://localhost:8001/v1/chat/completions "HTTP/1.1 200 OK"
2026-08-29 06:08:31,750 [INFO] HTTP Request: POST http://localhost:8001/v1/chat/completions "HTTP/1.1 200 OK"
2026-08-29 06:08:44,531 [INFO] HTTP Request: POST http://localhost:8001/v1/chat/completions "HTTP/1.1 200 OK"
2026-08-29 06:08:45,706 [INFO] HTTP Request: POST http://localhost:8001/v1/chat/completions "HTTP/1.1 200 OK"
2026-08-29 06:08:47,552 [INFO] HTTP Request: POST http://localhost:8001/v1/chat/completions "HTTP/1.1 200 OK"
2026-08-29 06:08:50,494 [INFO] Retrying request to /chat/completions in 0.409186 seconds
2026-08-29 06:08:50,494 [INFO] Retrying request to /chat/completions in 0.440112 seconds
2026-08-29 06:08:50,554 [INFO] Retrying request to /chat/completions in 0.447180 seconds
2026-08-29 06:08:50,574 [INFO] Retrying request to /chat/completions in 0.467643 seconds
2026-08-29 06:08:50,574 [INFO] Retrying request to /chat/completions in 0.412961 seconds
2026-08-29 06:08:50,574 [INFO] Retrying request to /chat/completions in 0.489660 seconds
2026-08-29 06:09:31,942 [INFO] HTTP Request: POST http://localhost:8001/v1/chat/completions "HTTP/1.1 200 OK"
2026-08-29 06:09:33,096 [INFO] HTTP Request: POST http://localhost:8001/v1/chat/completions "HTTP/1.1 200 OK"
2026-08-29 06:09:34,592 [INFO] HTTP Request: POST http://localhost:8001/v1/chat/completions "HTTP/1.1 200 OK"
2026-08-29 06:09:35,616 [INFO] HTTP Request: POST http://localhost:8001/v1/chat/completions "HTTP/1.1 200 OK"
2026-08-29 06:09:35,891 [INFO] HTTP Request: POST http://localhost:8001/v1/chat/completions "HTTP/1.1 200 OK"
2026-08-29 06:09:41,204 [INFO] HTTP Request: POST http://localhost:8001/v1/chat/completions "HTTP/1.1 200 OK"
2026-08-29 06:09:41,298 [INFO]   💾 4736/4921  [ok=4732 skip=0 error=4]
2026-08-29 06:10:38,447 [INFO] HTTP Request: POST http://localhost:8001/v1/chat/completions "HTTP/1.1 200 OK"
2026-08-29 06:10:41,472 [INFO] HTTP Request: POST http://localhost:8001/v1/chat/completions "HTTP/1.1 200 OK"
2026-08-29 06:10:42,910 [INFO] HTTP Request: POST http://localhost:8001/v1/chat/completions "HTTP/1.1 200 OK"
2026-08-29 06:10:45,799 [INFO] HTTP Request: POST http://localhost:8001/v1/chat/completions "HTTP/1.1 200 OK"
2026-08-29 06:10:47,237 [INFO] HTTP Request: POST http://localhost:8001/v1/chat/completions "HTTP/1.1 200 OK"
2026-08-29 06:10:49,923 [INFO] HTTP Request: POST http://localhost:8001/v1/chat/completions "HTTP/1.1 200 OK"
2026-08-29 06:10:51,360 [INFO] HTTP Request: POST http://localhost:8001/v1/chat/completions "HTTP/1.1 200 OK"
2026-08-29 06:10:57,392 [INFO] HTTP Request: POST http://localhost:8001/v1/chat/completions "HTTP/1.1 200 OK"
2026-08-29 06:11:01,225 [INFO] HTTP Request: POST http://localhost:8001/v1/chat/completions "HTTP/1.1 200 OK"
2026-08-29 06:11:01,326 [INFO] HTTP Request: POST http://localhost:8001/v1/chat/completions "HTTP/1.1 200 OK"
2026-08-29 06:11:37,174 [INFO] HTTP Request: POST http://localhost:8001/v1/chat/completions "HTTP/1.1 200 OK"
2026-08-29 06:11:38,144 [INFO] HTTP Request: POST http://localhost:8001/v1/chat/completions "HTTP/1.1 200 OK"
2026-08-29 06:11:42,724 [INFO] HTTP Request: POST http://localhost:8001/v1/chat/completions "HTTP/1.1 200 OK"
2026-08-29 06:11:45,152 [INFO] HTTP Request: POST http://localhost:8001/v1/chat/completions "HTTP/1.1 200 OK"
2026-08-29 06:11:50,105 [INFO] HTTP Request: POST http://localhost:8001/v1/chat/completions "HTTP/1.1 200 OK"
2026-08-29 06:11:52,218 [INFO] HTTP Request: POST http://localhost:8001/v1/chat/completions "HTTP/1.1 200 OK"
2026-08-29 06:11:55,143 [INFO] HTTP Request: POST http://localhost:8001/v1/chat/completions "HTTP/1.1 200 OK"
2026-08-29 06:11:55,144 [INFO] HTTP Request: POST http://localhost:8001/v1/chat/completions "HTTP/1.1 200 OK"
2026-08-29 06:11:55,145 [INFO] HTTP Request: POST http://localhost:8001/v1/chat/completions "HTTP/1.1 200 OK"
2026-08-29 06:12:05,984 [INFO] HTTP Request: POST http://localhost:8001/v1/chat/completions "HTTP/1.1 200 OK"
2026-08-29 06:12:22,149 [INFO] HTTP Request: POST http://localhost:8001/v1/chat/completions "HTTP/1.1 200 OK"
2026-08-29 06:12:34,691 [INFO] HTTP Request: POST http://localhost:8001/v1/chat/completions "HTTP/1.1 200 OK"
2026-08-29 06:12:35,638 [INFO] HTTP Request: POST http://localhost:8001/v1/chat/completions "HTTP/1.1 200 OK"
2026-08-29 06:12:35,738 [INFO] HTTP Request: POST http://localhost:8001/v1/chat/completions "HTTP/1.1 200 OK"
2026-08-29 06:12:38,575 [INFO] HTTP Request: POST http://localhost:8001/v1/chat/completions "HTTP/1.1 200 OK"
2026-08-29 06:12:38,770 [INFO] HTTP Request: POST http://localhost:8001/v1/chat/completions "HTTP/1.1 200 OK"
2026-08-29 06:12:41,357 [INFO] Retrying request to /chat/completions in 0.466530 seconds
2026-08-29 06:12:41,379 [INFO] Retrying request to /chat/completions in 0.379957 seconds
2026-08-29 06:12:41,386 [INFO] Retrying request to /chat/completions in 0.391026 seconds
2026-08-29 06:12:41,447 [INFO] Retrying request to /chat/completions in 0.426445 seconds
2026-08-29 06:12:41,449 [INFO] Retrying request to /chat/completions in 0.420542 seconds
2026-08-29 06:12:41,451 [INFO] Retrying request to /chat/completions in 0.409888 seconds
2026-08-29 06:13:22,600 [INFO] HTTP Request: POST http://localhost:8001/v1/chat/completions "HTTP/1.1 200 OK"
2026-08-29 06:13:22,793 [INFO] HTTP Request: POST http://localhost:8001/v1/chat/completions "HTTP/1.1 200 OK"
2026-08-29 06:13:25,226 [INFO] HTTP Request: POST http://localhost:8001/v1/chat/completions "HTTP/1.1 200 OK"
2026-08-29 06:13:31,368 [INFO] HTTP Request: POST http://localhost:8001/v1/chat/completions "HTTP/1.1 200 OK"
2026-08-29 06:13:31,916 [INFO] HTTP Request: POST http://localhost:8001/v1/chat/completions "HTTP/1.1 200 OK"
2026-08-29 06:13:35,710 [INFO] HTTP Request: POST http://localhost:8001/v1/chat/completions "HTTP/1.1 200 OK"
2026-08-29 06:13:35,795 [INFO]   💾 4768/4921  [ok=4764 skip=0 error=4]
2026-08-29 06:14:32,793 [INFO] HTTP Request: POST http://localhost:8001/v1/chat/completions "HTTP/1.1 200 OK"
2026-08-29 06:14:35,920 [INFO] HTTP Request: POST http://localhost:8001/v1/chat/completions "HTTP/1.1 200 OK"
2026-08-29 06:14:37,358 [INFO] HTTP Request: POST http://localhost:8001/v1/chat/completions "HTTP/1.1 200 OK"
2026-08-29 06:14:38,151 [INFO] HTTP Request: POST http://localhost:8001/v1/chat/completions "HTTP/1.1 200 OK"
2026-08-29 06:14:41,241 [INFO] HTTP Request: POST http://localhost:8001/v1/chat/completions "HTTP/1.1 200 OK"
2026-08-29 06:14:42,678 [INFO] HTTP Request: POST http://localhost:8001/v1/chat/completions "HTTP/1.1 200 OK"
2026-08-29 06:14:45,565 [INFO] HTTP Request: POST http://localhost:8001/v1/chat/completions "HTTP/1.1 200 OK"
2026-08-29 06:14:48,487 [INFO] HTTP Request: POST http://localhost:8001/v1/chat/completions "HTTP/1.1 200 OK"
2026-08-29 06:14:50,294 [INFO] HTTP Request: POST http://localhost:8001/v1/chat/completions "HTTP/1.1 200 OK"
2026-08-29 06:14:53,110 [INFO] HTTP Request: POST http://localhost:8001/v1/chat/completions "HTTP/1.1 200 OK"
2026-08-29 06:15:31,518 [INFO] HTTP Request: POST http://localhost:8001/v1/chat/completions "HTTP/1.1 200 OK"
2026-08-29 06:15:32,043 [INFO] HTTP Request: POST http://localhost:8001/v1/chat/completions "HTTP/1.1 200 OK"
2026-08-29 06:15:34,771 [INFO] HTTP Request: POST http://localhost:8001/v1/chat/completions "HTTP/1.1 200 OK"
2026-08-29 06:15:37,852 [INFO] HTTP Request: POST http://localhost:8001/v1/chat/completions "HTTP/1.1 200 OK"
2026-08-29 06:15:40,167 [INFO] HTTP Request: POST http://localhost:8001/v1/chat/completions "HTTP/1.1 200 OK"
2026-08-29 06:15:44,509 [INFO] HTTP Request: POST http://localhost:8001/v1/chat/completions "HTTP/1.1 200 OK"
2026-08-29 06:15:47,938 [INFO] HTTP Request: POST http://localhost:8001/v1/chat/completions "HTTP/1.1 200 OK"
2026-08-29 06:15:49,376 [INFO] HTTP Request: POST http://localhost:8001/v1/chat/completions "HTTP/1.1 200 OK"
2026-08-29 06:15:52,466 [INFO] HTTP Request: POST http://localhost:8001/v1/chat/completions "HTTP/1.1 200 OK"
2026-08-29 06:15:55,895 [INFO] HTTP Request: POST http://localhost:8001/v1/chat/completions "HTTP/1.1 200 OK"
2026-08-29 06:16:10,936 [INFO] HTTP Request: POST http://localhost:8001/v1/chat/completions "HTTP/1.1 200 OK"
2026-08-29 06:16:23,682 [INFO] HTTP Request: POST http://localhost:8001/v1/chat/completions "HTTP/1.1 200 OK"
2026-08-29 06:16:30,265 [INFO] HTTP Request: POST http://localhost:8001/v1/chat/completions "HTTP/1.1 200 OK"
2026-08-29 06:16:30,265 [INFO] HTTP Request: POST http://localhost:8001/v1/chat/completions "HTTP/1.1 200 OK"
2026-08-29 06:16:30,855 [INFO] HTTP Request: POST http://localhost:8001/v1/chat/completions "HTTP/1.1 200 OK"
2026-08-29 06:16:33,768 [INFO] HTTP Request: POST http://localhost:8001/v1/chat/completions "HTTP/1.1 200 OK"
2026-08-29 06:16:35,121 [INFO] HTTP Request: POST http://localhost:8001/v1/chat/completions "HTTP/1.1 200 OK"
2026-08-29 06:16:35,505 [INFO] HTTP Request: POST http://localhost:8001/v1/chat/completions "HTTP/1.1 200 OK"
2026-08-29 06:16:35,862 [INFO] Retrying request to /chat/completions in 0.411012 seconds
2026-08-29 06:16:35,915 [INFO] Retrying request to /chat/completions in 0.438740 seconds
2026-08-29 06:16:35,917 [INFO] Retrying request to /chat/completions in 0.454262 seconds
2026-08-29 06:16:35,934 [INFO] Retrying request to /chat/completions in 0.445216 seconds
2026-08-29 06:17:20,400 [INFO] HTTP Request: POST http://localhost:8001/v1/chat/completions "HTTP/1.1 200 OK"
2026-08-29 06:17:21,331 [INFO] HTTP Request: POST http://localhost:8001/v1/chat/completions "HTTP/1.1 200 OK"
2026-08-29 06:17:22,608 [INFO] HTTP Request: POST http://localhost:8001/v1/chat/completions "HTTP/1.1 200 OK"
2026-08-29 06:17:22,984 [INFO] HTTP Request: POST http://localhost:8001/v1/chat/completions "HTTP/1.1 200 OK"
2026-08-29 06:17:23,052 [INFO]   💾 4800/4921  [ok=4796 skip=0 error=4]
2026-08-29 06:18:19,618 [INFO] HTTP Request: POST http://localhost:8001/v1/chat/completions "HTTP/1.1 200 OK"
2026-08-29 06:18:23,254 [INFO] HTTP Request: POST http://localhost:8001/v1/chat/completions "HTTP/1.1 200 OK"
2026-08-29 06:18:25,163 [INFO] HTTP Request: POST http://localhost:8001/v1/chat/completions "HTTP/1.1 200 OK"
2026-08-29 06:18:26,601 [INFO] HTTP Request: POST http://localhost:8001/v1/chat/completions "HTTP/1.1 200 OK"
2026-08-29 06:18:29,792 [INFO] HTTP Request: POST http://localhost:8001/v1/chat/completions "HTTP/1.1 200 OK"
2026-08-29 06:18:31,604 [INFO] HTTP Request: POST http://localhost:8001/v1/chat/completions "HTTP/1.1 200 OK"
2026-08-29 06:18:31,605 [INFO] HTTP Request: POST http://localhost:8001/v1/chat/completions "HTTP/1.1 200 OK"
2026-08-29 06:18:35,535 [INFO] HTTP Request: POST http://localhost:8001/v1/chat/completions "HTTP/1.1 200 OK"
2026-08-29 06:18:35,535 [INFO] HTTP Request: POST http://localhost:8001/v1/chat/completions "HTTP/1.1 200 OK"
2026-08-29 06:18:46,733 [INFO] HTTP Request: POST http://localhost:8001/v1/chat/completions "HTTP/1.1 200 OK"
2026-08-29 06:19:13,295 [INFO] HTTP Request: POST http://localhost:8001/v1/chat/completions "HTTP/1.1 200 OK"
2026-08-29 06:19:15,823 [INFO] HTTP Request: POST http://localhost:8001/v1/chat/completions "HTTP/1.1 200 OK"
2026-08-29 06:19:23,426 [INFO] HTTP Request: POST http://localhost:8001/v1/chat/completions "HTTP/1.1 200 OK"
2026-08-29 06:19:25,843 [INFO] HTTP Request: POST http://localhost:8001/v1/chat/completions "HTTP/1.1 200 OK"
2026-08-29 06:19:27,283 [INFO] HTTP Request: POST http://localhost:8001/v1/chat/completions "HTTP/1.1 200 OK"
2026-08-29 06:19:27,284 [INFO] HTTP Request: POST http://localhost:8001/v1/chat/completions "HTTP/1.1 200 OK"
2026-08-29 06:19:31,262 [INFO] HTTP Request: POST http://localhost:8001/v1/chat/completions "HTTP/1.1 200 OK"
2026-08-29 06:19:35,602 [INFO] HTTP Request: POST http://localhost:8001/v1/chat/completions "HTTP/1.1 200 OK"
2026-08-29 06:19:36,572 [INFO] HTTP Request: POST http://localhost:8001/v1/chat/completions "HTTP/1.1 200 OK"
2026-08-29 06:19:40,954 [INFO] HTTP Request: POST http://localhost:8001/v1/chat/completions "HTTP/1.1 200 OK"
2026-08-29 06:19:45,183 [INFO] HTTP Request: POST http://localhost:8001/v1/chat/completions "HTTP/1.1 200 OK"
2026-08-29 06:19:59,997 [INFO] HTTP Request: POST http://localhost:8001/v1/chat/completions "HTTP/1.1 200 OK"
2026-08-29 06:20:11,565 [INFO] HTTP Request: POST http://localhost:8001/v1/chat/completions "HTTP/1.1 200 OK"
2026-08-29 06:20:13,470 [INFO] HTTP Request: POST http://localhost:8001/v1/chat/completions "HTTP/1.1 200 OK"
2026-08-29 06:20:18,140 [INFO] HTTP Request: POST http://localhost:8001/v1/chat/completions "HTTP/1.1 200 OK"
2026-08-29 06:20:18,527 [INFO] HTTP Request: POST http://localhost:8001/v1/chat/completions "HTTP/1.1 200 OK"
2026-08-29 06:20:18,625 [INFO] HTTP Request: POST http://localhost:8001/v1/chat/completions "HTTP/1.1 200 OK"
2026-08-29 06:20:19,679 [INFO] HTTP Request: POST http://localhost:8001/v1/chat/completions "HTTP/1.1 200 OK"
2026-08-29 06:20:23,151 [INFO] Retrying request to /chat/completions in 0.449489 seconds
2026-08-29 06:20:23,152 [INFO] Retrying request to /chat/completions in 0.392158 seconds
2026-08-29 06:20:23,175 [INFO] Retrying request to /chat/completions in 0.390939 seconds
2026-08-29 06:20:23,205 [INFO] Retrying request to /chat/completions in 0.383861 seconds
2026-08-29 06:21:06,147 [INFO] HTTP Request: POST http://localhost:8001/v1/chat/completions "HTTP/1.1 200 OK"
2026-08-29 06:21:07,071 [INFO] HTTP Request: POST http://localhost:8001/v1/chat/completions "HTTP/1.1 200 OK"
2026-08-29 06:21:14,436 [INFO] HTTP Request: POST http://localhost:8001/v1/chat/completions "HTTP/1.1 200 OK"
2026-08-29 06:21:14,621 [INFO] HTTP Request: POST http://localhost:8001/v1/chat/completions "HTTP/1.1 200 OK"
2026-08-29 06:21:14,701 [INFO]   💾 4832/4921  [ok=4828 skip=0 error=4]
2026-08-29 06:22:14,371 [INFO] HTTP Request: POST http://localhost:8001/v1/chat/completions "HTTP/1.1 200 OK"
2026-08-29 06:22:15,798 [INFO] HTTP Request: POST http://localhost:8001/v1/chat/completions "HTTP/1.1 200 OK"
2026-08-29 06:22:19,773 [INFO] HTTP Request: POST http://localhost:8001/v1/chat/completions "HTTP/1.1 200 OK"
2026-08-29 06:22:19,874 [INFO] HTTP Request: POST http://localhost:8001/v1/chat/completions "HTTP/1.1 200 OK"
2026-08-29 06:22:23,688 [INFO] HTTP Request: POST http://localhost:8001/v1/chat/completions "HTTP/1.1 200 OK"
2026-08-29 06:22:26,205 [INFO] HTTP Request: POST http://localhost:8001/v1/chat/completions "HTTP/1.1 200 OK"
2026-08-29 06:22:29,330 [INFO] HTTP Request: POST http://localhost:8001/v1/chat/completions "HTTP/1.1 200 OK"
2026-08-29 06:22:34,178 [INFO] HTTP Request: POST http://localhost:8001/v1/chat/completions "HTTP/1.1 200 OK"
2026-08-29 06:22:36,187 [INFO] HTTP Request: POST http://localhost:8001/v1/chat/completions "HTTP/1.1 200 OK"
2026-08-29 06:22:46,504 [INFO] HTTP Request: POST http://localhost:8001/v1/chat/completions "HTTP/1.1 200 OK"
2026-08-29 06:23:11,466 [INFO] HTTP Request: POST http://localhost:8001/v1/chat/completions "HTTP/1.1 200 OK"
2026-08-29 06:23:14,494 [INFO] HTTP Request: POST http://localhost:8001/v1/chat/completions "HTTP/1.1 200 OK"
2026-08-29 06:23:19,250 [INFO] HTTP Request: POST http://localhost:8001/v1/chat/completions "HTTP/1.1 200 OK"
2026-08-29 06:23:22,176 [INFO] HTTP Request: POST http://localhost:8001/v1/chat/completions "HTTP/1.1 200 OK"
2026-08-29 06:23:24,084 [INFO] HTTP Request: POST http://localhost:8001/v1/chat/completions "HTTP/1.1 200 OK"
2026-08-29 06:23:26,091 [INFO] HTTP Request: POST http://localhost:8001/v1/chat/completions "HTTP/1.1 200 OK"
2026-08-29 06:23:28,001 [INFO] HTTP Request: POST http://localhost:8001/v1/chat/completions "HTTP/1.1 200 OK"
2026-08-29 06:23:30,223 [INFO] HTTP Request: POST http://localhost:8001/v1/chat/completions "HTTP/1.1 200 OK"
2026-08-29 06:23:37,354 [INFO] HTTP Request: POST http://localhost:8001/v1/chat/completions "HTTP/1.1 200 OK"
2026-08-29 06:23:40,274 [INFO] HTTP Request: POST http://localhost:8001/v1/chat/completions "HTTP/1.1 200 OK"
2026-08-29 06:23:53,454 [INFO] HTTP Request: POST http://localhost:8001/v1/chat/completions "HTTP/1.1 200 OK"
2026-08-29 06:24:08,230 [INFO] HTTP Request: POST http://localhost:8001/v1/chat/completions "HTTP/1.1 200 OK"
2026-08-29 06:24:08,433 [INFO] HTTP Request: POST http://localhost:8001/v1/chat/completions "HTTP/1.1 200 OK"
2026-08-29 06:24:10,348 [INFO] HTTP Request: POST http://localhost:8001/v1/chat/completions "HTTP/1.1 200 OK"
2026-08-29 06:24:14,758 [INFO] Retrying request to /chat/completions in 0.403415 seconds
2026-08-29 06:24:14,771 [INFO] Retrying request to /chat/completions in 0.380149 seconds
2026-08-29 06:24:14,804 [INFO] Retrying request to /chat/completions in 0.450330 seconds
2026-08-29 06:24:14,804 [INFO] Retrying request to /chat/completions in 0.497387 seconds
2026-08-29 06:24:14,821 [INFO] Retrying request to /chat/completions in 0.427987 seconds
2026-08-29 06:24:14,825 [INFO] Retrying request to /chat/completions in 0.395649 seconds
2026-08-29 06:24:14,829 [INFO] Retrying request to /chat/completions in 0.404230 seconds
2026-08-29 06:24:14,829 [INFO] Retrying request to /chat/completions in 0.480369 seconds
2026-08-29 06:24:54,600 [INFO] HTTP Request: POST http://localhost:8001/v1/chat/completions "HTTP/1.1 200 OK"
2026-08-29 06:24:56,251 [INFO] HTTP Request: POST http://localhost:8001/v1/chat/completions "HTTP/1.1 200 OK"
2026-08-29 06:24:57,895 [INFO] HTTP Request: POST http://localhost:8001/v1/chat/completions "HTTP/1.1 200 OK"
2026-08-29 06:24:59,243 [INFO] HTTP Request: POST http://localhost:8001/v1/chat/completions "HTTP/1.1 200 OK"
2026-08-29 06:25:00,461 [INFO] HTTP Request: POST http://localhost:8001/v1/chat/completions "HTTP/1.1 200 OK"
2026-08-29 06:25:02,507 [INFO] HTTP Request: POST http://localhost:8001/v1/chat/completions "HTTP/1.1 200 OK"
2026-08-29 06:25:08,434 [INFO] HTTP Request: POST http://localhost:8001/v1/chat/completions "HTTP/1.1 200 OK"
2026-08-29 06:25:08,998 [INFO] HTTP Request: POST http://localhost:8001/v1/chat/completions "HTTP/1.1 200 OK"
2026-08-29 06:25:09,080 [INFO]   💾 4864/4921  [ok=4860 skip=0 error=4]
2026-08-29 06:26:10,177 [INFO] HTTP Request: POST http://localhost:8001/v1/chat/completions "HTTP/1.1 200 OK"
2026-08-29 06:26:11,607 [INFO] HTTP Request: POST http://localhost:8001/v1/chat/completions "HTTP/1.1 200 OK"
2026-08-29 06:26:13,697 [INFO] HTTP Request: POST http://localhost:8001/v1/chat/completions "HTTP/1.1 200 OK"
2026-08-29 06:26:17,733 [INFO] HTTP Request: POST http://localhost:8001/v1/chat/completions "HTTP/1.1 200 OK"
2026-08-29 06:26:21,873 [INFO] HTTP Request: POST http://localhost:8001/v1/chat/completions "HTTP/1.1 200 OK"
2026-08-29 06:26:23,301 [INFO] HTTP Request: POST http://localhost:8001/v1/chat/completions "HTTP/1.1 200 OK"
2026-08-29 06:26:27,109 [INFO] HTTP Request: POST http://localhost:8001/v1/chat/completions "HTTP/1.1 200 OK"
2026-08-29 06:26:31,847 [INFO] HTTP Request: POST http://localhost:8001/v1/chat/completions "HTTP/1.1 200 OK"
2026-08-29 06:26:34,008 [INFO] HTTP Request: POST http://localhost:8001/v1/chat/completions "HTTP/1.1 200 OK"
2026-08-29 06:26:42,766 [INFO] HTTP Request: POST http://localhost:8001/v1/chat/completions "HTTP/1.1 200 OK"
2026-08-29 06:27:07,580 [INFO] HTTP Request: POST http://localhost:8001/v1/chat/completions "HTTP/1.1 200 OK"
2026-08-29 06:27:12,180 [INFO] HTTP Request: POST http://localhost:8001/v1/chat/completions "HTTP/1.1 200 OK"
2026-08-29 06:27:14,845 [INFO] HTTP Request: POST http://localhost:8001/v1/chat/completions "HTTP/1.1 200 OK"
2026-08-29 06:27:16,866 [INFO] HTTP Request: POST http://localhost:8001/v1/chat/completions "HTTP/1.1 200 OK"
2026-08-29 06:27:21,464 [INFO] HTTP Request: POST http://localhost:8001/v1/chat/completions "HTTP/1.1 200 OK"
2026-08-29 06:27:25,139 [INFO] HTTP Request: POST http://localhost:8001/v1/chat/completions "HTTP/1.1 200 OK"
2026-08-29 06:27:31,209 [INFO] HTTP Request: POST http://localhost:8001/v1/chat/completions "HTTP/1.1 200 OK"
2026-08-29 06:27:34,944 [INFO] HTTP Request: POST http://localhost:8001/v1/chat/completions "HTTP/1.1 200 OK"
2026-08-29 06:27:39,580 [INFO] HTTP Request: POST http://localhost:8001/v1/chat/completions "HTTP/1.1 200 OK"
2026-08-29 06:27:40,102 [INFO] HTTP Request: POST http://localhost:8001/v1/chat/completions "HTTP/1.1 200 OK"
2026-08-29 06:28:09,179 [INFO] Retrying request to /chat/completions in 0.403752 seconds
2026-08-29 06:28:09,202 [INFO] Retrying request to /chat/completions in 0.483404 seconds
2026-08-29 06:28:09,205 [INFO] Retrying request to /chat/completions in 0.454597 seconds
2026-08-29 06:28:09,206 [INFO] Retrying request to /chat/completions in 0.497144 seconds
2026-08-29 06:28:09,208 [INFO] Retrying request to /chat/completions in 0.429304 seconds
2026-08-29 06:28:09,219 [INFO] Retrying request to /chat/completions in 0.428699 seconds
2026-08-29 06:28:09,228 [INFO] Retrying request to /chat/completions in 0.460279 seconds
2026-08-29 06:28:09,228 [INFO] Retrying request to /chat/completions in 0.397289 seconds
2026-08-29 06:28:09,229 [INFO] Retrying request to /chat/completions in 0.481985 seconds
2026-08-29 06:28:09,229 [INFO] Retrying request to /chat/completions in 0.474256 seconds
2026-08-29 06:28:09,233 [INFO] Retrying request to /chat/completions in 0.485238 seconds
2026-08-29 06:28:09,234 [INFO] Retrying request to /chat/completions in 0.442786 seconds
2026-08-29 06:28:56,967 [INFO] HTTP Request: POST http://localhost:8001/v1/chat/completions "HTTP/1.1 200 OK"
2026-08-29 06:28:59,408 [INFO] HTTP Request: POST http://localhost:8001/v1/chat/completions "HTTP/1.1 200 OK"
2026-08-29 06:29:01,301 [INFO] HTTP Request: POST http://localhost:8001/v1/chat/completions "HTTP/1.1 200 OK"
2026-08-29 06:29:02,209 [INFO] HTTP Request: POST http://localhost:8001/v1/chat/completions "HTTP/1.1 200 OK"
2026-08-29 06:29:02,702 [INFO] HTTP Request: POST http://localhost:8001/v1/chat/completions "HTTP/1.1 200 OK"
2026-08-29 06:29:03,091 [INFO] HTTP Request: POST http://localhost:8001/v1/chat/completions "HTTP/1.1 200 OK"
2026-08-29 06:29:05,124 [INFO] HTTP Request: POST http://localhost:8001/v1/chat/completions "HTTP/1.1 200 OK"
2026-08-29 06:29:10,804 [INFO] HTTP Request: POST http://localhost:8001/v1/chat/completions "HTTP/1.1 200 OK"
2026-08-29 06:29:11,368 [INFO] HTTP Request: POST http://localhost:8001/v1/chat/completions "HTTP/1.1 200 OK"
2026-08-29 06:29:14,718 [INFO] HTTP Request: POST http://localhost:8001/v1/chat/completions "HTTP/1.1 200 OK"
2026-08-29 06:29:24,927 [INFO] HTTP Request: POST http://localhost:8001/v1/chat/completions "HTTP/1.1 200 OK"
2026-08-29 06:29:36,313 [INFO] HTTP Request: POST http://localhost:8001/v1/chat/completions "HTTP/1.1 200 OK"
2026-08-29 06:29:36,394 [INFO]   💾 4896/4921  [ok=4892 skip=0 error=4]
2026-08-29 06:30:28,248 [INFO] HTTP Request: POST http://localhost:8001/v1/chat/completions "HTTP/1.1 200 OK"
2026-08-29 06:30:34,459 [INFO] HTTP Request: POST http://localhost:8001/v1/chat/completions "HTTP/1.1 200 OK"
2026-08-29 06:30:34,560 [INFO] HTTP Request: POST http://localhost:8001/v1/chat/completions "HTTP/1.1 200 OK"
2026-08-29 06:30:36,768 [INFO] HTTP Request: POST http://localhost:8001/v1/chat/completions "HTTP/1.1 200 OK"
2026-08-29 06:30:41,249 [INFO] HTTP Request: POST http://localhost:8001/v1/chat/completions "HTTP/1.1 200 OK"
2026-08-29 06:30:42,213 [INFO] HTTP Request: POST http://localhost:8001/v1/chat/completions "HTTP/1.1 200 OK"
2026-08-29 06:30:44,486 [INFO] HTTP Request: POST http://localhost:8001/v1/chat/completions "HTTP/1.1 200 OK"
2026-08-29 06:30:45,670 [INFO] HTTP Request: POST http://localhost:8001/v1/chat/completions "HTTP/1.1 200 OK"
2026-08-29 06:30:50,838 [INFO] HTTP Request: POST http://localhost:8001/v1/chat/completions "HTTP/1.1 200 OK"
2026-08-29 06:31:02,461 [INFO] HTTP Request: POST http://localhost:8001/v1/chat/completions "HTTP/1.1 200 OK"
2026-08-29 06:31:31,345 [INFO] HTTP Request: POST http://localhost:8001/v1/chat/completions "HTTP/1.1 200 OK"
2026-08-29 06:31:34,004 [INFO] HTTP Request: POST http://localhost:8001/v1/chat/completions "HTTP/1.1 200 OK"
2026-08-29 06:31:36,865 [INFO] HTTP Request: POST http://localhost:8001/v1/chat/completions "HTTP/1.1 200 OK"
2026-08-29 06:31:39,423 [INFO] HTTP Request: POST http://localhost:8001/v1/chat/completions "HTTP/1.1 200 OK"
2026-08-29 06:31:40,863 [INFO] HTTP Request: POST http://localhost:8001/v1/chat/completions "HTTP/1.1 200 OK"
2026-08-29 06:31:42,632 [INFO] HTTP Request: POST http://localhost:8001/v1/chat/completions "HTTP/1.1 200 OK"
2026-08-29 06:31:42,834 [INFO] HTTP Request: POST http://localhost:8001/v1/chat/completions "HTTP/1.1 200 OK"
2026-08-29 06:31:43,619 [INFO] HTTP Request: POST http://localhost:8001/v1/chat/completions "HTTP/1.1 200 OK"
2026-08-29 06:31:46,917 [INFO] HTTP Request: POST http://localhost:8001/v1/chat/completions "HTTP/1.1 200 OK"
2026-08-29 06:31:47,014 [INFO] HTTP Request: POST http://localhost:8001/v1/chat/completions "HTTP/1.1 200 OK"
2026-08-29 06:31:54,038 [INFO] HTTP Request: POST http://localhost:8001/v1/chat/completions "HTTP/1.1 200 OK"
2026-08-29 06:32:03,383 [INFO] HTTP Request: POST http://localhost:8001/v1/chat/completions "HTTP/1.1 200 OK"
2026-08-29 06:32:12,504 [INFO] HTTP Request: POST http://localhost:8001/v1/chat/completions "HTTP/1.1 200 OK"
2026-08-29 06:32:19,251 [INFO] HTTP Request: POST http://localhost:8001/v1/chat/completions "HTTP/1.1 200 OK"
2026-08-29 06:32:27,887 [INFO] HTTP Request: POST http://localhost:8001/v1/chat/completions "HTTP/1.1 200 OK"
2026-08-29 06:32:27,968 [INFO]   💾 4921/4921  [ok=4917 skip=0 error=4]
2026-08-29 06:32:27,986 [WARNING] [youtube_global_dataset.csv] *_just vacíos en filas pertinentes (4110 pert.): {'pertinente_just': 4, 'region_just': 216, 'ciudad_just': 216}
2026-08-29 06:32:27,986 [WARNING]   ⚠️  *_just vacíos en filas pertinentes — considera reprocess_missing.py: {'pertinente_just': 4, 'region_just': 216, 'ciudad_just': 216}
2026-08-29 06:32:27,987 [INFO] ✅ youtube_global_dataset.csv → youtube_global_dataset_reanalizado_schema.csv  [ok=4917  skip=0  error=4]
2026-08-29 06:32:27,987 [INFO] === Proyecto: Control_velocidad ===
2026-08-29 06:32:27,987 [INFO]   tema:          Control de velocidad
2026-08-29 06:32:27,987 [INFO]   output_folder: /home/rrss/proyecto_web/Project_OLD/RRSS_version_stance/project_web/Web_Proyecto/datos/admin/Control_velocidad
2026-08-29 06:32:27,987 [INFO]   sources:       ['youtube', 'reddit', 'bluesky']
2026-08-29 06:32:27,987 [INFO]   subtopic_registry: 51 subtopics cargados de sesión anterior
2026-08-29 06:32:27,987 [INFO]   → Procesando: bluesky_global_dataset.csv
2026-08-29 06:32:27,987 [INFO]   ♻️  Reanudando desde output parcial: bluesky_global_dataset_reanalizado_schema.csv
2026-08-29 06:32:27,995 [INFO] Primera fila pendiente: 0
2026-08-29 06:32:27,995 [INFO] bluesky_global_dataset.csv: 274 filas pendientes de 274 totales
2026-08-29 06:33:22,253 [INFO] HTTP Request: POST http://localhost:8001/v1/chat/completions "HTTP/1.1 200 OK"
2026-08-29 06:33:23,079 [INFO] HTTP Request: POST http://localhost:8001/v1/chat/completions "HTTP/1.1 200 OK"
2026-08-29 06:33:23,389 [INFO] HTTP Request: POST http://localhost:8001/v1/chat/completions "HTTP/1.1 200 OK"
2026-08-29 06:33:24,003 [INFO] HTTP Request: POST http://localhost:8001/v1/chat/completions "HTTP/1.1 200 OK"
2026-08-29 06:33:24,004 [INFO] HTTP Request: POST http://localhost:8001/v1/chat/completions "HTTP/1.1 200 OK"
2026-08-29 06:33:24,205 [INFO] HTTP Request: POST http://localhost:8001/v1/chat/completions "HTTP/1.1 200 OK"
2026-08-29 06:33:24,413 [INFO] HTTP Request: POST http://localhost:8001/v1/chat/completions "HTTP/1.1 200 OK"
2026-08-29 06:33:24,610 [INFO] HTTP Request: POST http://localhost:8001/v1/chat/completions "HTTP/1.1 200 OK"
2026-08-29 06:33:24,812 [INFO] HTTP Request: POST http://localhost:8001/v1/chat/completions "HTTP/1.1 200 OK"
2026-08-29 06:33:24,812 [INFO] HTTP Request: POST http://localhost:8001/v1/chat/completions "HTTP/1.1 200 OK"
2026-08-29 06:33:25,720 [INFO] HTTP Request: POST http://localhost:8001/v1/chat/completions "HTTP/1.1 200 OK"
2026-08-29 06:33:25,821 [INFO] HTTP Request: POST http://localhost:8001/v1/chat/completions "HTTP/1.1 200 OK"
2026-08-29 06:33:26,313 [INFO] HTTP Request: POST http://localhost:8001/v1/chat/completions "HTTP/1.1 200 OK"
2026-08-29 06:33:26,412 [INFO] HTTP Request: POST http://localhost:8001/v1/chat/completions "HTTP/1.1 200 OK"
2026-08-29 06:33:26,413 [INFO] HTTP Request: POST http://localhost:8001/v1/chat/completions "HTTP/1.1 200 OK"
2026-08-29 06:33:27,002 [INFO] HTTP Request: POST http://localhost:8001/v1/chat/completions "HTTP/1.1 200 OK"
2026-08-29 06:33:27,002 [INFO] HTTP Request: POST http://localhost:8001/v1/chat/completions "HTTP/1.1 200 OK"
2026-08-29 06:33:27,004 [INFO] HTTP Request: POST http://localhost:8001/v1/chat/completions "HTTP/1.1 200 OK"
2026-08-29 06:33:27,099 [INFO] HTTP Request: POST http://localhost:8001/v1/chat/completions "HTTP/1.1 200 OK"
2026-08-29 06:33:27,386 [INFO] HTTP Request: POST http://localhost:8001/v1/chat/completions "HTTP/1.1 200 OK"
2026-08-29 06:33:27,672 [INFO] HTTP Request: POST http://localhost:8001/v1/chat/completions "HTTP/1.1 200 OK"
2026-08-29 06:33:27,862 [INFO] HTTP Request: POST http://localhost:8001/v1/chat/completions "HTTP/1.1 200 OK"
2026-08-29 06:33:28,145 [INFO] HTTP Request: POST http://localhost:8001/v1/chat/completions "HTTP/1.1 200 OK"
2026-08-29 06:33:28,147 [INFO] HTTP Request: POST http://localhost:8001/v1/chat/completions "HTTP/1.1 200 OK"
2026-08-29 06:33:28,240 [INFO] HTTP Request: POST http://localhost:8001/v1/chat/completions "HTTP/1.1 200 OK"
2026-08-29 06:33:28,333 [INFO] HTTP Request: POST http://localhost:8001/v1/chat/completions "HTTP/1.1 200 OK"
2026-08-29 06:33:28,702 [INFO] HTTP Request: POST http://localhost:8001/v1/chat/completions "HTTP/1.1 200 OK"
2026-08-29 06:33:29,165 [INFO] HTTP Request: POST http://localhost:8001/v1/chat/completions "HTTP/1.1 200 OK"
2026-08-29 06:33:29,529 [INFO] HTTP Request: POST http://localhost:8001/v1/chat/completions "HTTP/1.1 200 OK"
2026-08-29 06:33:30,254 [INFO] HTTP Request: POST http://localhost:8001/v1/chat/completions "HTTP/1.1 200 OK"
2026-08-29 06:33:30,614 [INFO] HTTP Request: POST http://localhost:8001/v1/chat/completions "HTTP/1.1 200 OK"
2026-08-29 06:33:31,554 [INFO] HTTP Request: POST http://localhost:8001/v1/chat/completions "HTTP/1.1 200 OK"
2026-08-29 06:33:31,581 [INFO]   💾 32/274  [ok=32 skip=0 error=0]
2026-08-29 06:34:26,509 [INFO] HTTP Request: POST http://localhost:8001/v1/chat/completions "HTTP/1.1 200 OK"
2026-08-29 06:34:26,923 [INFO] HTTP Request: POST http://localhost:8001/v1/chat/completions "HTTP/1.1 200 OK"
2026-08-29 06:34:27,437 [INFO] HTTP Request: POST http://localhost:8001/v1/chat/completions "HTTP/1.1 200 OK"
2026-08-29 06:34:27,743 [INFO] HTTP Request: POST http://localhost:8001/v1/chat/completions "HTTP/1.1 200 OK"
2026-08-29 06:34:28,153 [INFO] HTTP Request: POST http://localhost:8001/v1/chat/completions "HTTP/1.1 200 OK"
2026-08-29 06:34:28,661 [INFO] HTTP Request: POST http://localhost:8001/v1/chat/completions "HTTP/1.1 200 OK"
2026-08-29 06:34:29,066 [INFO] HTTP Request: POST http://localhost:8001/v1/chat/completions "HTTP/1.1 200 OK"
2026-08-29 06:34:29,773 [INFO] HTTP Request: POST http://localhost:8001/v1/chat/completions "HTTP/1.1 200 OK"
2026-08-29 06:34:30,075 [INFO] HTTP Request: POST http://localhost:8001/v1/chat/completions "HTTP/1.1 200 OK"
2026-08-29 06:34:30,279 [INFO] HTTP Request: POST http://localhost:8001/v1/chat/completions "HTTP/1.1 200 OK"
2026-08-29 06:34:30,280 [INFO] HTTP Request: POST http://localhost:8001/v1/chat/completions "HTTP/1.1 200 OK"
2026-08-29 06:34:30,379 [INFO] HTTP Request: POST http://localhost:8001/v1/chat/completions "HTTP/1.1 200 OK"
2026-08-29 06:34:30,774 [INFO] HTTP Request: POST http://localhost:8001/v1/chat/completions "HTTP/1.1 200 OK"
2026-08-29 06:34:30,873 [INFO] HTTP Request: POST http://localhost:8001/v1/chat/completions "HTTP/1.1 200 OK"
2026-08-29 06:34:30,874 [INFO] HTTP Request: POST http://localhost:8001/v1/chat/completions "HTTP/1.1 200 OK"
2026-08-29 06:34:31,266 [INFO] HTTP Request: POST http://localhost:8001/v1/chat/completions "HTTP/1.1 200 OK"
2026-08-29 06:34:31,462 [INFO] HTTP Request: POST http://localhost:8001/v1/chat/completions "HTTP/1.1 200 OK"
2026-08-29 06:34:31,850 [INFO] HTTP Request: POST http://localhost:8001/v1/chat/completions "HTTP/1.1 200 OK"
2026-08-29 06:34:31,947 [INFO] HTTP Request: POST http://localhost:8001/v1/chat/completions "HTTP/1.1 200 OK"
2026-08-29 06:34:32,711 [INFO] HTTP Request: POST http://localhost:8001/v1/chat/completions "HTTP/1.1 200 OK"
2026-08-29 06:34:32,902 [INFO] HTTP Request: POST http://localhost:8001/v1/chat/completions "HTTP/1.1 200 OK"
2026-08-29 06:34:33,092 [INFO] HTTP Request: POST http://localhost:8001/v1/chat/completions "HTTP/1.1 200 OK"
2026-08-29 06:34:34,040 [INFO] HTTP Request: POST http://localhost:8001/v1/chat/completions "HTTP/1.1 200 OK"
2026-08-29 06:34:34,041 [INFO] HTTP Request: POST http://localhost:8001/v1/chat/completions "HTTP/1.1 200 OK"
2026-08-29 06:34:34,134 [INFO] HTTP Request: POST http://localhost:8001/v1/chat/completions "HTTP/1.1 200 OK"
2026-08-29 06:34:34,320 [INFO] HTTP Request: POST http://localhost:8001/v1/chat/completions "HTTP/1.1 200 OK"
2026-08-29 06:34:35,432 [INFO] HTTP Request: POST http://localhost:8001/v1/chat/completions "HTTP/1.1 200 OK"
2026-08-29 06:34:35,708 [INFO] HTTP Request: POST http://localhost:8001/v1/chat/completions "HTTP/1.1 200 OK"
2026-08-29 06:34:36,893 [INFO] HTTP Request: POST http://localhost:8001/v1/chat/completions "HTTP/1.1 200 OK"
2026-08-29 06:34:37,982 [INFO] HTTP Request: POST http://localhost:8001/v1/chat/completions "HTTP/1.1 200 OK"
2026-08-29 06:34:38,703 [INFO] HTTP Request: POST http://localhost:8001/v1/chat/completions "HTTP/1.1 200 OK"
2026-08-29 06:34:42,001 [INFO] HTTP Request: POST http://localhost:8001/v1/chat/completions "HTTP/1.1 200 OK"
2026-08-29 06:34:42,051 [INFO]   💾 64/274  [ok=64 skip=0 error=0]
2026-08-29 06:35:36,556 [INFO] HTTP Request: POST http://localhost:8001/v1/chat/completions "HTTP/1.1 200 OK"
2026-08-29 06:35:36,557 [INFO] HTTP Request: POST http://localhost:8001/v1/chat/completions "HTTP/1.1 200 OK"
2026-08-29 06:35:36,965 [INFO] HTTP Request: POST http://localhost:8001/v1/chat/completions "HTTP/1.1 200 OK"
2026-08-29 06:35:39,111 [INFO] HTTP Request: POST http://localhost:8001/v1/chat/completions "HTTP/1.1 200 OK"
2026-08-29 06:35:39,622 [INFO] HTTP Request: POST http://localhost:8001/v1/chat/completions "HTTP/1.1 200 OK"
2026-08-29 06:35:40,232 [INFO] HTTP Request: POST http://localhost:8001/v1/chat/completions "HTTP/1.1 200 OK"
2026-08-29 06:35:40,434 [INFO] HTTP Request: POST http://localhost:8001/v1/chat/completions "HTTP/1.1 200 OK"
2026-08-29 06:35:40,738 [INFO] HTTP Request: POST http://localhost:8001/v1/chat/completions "HTTP/1.1 200 OK"
2026-08-29 06:35:41,142 [INFO] HTTP Request: POST http://localhost:8001/v1/chat/completions "HTTP/1.1 200 OK"
2026-08-29 06:35:41,345 [INFO] HTTP Request: POST http://localhost:8001/v1/chat/completions "HTTP/1.1 200 OK"
2026-08-29 06:35:41,346 [INFO] HTTP Request: POST http://localhost:8001/v1/chat/completions "HTTP/1.1 200 OK"
2026-08-29 06:35:41,445 [INFO] HTTP Request: POST http://localhost:8001/v1/chat/completions "HTTP/1.1 200 OK"
2026-08-29 06:35:41,545 [INFO] HTTP Request: POST http://localhost:8001/v1/chat/completions "HTTP/1.1 200 OK"
2026-08-29 06:35:41,841 [INFO] HTTP Request: POST http://localhost:8001/v1/chat/completions "HTTP/1.1 200 OK"
2026-08-29 06:35:42,138 [INFO] HTTP Request: POST http://localhost:8001/v1/chat/completions "HTTP/1.1 200 OK"
2026-08-29 06:35:42,138 [INFO] HTTP Request: POST http://localhost:8001/v1/chat/completions "HTTP/1.1 200 OK"
2026-08-29 06:35:42,333 [INFO] HTTP Request: POST http://localhost:8001/v1/chat/completions "HTTP/1.1 200 OK"
2026-08-29 06:35:42,720 [INFO] HTTP Request: POST http://localhost:8001/v1/chat/completions "HTTP/1.1 200 OK"
2026-08-29 06:35:42,817 [INFO] HTTP Request: POST http://localhost:8001/v1/chat/completions "HTTP/1.1 200 OK"
2026-08-29 06:35:42,818 [INFO] HTTP Request: POST http://localhost:8001/v1/chat/completions "HTTP/1.1 200 OK"
2026-08-29 06:35:43,199 [INFO] HTTP Request: POST http://localhost:8001/v1/chat/completions "HTTP/1.1 200 OK"
2026-08-29 06:35:43,390 [INFO] HTTP Request: POST http://localhost:8001/v1/chat/completions "HTTP/1.1 200 OK"
2026-08-29 06:35:43,580 [INFO] HTTP Request: POST http://localhost:8001/v1/chat/completions "HTTP/1.1 200 OK"
2026-08-29 06:35:43,674 [INFO] HTTP Request: POST http://localhost:8001/v1/chat/completions "HTTP/1.1 200 OK"
2026-08-29 06:35:43,953 [INFO] HTTP Request: POST http://localhost:8001/v1/chat/completions "HTTP/1.1 200 OK"
2026-08-29 06:35:44,047 [INFO] HTTP Request: POST http://localhost:8001/v1/chat/completions "HTTP/1.1 200 OK"
2026-08-29 06:35:44,139 [INFO] HTTP Request: POST http://localhost:8001/v1/chat/completions "HTTP/1.1 200 OK"
2026-08-29 06:35:44,233 [INFO] HTTP Request: POST http://localhost:8001/v1/chat/completions "HTTP/1.1 200 OK"
2026-08-29 06:35:45,689 [INFO] HTTP Request: POST http://localhost:8001/v1/chat/completions "HTTP/1.1 200 OK"
2026-08-29 06:35:45,871 [INFO] HTTP Request: POST http://localhost:8001/v1/chat/completions "HTTP/1.1 200 OK"
2026-08-29 06:35:46,502 [INFO] HTTP Request: POST http://localhost:8001/v1/chat/completions "HTTP/1.1 200 OK"
2026-08-29 06:35:49,516 [INFO] HTTP Request: POST http://localhost:8001/v1/chat/completions "HTTP/1.1 200 OK"
2026-08-29 06:35:49,540 [INFO]   💾 96/274  [ok=96 skip=0 error=0]
2026-08-29 06:36:44,959 [INFO] HTTP Request: POST http://localhost:8001/v1/chat/completions "HTTP/1.1 200 OK"
2026-08-29 06:36:44,960 [INFO] HTTP Request: POST http://localhost:8001/v1/chat/completions "HTTP/1.1 200 OK"
2026-08-29 06:36:44,961 [INFO] HTTP Request: POST http://localhost:8001/v1/chat/completions "HTTP/1.1 200 OK"
2026-08-29 06:36:46,265 [INFO] HTTP Request: POST http://localhost:8001/v1/chat/completions "HTTP/1.1 200 OK"
2026-08-29 06:36:46,877 [INFO] HTTP Request: POST http://localhost:8001/v1/chat/completions "HTTP/1.1 200 OK"
2026-08-29 06:36:47,386 [INFO] HTTP Request: POST http://localhost:8001/v1/chat/completions "HTTP/1.1 200 OK"
2026-08-29 06:36:47,589 [INFO] HTTP Request: POST http://localhost:8001/v1/chat/completions "HTTP/1.1 200 OK"
2026-08-29 06:36:47,589 [INFO] HTTP Request: POST http://localhost:8001/v1/chat/completions "HTTP/1.1 200 OK"
2026-08-29 06:36:48,094 [INFO] HTTP Request: POST http://localhost:8001/v1/chat/completions "HTTP/1.1 200 OK"
2026-08-29 06:36:48,499 [INFO] HTTP Request: POST http://localhost:8001/v1/chat/completions "HTTP/1.1 200 OK"
2026-08-29 06:36:48,702 [INFO] HTTP Request: POST http://localhost:8001/v1/chat/completions "HTTP/1.1 200 OK"
2026-08-29 06:36:48,703 [INFO] HTTP Request: POST http://localhost:8001/v1/chat/completions "HTTP/1.1 200 OK"
2026-08-29 06:36:48,703 [INFO] HTTP Request: POST http://localhost:8001/v1/chat/completions "HTTP/1.1 200 OK"
2026-08-29 06:36:48,999 [INFO] HTTP Request: POST http://localhost:8001/v1/chat/completions "HTTP/1.1 200 OK"
2026-08-29 06:36:49,493 [INFO] HTTP Request: POST http://localhost:8001/v1/chat/completions "HTTP/1.1 200 OK"
2026-08-29 06:36:49,493 [INFO] HTTP Request: POST http://localhost:8001/v1/chat/completions "HTTP/1.1 200 OK"
2026-08-29 06:36:49,688 [INFO] HTTP Request: POST http://localhost:8001/v1/chat/completions "HTTP/1.1 200 OK"
2026-08-29 06:36:49,689 [INFO] HTTP Request: POST http://localhost:8001/v1/chat/completions "HTTP/1.1 200 OK"
2026-08-29 06:36:49,882 [INFO] HTTP Request: POST http://localhost:8001/v1/chat/completions "HTTP/1.1 200 OK"
2026-08-29 06:36:49,978 [INFO] HTTP Request: POST http://localhost:8001/v1/chat/completions "HTTP/1.1 200 OK"
2026-08-29 06:36:50,360 [INFO] HTTP Request: POST http://localhost:8001/v1/chat/completions "HTTP/1.1 200 OK"
2026-08-29 06:36:50,361 [INFO] HTTP Request: POST http://localhost:8001/v1/chat/completions "HTTP/1.1 200 OK"
2026-08-29 06:36:50,738 [INFO] HTTP Request: POST http://localhost:8001/v1/chat/completions "HTTP/1.1 200 OK"
2026-08-29 06:36:50,739 [INFO] HTTP Request: POST http://localhost:8001/v1/chat/completions "HTTP/1.1 200 OK"
2026-08-29 06:36:51,019 [INFO] HTTP Request: POST http://localhost:8001/v1/chat/completions "HTTP/1.1 200 OK"
2026-08-29 06:36:51,669 [INFO] HTTP Request: POST http://localhost:8001/v1/chat/completions "HTTP/1.1 200 OK"
2026-08-29 06:36:52,966 [INFO] HTTP Request: POST http://localhost:8001/v1/chat/completions "HTTP/1.1 200 OK"
2026-08-29 06:36:53,427 [INFO] HTTP Request: POST http://localhost:8001/v1/chat/completions "HTTP/1.1 200 OK"
2026-08-29 06:36:53,792 [INFO] HTTP Request: POST http://localhost:8001/v1/chat/completions "HTTP/1.1 200 OK"
2026-08-29 06:36:54,065 [INFO] HTTP Request: POST http://localhost:8001/v1/chat/completions "HTTP/1.1 200 OK"
2026-08-29 06:36:54,426 [INFO] HTTP Request: POST http://localhost:8001/v1/chat/completions "HTTP/1.1 200 OK"
2026-08-29 06:36:54,986 [INFO] HTTP Request: POST http://localhost:8001/v1/chat/completions "HTTP/1.1 200 OK"
2026-08-29 06:36:54,996 [INFO]   💾 128/274  [ok=128 skip=0 error=0]
2026-08-29 06:37:51,053 [INFO] HTTP Request: POST http://localhost:8001/v1/chat/completions "HTTP/1.1 200 OK"
2026-08-29 06:37:51,467 [INFO] HTTP Request: POST http://localhost:8001/v1/chat/completions "HTTP/1.1 200 OK"
2026-08-29 06:37:51,673 [INFO] HTTP Request: POST http://localhost:8001/v1/chat/completions "HTTP/1.1 200 OK"
2026-08-29 06:37:52,289 [INFO] HTTP Request: POST http://localhost:8001/v1/chat/completions "HTTP/1.1 200 OK"
2026-08-29 06:37:53,005 [INFO] HTTP Request: POST http://localhost:8001/v1/chat/completions "HTTP/1.1 200 OK"
2026-08-29 06:37:53,209 [INFO] HTTP Request: POST http://localhost:8001/v1/chat/completions "HTTP/1.1 200 OK"
2026-08-29 06:37:53,210 [INFO] HTTP Request: POST http://localhost:8001/v1/chat/completions "HTTP/1.1 200 OK"
2026-08-29 06:37:53,311 [INFO] HTTP Request: POST http://localhost:8001/v1/chat/completions "HTTP/1.1 200 OK"
2026-08-29 06:37:53,513 [INFO] HTTP Request: POST http://localhost:8001/v1/chat/completions "HTTP/1.1 200 OK"
2026-08-29 06:37:53,615 [INFO] HTTP Request: POST http://localhost:8001/v1/chat/completions "HTTP/1.1 200 OK"
2026-08-29 06:37:54,019 [INFO] HTTP Request: POST http://localhost:8001/v1/chat/completions "HTTP/1.1 200 OK"
2026-08-29 06:37:54,220 [INFO] HTTP Request: POST http://localhost:8001/v1/chat/completions "HTTP/1.1 200 OK"
2026-08-29 06:37:54,615 [INFO] HTTP Request: POST http://localhost:8001/v1/chat/completions "HTTP/1.1 200 OK"
2026-08-29 06:37:54,911 [INFO] HTTP Request: POST http://localhost:8001/v1/chat/completions "HTTP/1.1 200 OK"
2026-08-29 06:37:55,108 [INFO] HTTP Request: POST http://localhost:8001/v1/chat/completions "HTTP/1.1 200 OK"
2026-08-29 06:37:55,109 [INFO] HTTP Request: POST http://localhost:8001/v1/chat/completions "HTTP/1.1 200 OK"
2026-08-29 06:37:55,304 [INFO] HTTP Request: POST http://localhost:8001/v1/chat/completions "HTTP/1.1 200 OK"
2026-08-29 06:37:55,498 [INFO] HTTP Request: POST http://localhost:8001/v1/chat/completions "HTTP/1.1 200 OK"
2026-08-29 06:37:55,691 [INFO] HTTP Request: POST http://localhost:8001/v1/chat/completions "HTTP/1.1 200 OK"
2026-08-29 06:37:55,978 [INFO] HTTP Request: POST http://localhost:8001/v1/chat/completions "HTTP/1.1 200 OK"
2026-08-29 06:37:55,979 [INFO] HTTP Request: POST http://localhost:8001/v1/chat/completions "HTTP/1.1 200 OK"
2026-08-29 06:37:56,169 [INFO] HTTP Request: POST http://localhost:8001/v1/chat/completions "HTTP/1.1 200 OK"
2026-08-29 06:37:56,833 [INFO] HTTP Request: POST http://localhost:8001/v1/chat/completions "HTTP/1.1 200 OK"
2026-08-29 06:37:57,870 [INFO] HTTP Request: POST http://localhost:8001/v1/chat/completions "HTTP/1.1 200 OK"
2026-08-29 06:37:58,615 [INFO] HTTP Request: POST http://localhost:8001/v1/chat/completions "HTTP/1.1 200 OK"
2026-08-29 06:38:00,007 [INFO] HTTP Request: POST http://localhost:8001/v1/chat/completions "HTTP/1.1 200 OK"
2026-08-29 06:38:00,564 [INFO] HTTP Request: POST http://localhost:8001/v1/chat/completions "HTTP/1.1 200 OK"
2026-08-29 06:38:02,223 [INFO] HTTP Request: POST http://localhost:8001/v1/chat/completions "HTTP/1.1 200 OK"
2026-08-29 06:38:02,405 [INFO] HTTP Request: POST http://localhost:8001/v1/chat/completions "HTTP/1.1 200 OK"
2026-08-29 06:38:04,496 [INFO] HTTP Request: POST http://localhost:8001/v1/chat/completions "HTTP/1.1 200 OK"
2026-08-29 06:38:05,036 [INFO] HTTP Request: POST http://localhost:8001/v1/chat/completions "HTTP/1.1 200 OK"
2026-08-29 06:38:08,522 [INFO] HTTP Request: POST http://localhost:8001/v1/chat/completions "HTTP/1.1 200 OK"
2026-08-29 06:38:08,535 [INFO]   💾 160/274  [ok=160 skip=0 error=0]
2026-08-29 06:39:05,415 [INFO] HTTP Request: POST http://localhost:8001/v1/chat/completions "HTTP/1.1 200 OK"
2026-08-29 06:39:05,689 [INFO] HTTP Request: POST http://localhost:8001/v1/chat/completions "HTTP/1.1 200 OK"
2026-08-29 06:39:05,792 [INFO] HTTP Request: POST http://localhost:8001/v1/chat/completions "HTTP/1.1 200 OK"
2026-08-29 06:39:06,809 [INFO] HTTP Request: POST http://localhost:8001/v1/chat/completions "HTTP/1.1 200 OK"
2026-08-29 06:39:06,911 [INFO] HTTP Request: POST http://localhost:8001/v1/chat/completions "HTTP/1.1 200 OK"
2026-08-29 06:39:07,116 [INFO] HTTP Request: POST http://localhost:8001/v1/chat/completions "HTTP/1.1 200 OK"
2026-08-29 06:39:07,219 [INFO] HTTP Request: POST http://localhost:8001/v1/chat/completions "HTTP/1.1 200 OK"
2026-08-29 06:39:08,331 [INFO] HTTP Request: POST http://localhost:8001/v1/chat/completions "HTTP/1.1 200 OK"
2026-08-29 06:39:08,636 [INFO] HTTP Request: POST http://localhost:8001/v1/chat/completions "HTTP/1.1 200 OK"
2026-08-29 06:39:09,145 [INFO] HTTP Request: POST http://localhost:8001/v1/chat/completions "HTTP/1.1 200 OK"
2026-08-29 06:39:09,247 [INFO] HTTP Request: POST http://localhost:8001/v1/chat/completions "HTTP/1.1 200 OK"
2026-08-29 06:39:09,248 [INFO] HTTP Request: POST http://localhost:8001/v1/chat/completions "HTTP/1.1 200 OK"
2026-08-29 06:39:09,447 [INFO] HTTP Request: POST http://localhost:8001/v1/chat/completions "HTTP/1.1 200 OK"
2026-08-29 06:39:09,546 [INFO] HTTP Request: POST http://localhost:8001/v1/chat/completions "HTTP/1.1 200 OK"
2026-08-29 06:39:09,645 [INFO] HTTP Request: POST http://localhost:8001/v1/chat/completions "HTTP/1.1 200 OK"
2026-08-29 06:39:09,743 [INFO] HTTP Request: POST http://localhost:8001/v1/chat/completions "HTTP/1.1 200 OK"
2026-08-29 06:39:09,842 [INFO] HTTP Request: POST http://localhost:8001/v1/chat/completions "HTTP/1.1 200 OK"
2026-08-29 06:39:10,036 [INFO] HTTP Request: POST http://localhost:8001/v1/chat/completions "HTTP/1.1 200 OK"
2026-08-29 06:39:10,134 [INFO] HTTP Request: POST http://localhost:8001/v1/chat/completions "HTTP/1.1 200 OK"
2026-08-29 06:39:10,231 [INFO] HTTP Request: POST http://localhost:8001/v1/chat/completions "HTTP/1.1 200 OK"
2026-08-29 06:39:10,518 [INFO] HTTP Request: POST http://localhost:8001/v1/chat/completions "HTTP/1.1 200 OK"
2026-08-29 06:39:10,518 [INFO] HTTP Request: POST http://localhost:8001/v1/chat/completions "HTTP/1.1 200 OK"
2026-08-29 06:39:11,278 [INFO] HTTP Request: POST http://localhost:8001/v1/chat/completions "HTTP/1.1 200 OK"
2026-08-29 06:39:11,467 [INFO] HTTP Request: POST http://localhost:8001/v1/chat/completions "HTTP/1.1 200 OK"
2026-08-29 06:39:11,747 [INFO] HTTP Request: POST http://localhost:8001/v1/chat/completions "HTTP/1.1 200 OK"
2026-08-29 06:39:12,768 [INFO] HTTP Request: POST http://localhost:8001/v1/chat/completions "HTTP/1.1 200 OK"
2026-08-29 06:39:13,324 [INFO] HTTP Request: POST http://localhost:8001/v1/chat/completions "HTTP/1.1 200 OK"
2026-08-29 06:39:13,416 [INFO] HTTP Request: POST http://localhost:8001/v1/chat/completions "HTTP/1.1 200 OK"
2026-08-29 06:39:14,692 [INFO] HTTP Request: POST http://localhost:8001/v1/chat/completions "HTTP/1.1 200 OK"
2026-08-29 06:39:15,783 [INFO] HTTP Request: POST http://localhost:8001/v1/chat/completions "HTTP/1.1 200 OK"
2026-08-29 06:39:17,674 [INFO] HTTP Request: POST http://localhost:8001/v1/chat/completions "HTTP/1.1 200 OK"
2026-08-29 06:39:22,008 [INFO] HTTP Request: POST http://localhost:8001/v1/chat/completions "HTTP/1.1 200 OK"
2026-08-29 06:39:22,048 [INFO]   💾 192/274  [ok=192 skip=0 error=0]
2026-08-29 06:40:19,517 [INFO] HTTP Request: POST http://localhost:8001/v1/chat/completions "HTTP/1.1 200 OK"
2026-08-29 06:40:20,693 [INFO] HTTP Request: POST http://localhost:8001/v1/chat/completions "HTTP/1.1 200 OK"
2026-08-29 06:40:22,541 [INFO] HTTP Request: POST http://localhost:8001/v1/chat/completions "HTTP/1.1 200 OK"
2026-08-29 06:40:23,263 [INFO] HTTP Request: POST http://localhost:8001/v1/chat/completions "HTTP/1.1 200 OK"
2026-08-29 06:40:23,469 [INFO] HTTP Request: POST http://localhost:8001/v1/chat/completions "HTTP/1.1 200 OK"
2026-08-29 06:40:23,775 [INFO] HTTP Request: POST http://localhost:8001/v1/chat/completions "HTTP/1.1 200 OK"
2026-08-29 06:40:23,981 [INFO] HTTP Request: POST http://localhost:8001/v1/chat/completions "HTTP/1.1 200 OK"
2026-08-29 06:40:24,588 [INFO] HTTP Request: POST http://localhost:8001/v1/chat/completions "HTTP/1.1 200 OK"
2026-08-29 06:40:24,792 [INFO] HTTP Request: POST http://localhost:8001/v1/chat/completions "HTTP/1.1 200 OK"
2026-08-29 06:40:25,200 [INFO] HTTP Request: POST http://localhost:8001/v1/chat/completions "HTTP/1.1 200 OK"
2026-08-29 06:40:25,200 [INFO] HTTP Request: POST http://localhost:8001/v1/chat/completions "HTTP/1.1 200 OK"
2026-08-29 06:40:25,301 [INFO] HTTP Request: POST http://localhost:8001/v1/chat/completions "HTTP/1.1 200 OK"
2026-08-29 06:40:25,796 [INFO] HTTP Request: POST http://localhost:8001/v1/chat/completions "HTTP/1.1 200 OK"
2026-08-29 06:40:26,290 [INFO] HTTP Request: POST http://localhost:8001/v1/chat/completions "HTTP/1.1 200 OK"
2026-08-29 06:40:26,587 [INFO] HTTP Request: POST http://localhost:8001/v1/chat/completions "HTTP/1.1 200 OK"
2026-08-29 06:40:26,686 [INFO] HTTP Request: POST http://localhost:8001/v1/chat/completions "HTTP/1.1 200 OK"
2026-08-29 06:40:26,978 [INFO] HTTP Request: POST http://localhost:8001/v1/chat/completions "HTTP/1.1 200 OK"
2026-08-29 06:40:27,464 [INFO] HTTP Request: POST http://localhost:8001/v1/chat/completions "HTTP/1.1 200 OK"
2026-08-29 06:40:27,658 [INFO] HTTP Request: POST http://localhost:8001/v1/chat/completions "HTTP/1.1 200 OK"
2026-08-29 06:40:27,754 [INFO] HTTP Request: POST http://localhost:8001/v1/chat/completions "HTTP/1.1 200 OK"
2026-08-29 06:40:27,851 [INFO] HTTP Request: POST http://localhost:8001/v1/chat/completions "HTTP/1.1 200 OK"
2026-08-29 06:40:28,137 [INFO] HTTP Request: POST http://localhost:8001/v1/chat/completions "HTTP/1.1 200 OK"
2026-08-29 06:40:28,422 [INFO] HTTP Request: POST http://localhost:8001/v1/chat/completions "HTTP/1.1 200 OK"
2026-08-29 06:40:28,612 [INFO] HTTP Request: POST http://localhost:8001/v1/chat/completions "HTTP/1.1 200 OK"
2026-08-29 06:40:28,892 [INFO] HTTP Request: POST http://localhost:8001/v1/chat/completions "HTTP/1.1 200 OK"
2026-08-29 06:40:28,985 [INFO] HTTP Request: POST http://localhost:8001/v1/chat/completions "HTTP/1.1 200 OK"
2026-08-29 06:40:30,655 [INFO] HTTP Request: POST http://localhost:8001/v1/chat/completions "HTTP/1.1 200 OK"
2026-08-29 06:40:30,747 [INFO] HTTP Request: POST http://localhost:8001/v1/chat/completions "HTTP/1.1 200 OK"
2026-08-29 06:40:31,113 [INFO] HTTP Request: POST http://localhost:8001/v1/chat/completions "HTTP/1.1 200 OK"
2026-08-29 06:40:32,203 [INFO] HTTP Request: POST http://localhost:8001/v1/chat/completions "HTTP/1.1 200 OK"
2026-08-29 06:40:34,274 [INFO] HTTP Request: POST http://localhost:8001/v1/chat/completions "HTTP/1.1 200 OK"
2026-08-29 06:40:43,798 [INFO] HTTP Request: POST http://localhost:8001/v1/chat/completions "HTTP/1.1 200 OK"
2026-08-29 06:40:43,827 [INFO]   💾 224/274  [ok=224 skip=0 error=0]
2026-08-29 06:41:41,033 [INFO] HTTP Request: POST http://localhost:8001/v1/chat/completions "HTTP/1.1 200 OK"
2026-08-29 06:41:41,613 [INFO] HTTP Request: POST http://localhost:8001/v1/chat/completions "HTTP/1.1 200 OK"
2026-08-29 06:41:42,945 [INFO] HTTP Request: POST http://localhost:8001/v1/chat/completions "HTTP/1.1 200 OK"
2026-08-29 06:41:43,744 [INFO] HTTP Request: POST http://localhost:8001/v1/chat/completions "HTTP/1.1 200 OK"
2026-08-29 06:41:43,847 [INFO] HTTP Request: POST http://localhost:8001/v1/chat/completions "HTTP/1.1 200 OK"
2026-08-29 06:41:44,359 [INFO] HTTP Request: POST http://localhost:8001/v1/chat/completions "HTTP/1.1 200 OK"
2026-08-29 06:41:44,462 [INFO] HTTP Request: POST http://localhost:8001/v1/chat/completions "HTTP/1.1 200 OK"
2026-08-29 06:41:44,867 [INFO] HTTP Request: POST http://localhost:8001/v1/chat/completions "HTTP/1.1 200 OK"
2026-08-29 06:41:44,868 [INFO] HTTP Request: POST http://localhost:8001/v1/chat/completions "HTTP/1.1 200 OK"
2026-08-29 06:41:44,968 [INFO] HTTP Request: POST http://localhost:8001/v1/chat/completions "HTTP/1.1 200 OK"
2026-08-29 06:41:45,070 [INFO] HTTP Request: POST http://localhost:8001/v1/chat/completions "HTTP/1.1 200 OK"
2026-08-29 06:41:45,171 [INFO] HTTP Request: POST http://localhost:8001/v1/chat/completions "HTTP/1.1 200 OK"
2026-08-29 06:41:45,172 [INFO] HTTP Request: POST http://localhost:8001/v1/chat/completions "HTTP/1.1 200 OK"
2026-08-29 06:41:45,271 [INFO] HTTP Request: POST http://localhost:8001/v1/chat/completions "HTTP/1.1 200 OK"
2026-08-29 06:41:45,272 [INFO] HTTP Request: POST http://localhost:8001/v1/chat/completions "HTTP/1.1 200 OK"
2026-08-29 06:41:45,569 [INFO] HTTP Request: POST http://localhost:8001/v1/chat/completions "HTTP/1.1 200 OK"
2026-08-29 06:41:46,738 [INFO] HTTP Request: POST http://localhost:8001/v1/chat/completions "HTTP/1.1 200 OK"
2026-08-29 06:41:46,932 [INFO] HTTP Request: POST http://localhost:8001/v1/chat/completions "HTTP/1.1 200 OK"
2026-08-29 06:41:47,417 [INFO] HTTP Request: POST http://localhost:8001/v1/chat/completions "HTTP/1.1 200 OK"
2026-08-29 06:41:47,610 [INFO] HTTP Request: POST http://localhost:8001/v1/chat/completions "HTTP/1.1 200 OK"
2026-08-29 06:41:48,851 [INFO] HTTP Request: POST http://localhost:8001/v1/chat/completions "HTTP/1.1 200 OK"
2026-08-29 06:41:49,137 [INFO] HTTP Request: POST http://localhost:8001/v1/chat/completions "HTTP/1.1 200 OK"
2026-08-29 06:41:49,422 [INFO] HTTP Request: POST http://localhost:8001/v1/chat/completions "HTTP/1.1 200 OK"
2026-08-29 06:41:49,896 [INFO] HTTP Request: POST http://localhost:8001/v1/chat/completions "HTTP/1.1 200 OK"
2026-08-29 06:41:50,177 [INFO] HTTP Request: POST http://localhost:8001/v1/chat/completions "HTTP/1.1 200 OK"
2026-08-29 06:41:51,105 [INFO] HTTP Request: POST http://localhost:8001/v1/chat/completions "HTTP/1.1 200 OK"
2026-08-29 06:41:51,106 [INFO] HTTP Request: POST http://localhost:8001/v1/chat/completions "HTTP/1.1 200 OK"
2026-08-29 06:41:51,290 [INFO] HTTP Request: POST http://localhost:8001/v1/chat/completions "HTTP/1.1 200 OK"
2026-08-29 06:41:51,838 [INFO] HTTP Request: POST http://localhost:8001/v1/chat/completions "HTTP/1.1 200 OK"
2026-08-29 06:42:00,840 [INFO] HTTP Request: POST http://localhost:8001/v1/chat/completions "HTTP/1.1 200 OK"
2026-08-29 06:42:03,271 [INFO] HTTP Request: POST http://localhost:8001/v1/chat/completions "HTTP/1.1 200 OK"
2026-08-29 06:42:09,871 [INFO] HTTP Request: POST http://localhost:8001/v1/chat/completions "HTTP/1.1 200 OK"
2026-08-29 06:42:09,904 [INFO]   💾 256/274  [ok=256 skip=0 error=0]
2026-08-29 06:42:59,608 [INFO] HTTP Request: POST http://localhost:8001/v1/chat/completions "HTTP/1.1 200 OK"
2026-08-29 06:43:00,005 [INFO] HTTP Request: POST http://localhost:8001/v1/chat/completions "HTTP/1.1 200 OK"
2026-08-29 06:43:00,299 [INFO] HTTP Request: POST http://localhost:8001/v1/chat/completions "HTTP/1.1 200 OK"
2026-08-29 06:43:00,689 [INFO] HTTP Request: POST http://localhost:8001/v1/chat/completions "HTTP/1.1 200 OK"
2026-08-29 06:43:00,689 [INFO] HTTP Request: POST http://localhost:8001/v1/chat/completions "HTTP/1.1 200 OK"
2026-08-29 06:43:01,751 [INFO] HTTP Request: POST http://localhost:8001/v1/chat/completions "HTTP/1.1 200 OK"
2026-08-29 06:43:02,230 [INFO] HTTP Request: POST http://localhost:8001/v1/chat/completions "HTTP/1.1 200 OK"
2026-08-29 06:43:02,231 [INFO] HTTP Request: POST http://localhost:8001/v1/chat/completions "HTTP/1.1 200 OK"
2026-08-29 06:43:02,326 [INFO] HTTP Request: POST http://localhost:8001/v1/chat/completions "HTTP/1.1 200 OK"
2026-08-29 06:43:02,420 [INFO] HTTP Request: POST http://localhost:8001/v1/chat/completions "HTTP/1.1 200 OK"
2026-08-29 06:43:02,609 [INFO] HTTP Request: POST http://localhost:8001/v1/chat/completions "HTTP/1.1 200 OK"
2026-08-29 06:43:02,609 [INFO] HTTP Request: POST http://localhost:8001/v1/chat/completions "HTTP/1.1 200 OK"
2026-08-29 06:43:03,350 [INFO] HTTP Request: POST http://localhost:8001/v1/chat/completions "HTTP/1.1 200 OK"
2026-08-29 06:43:05,851 [INFO] HTTP Request: POST http://localhost:8001/v1/chat/completions "HTTP/1.1 200 OK"
2026-08-29 06:43:05,944 [INFO] HTTP Request: POST http://localhost:8001/v1/chat/completions "HTTP/1.1 200 OK"
2026-08-29 06:43:06,215 [INFO] HTTP Request: POST http://localhost:8001/v1/chat/completions "HTTP/1.1 200 OK"
2026-08-29 06:43:06,307 [INFO] HTTP Request: POST http://localhost:8001/v1/chat/completions "HTTP/1.1 200 OK"
2026-08-29 06:43:11,774 [INFO] HTTP Request: POST http://localhost:8001/v1/chat/completions "HTTP/1.1 200 OK"
2026-08-29 06:43:11,795 [INFO]   💾 274/274  [ok=274 skip=0 error=0]
2026-08-29 06:43:11,798 [INFO] [bluesky_global_dataset.csv] ✅ Validación OK: todos los *_just rellenos en filas pertinentes (268).
2026-08-29 06:43:11,798 [INFO] ✅ bluesky_global_dataset.csv → bluesky_global_dataset_reanalizado_schema.csv  [ok=274  skip=0  error=0]
2026-08-29 06:43:11,798 [INFO]   → Procesando: reddit_global_dataset.csv
2026-08-29 06:43:11,798 [INFO]   ♻️  Reanudando desde output parcial: reddit_global_dataset_reanalizado_schema.csv
2026-08-29 06:43:11,804 [INFO] Primera fila pendiente: 0
2026-08-29 06:43:11,804 [INFO] reddit_global_dataset.csv: 405 filas pendientes de 405 totales
2026-08-29 06:44:09,848 [INFO] HTTP Request: POST http://localhost:8001/v1/chat/completions "HTTP/1.1 200 OK"
2026-08-29 06:44:11,730 [INFO] HTTP Request: POST http://localhost:8001/v1/chat/completions "HTTP/1.1 200 OK"
2026-08-29 06:44:13,102 [INFO] HTTP Request: POST http://localhost:8001/v1/chat/completions "HTTP/1.1 200 OK"
2026-08-29 06:44:13,204 [INFO] HTTP Request: POST http://localhost:8001/v1/chat/completions "HTTP/1.1 200 OK"
2026-08-29 06:44:14,087 [INFO] HTTP Request: POST http://localhost:8001/v1/chat/completions "HTTP/1.1 200 OK"
2026-08-29 06:44:15,289 [INFO] HTTP Request: POST http://localhost:8001/v1/chat/completions "HTTP/1.1 200 OK"
2026-08-29 06:44:15,493 [INFO] HTTP Request: POST http://localhost:8001/v1/chat/completions "HTTP/1.1 200 OK"
2026-08-29 06:44:15,495 [INFO] HTTP Request: POST http://localhost:8001/v1/chat/completions "HTTP/1.1 200 OK"
2026-08-29 06:44:15,801 [INFO] HTTP Request: POST http://localhost:8001/v1/chat/completions "HTTP/1.1 200 OK"
2026-08-29 06:44:15,903 [INFO] HTTP Request: POST http://localhost:8001/v1/chat/completions "HTTP/1.1 200 OK"
2026-08-29 06:44:16,909 [INFO] HTTP Request: POST http://localhost:8001/v1/chat/completions "HTTP/1.1 200 OK"
2026-08-29 06:44:17,210 [INFO] HTTP Request: POST http://localhost:8001/v1/chat/completions "HTTP/1.1 200 OK"
2026-08-29 06:44:17,210 [INFO] HTTP Request: POST http://localhost:8001/v1/chat/completions "HTTP/1.1 200 OK"
2026-08-29 06:44:17,309 [INFO] HTTP Request: POST http://localhost:8001/v1/chat/completions "HTTP/1.1 200 OK"
2026-08-29 06:44:17,310 [INFO] HTTP Request: POST http://localhost:8001/v1/chat/completions "HTTP/1.1 200 OK"
2026-08-29 06:44:17,409 [INFO] HTTP Request: POST http://localhost:8001/v1/chat/completions "HTTP/1.1 200 OK"
2026-08-29 06:44:17,409 [INFO] HTTP Request: POST http://localhost:8001/v1/chat/completions "HTTP/1.1 200 OK"
2026-08-29 06:44:17,701 [INFO] HTTP Request: POST http://localhost:8001/v1/chat/completions "HTTP/1.1 200 OK"
2026-08-29 06:44:17,993 [INFO] HTTP Request: POST http://localhost:8001/v1/chat/completions "HTTP/1.1 200 OK"
2026-08-29 06:44:18,377 [INFO] HTTP Request: POST http://localhost:8001/v1/chat/completions "HTTP/1.1 200 OK"
2026-08-29 06:44:19,718 [INFO] HTTP Request: POST http://localhost:8001/v1/chat/completions "HTTP/1.1 200 OK"
2026-08-29 06:44:20,194 [INFO] HTTP Request: POST http://localhost:8001/v1/chat/completions "HTTP/1.1 200 OK"
2026-08-29 06:44:21,240 [INFO] HTTP Request: POST http://localhost:8001/v1/chat/completions "HTTP/1.1 200 OK"
2026-08-29 06:44:22,078 [INFO] HTTP Request: POST http://localhost:8001/v1/chat/completions "HTTP/1.1 200 OK"
2026-08-29 06:44:23,008 [INFO] HTTP Request: POST http://localhost:8001/v1/chat/completions "HTTP/1.1 200 OK"
2026-08-29 06:44:23,194 [INFO] HTTP Request: POST http://localhost:8001/v1/chat/completions "HTTP/1.1 200 OK"
2026-08-29 06:44:25,232 [INFO] HTTP Request: POST http://localhost:8001/v1/chat/completions "HTTP/1.1 200 OK"
2026-08-29 06:44:35,615 [INFO] HTTP Request: POST http://localhost:8001/v1/chat/completions "HTTP/1.1 200 OK"
2026-08-29 06:44:46,262 [INFO] HTTP Request: POST http://localhost:8001/v1/chat/completions "HTTP/1.1 200 OK"
2026-08-29 06:44:52,744 [INFO] HTTP Request: POST http://localhost:8001/v1/chat/completions "HTTP/1.1 200 OK"
2026-08-29 06:45:00,760 [INFO] HTTP Request: POST http://localhost:8001/v1/chat/completions "HTTP/1.1 200 OK"
2026-08-29 06:45:00,776 [INFO]   💾 32/405  [ok=31 skip=1 error=0]
2026-08-29 06:45:59,434 [INFO] HTTP Request: POST http://localhost:8001/v1/chat/completions "HTTP/1.1 200 OK"
2026-08-29 06:45:59,536 [INFO] HTTP Request: POST http://localhost:8001/v1/chat/completions "HTTP/1.1 200 OK"
2026-08-29 06:46:00,212 [INFO] HTTP Request: POST http://localhost:8001/v1/chat/completions "HTTP/1.1 200 OK"
2026-08-29 06:46:02,212 [INFO] HTTP Request: POST http://localhost:8001/v1/chat/completions "HTTP/1.1 200 OK"
2026-08-29 06:46:03,625 [INFO] HTTP Request: POST http://localhost:8001/v1/chat/completions "HTTP/1.1 200 OK"
2026-08-29 06:46:03,626 [INFO] HTTP Request: POST http://localhost:8001/v1/chat/completions "HTTP/1.1 200 OK"
2026-08-29 06:46:03,728 [INFO] HTTP Request: POST http://localhost:8001/v1/chat/completions "HTTP/1.1 200 OK"
2026-08-29 06:46:05,348 [INFO] HTTP Request: POST http://localhost:8001/v1/chat/completions "HTTP/1.1 200 OK"
2026-08-29 06:46:05,758 [INFO] HTTP Request: POST http://localhost:8001/v1/chat/completions "HTTP/1.1 200 OK"
2026-08-29 06:46:06,375 [INFO] HTTP Request: POST http://localhost:8001/v1/chat/completions "HTTP/1.1 200 OK"
2026-08-29 06:46:06,375 [INFO] HTTP Request: POST http://localhost:8001/v1/chat/completions "HTTP/1.1 200 OK"
2026-08-29 06:46:06,377 [INFO] HTTP Request: POST http://localhost:8001/v1/chat/completions "HTTP/1.1 200 OK"
2026-08-29 06:46:06,476 [INFO] HTTP Request: POST http://localhost:8001/v1/chat/completions "HTTP/1.1 200 OK"
2026-08-29 06:46:06,577 [INFO] HTTP Request: POST http://localhost:8001/v1/chat/completions "HTTP/1.1 200 OK"
2026-08-29 06:46:07,074 [INFO] HTTP Request: POST http://localhost:8001/v1/chat/completions "HTTP/1.1 200 OK"
2026-08-29 06:46:07,272 [INFO] HTTP Request: POST http://localhost:8001/v1/chat/completions "HTTP/1.1 200 OK"
2026-08-29 06:46:07,470 [INFO] HTTP Request: POST http://localhost:8001/v1/chat/completions "HTTP/1.1 200 OK"
2026-08-29 06:46:08,057 [INFO] HTTP Request: POST http://localhost:8001/v1/chat/completions "HTTP/1.1 200 OK"
2026-08-29 06:46:08,153 [INFO] HTTP Request: POST http://localhost:8001/v1/chat/completions "HTTP/1.1 200 OK"
2026-08-29 06:46:08,347 [INFO] HTTP Request: POST http://localhost:8001/v1/chat/completions "HTTP/1.1 200 OK"
2026-08-29 06:46:09,112 [INFO] HTTP Request: POST http://localhost:8001/v1/chat/completions "HTTP/1.1 200 OK"
2026-08-29 06:46:09,304 [INFO] HTTP Request: POST http://localhost:8001/v1/chat/completions "HTTP/1.1 200 OK"
2026-08-29 06:46:09,494 [INFO] HTTP Request: POST http://localhost:8001/v1/chat/completions "HTTP/1.1 200 OK"
2026-08-29 06:46:12,148 [INFO] HTTP Request: POST http://localhost:8001/v1/chat/completions "HTTP/1.1 200 OK"
2026-08-29 06:46:16,067 [INFO] HTTP Request: POST http://localhost:8001/v1/chat/completions "HTTP/1.1 200 OK"
2026-08-29 06:46:16,625 [INFO] HTTP Request: POST http://localhost:8001/v1/chat/completions "HTTP/1.1 200 OK"
2026-08-29 06:46:16,810 [INFO] HTTP Request: POST http://localhost:8001/v1/chat/completions "HTTP/1.1 200 OK"
2026-08-29 06:46:19,033 [INFO] HTTP Request: POST http://localhost:8001/v1/chat/completions "HTTP/1.1 200 OK"
2026-08-29 06:46:27,323 [INFO] HTTP Request: POST http://localhost:8001/v1/chat/completions "HTTP/1.1 200 OK"
2026-08-29 06:46:41,700 [INFO] HTTP Request: POST http://localhost:8001/v1/chat/completions "HTTP/1.1 200 OK"
2026-08-29 06:46:42,062 [INFO] HTTP Request: POST http://localhost:8001/v1/chat/completions "HTTP/1.1 200 OK"
2026-08-29 06:46:43,473 [INFO] HTTP Request: POST http://localhost:8001/v1/chat/completions "HTTP/1.1 200 OK"
2026-08-29 06:46:43,491 [INFO]   💾 64/405  [ok=63 skip=1 error=0]
2026-08-29 06:47:40,152 [INFO] HTTP Request: POST http://localhost:8001/v1/chat/completions "HTTP/1.1 200 OK"
2026-08-29 06:47:41,575 [INFO] HTTP Request: POST http://localhost:8001/v1/chat/completions "HTTP/1.1 200 OK"
2026-08-29 06:47:43,677 [INFO] HTTP Request: POST http://localhost:8001/v1/chat/completions "HTTP/1.1 200 OK"
2026-08-29 06:47:43,678 [INFO] HTTP Request: POST http://localhost:8001/v1/chat/completions "HTTP/1.1 200 OK"
2026-08-29 06:47:46,984 [INFO] HTTP Request: POST http://localhost:8001/v1/chat/completions "HTTP/1.1 200 OK"
2026-08-29 06:47:47,924 [INFO] HTTP Request: POST http://localhost:8001/v1/chat/completions "HTTP/1.1 200 OK"
2026-08-29 06:47:48,027 [INFO] HTTP Request: POST http://localhost:8001/v1/chat/completions "HTTP/1.1 200 OK"
2026-08-29 06:47:48,027 [INFO] HTTP Request: POST http://localhost:8001/v1/chat/completions "HTTP/1.1 200 OK"
2026-08-29 06:47:48,744 [INFO] HTTP Request: POST http://localhost:8001/v1/chat/completions "HTTP/1.1 200 OK"
2026-08-29 06:47:49,052 [INFO] HTTP Request: POST http://localhost:8001/v1/chat/completions "HTTP/1.1 200 OK"
2026-08-29 06:47:49,154 [INFO] HTTP Request: POST http://localhost:8001/v1/chat/completions "HTTP/1.1 200 OK"
2026-08-29 06:47:49,258 [INFO] HTTP Request: POST http://localhost:8001/v1/chat/completions "HTTP/1.1 200 OK"
2026-08-29 06:47:49,357 [INFO] HTTP Request: POST http://localhost:8001/v1/chat/completions "HTTP/1.1 200 OK"
2026-08-29 06:47:49,855 [INFO] HTTP Request: POST http://localhost:8001/v1/chat/completions "HTTP/1.1 200 OK"
2026-08-29 06:47:50,153 [INFO] HTTP Request: POST http://localhost:8001/v1/chat/completions "HTTP/1.1 200 OK"
2026-08-29 06:47:50,849 [INFO] HTTP Request: POST http://localhost:8001/v1/chat/completions "HTTP/1.1 200 OK"
2026-08-29 06:47:52,908 [INFO] HTTP Request: POST http://localhost:8001/v1/chat/completions "HTTP/1.1 200 OK"
2026-08-29 06:47:52,909 [INFO] HTTP Request: POST http://localhost:8001/v1/chat/completions "HTTP/1.1 200 OK"
2026-08-29 06:47:53,006 [INFO] HTTP Request: POST http://localhost:8001/v1/chat/completions "HTTP/1.1 200 OK"
2026-08-29 06:47:53,296 [INFO] HTTP Request: POST http://localhost:8001/v1/chat/completions "HTTP/1.1 200 OK"
2026-08-29 06:47:53,680 [INFO] HTTP Request: POST http://localhost:8001/v1/chat/completions "HTTP/1.1 200 OK"
2026-08-29 06:47:53,967 [INFO] HTTP Request: POST http://localhost:8001/v1/chat/completions "HTTP/1.1 200 OK"
2026-08-29 06:47:54,062 [INFO] HTTP Request: POST http://localhost:8001/v1/chat/completions "HTTP/1.1 200 OK"
2026-08-29 06:47:55,580 [INFO] HTTP Request: POST http://localhost:8001/v1/chat/completions "HTTP/1.1 200 OK"
2026-08-29 06:47:57,259 [INFO] HTTP Request: POST http://localhost:8001/v1/chat/completions "HTTP/1.1 200 OK"
2026-08-29 06:48:00,700 [INFO] HTTP Request: POST http://localhost:8001/v1/chat/completions "HTTP/1.1 200 OK"
2026-08-29 06:48:01,812 [INFO] HTTP Request: POST http://localhost:8001/v1/chat/completions "HTTP/1.1 200 OK"
2026-08-29 06:48:16,177 [INFO] HTTP Request: POST http://localhost:8001/v1/chat/completions "HTTP/1.1 200 OK"
2026-08-29 06:48:23,287 [INFO] HTTP Request: POST http://localhost:8001/v1/chat/completions "HTTP/1.1 200 OK"
2026-08-29 06:48:24,834 [INFO] HTTP Request: POST http://localhost:8001/v1/chat/completions "HTTP/1.1 200 OK"
2026-08-29 06:48:29,879 [INFO] HTTP Request: POST http://localhost:8001/v1/chat/completions "HTTP/1.1 200 OK"
2026-08-29 06:48:31,101 [INFO] HTTP Request: POST http://localhost:8001/v1/chat/completions "HTTP/1.1 200 OK"
2026-08-29 06:48:31,121 [INFO]   💾 96/405  [ok=95 skip=1 error=0]
2026-08-29 06:49:30,103 [INFO] HTTP Request: POST http://localhost:8001/v1/chat/completions "HTTP/1.1 200 OK"
2026-08-29 06:49:32,074 [INFO] HTTP Request: POST http://localhost:8001/v1/chat/completions "HTTP/1.1 200 OK"
2026-08-29 06:49:33,138 [INFO] HTTP Request: POST http://localhost:8001/v1/chat/completions "HTTP/1.1 200 OK"
2026-08-29 06:49:33,681 [INFO] HTTP Request: POST http://localhost:8001/v1/chat/completions "HTTP/1.1 200 OK"
2026-08-29 06:49:34,753 [INFO] HTTP Request: POST http://localhost:8001/v1/chat/completions "HTTP/1.1 200 OK"
2026-08-29 06:49:35,815 [INFO] HTTP Request: POST http://localhost:8001/v1/chat/completions "HTTP/1.1 200 OK"
2026-08-29 06:49:36,817 [INFO] HTTP Request: POST http://localhost:8001/v1/chat/completions "HTTP/1.1 200 OK"
2026-08-29 06:49:37,334 [INFO] HTTP Request: POST http://localhost:8001/v1/chat/completions "HTTP/1.1 200 OK"
2026-08-29 06:49:37,540 [INFO] HTTP Request: POST http://localhost:8001/v1/chat/completions "HTTP/1.1 200 OK"
2026-08-29 06:49:38,777 [INFO] HTTP Request: POST http://localhost:8001/v1/chat/completions "HTTP/1.1 200 OK"
2026-08-29 06:49:38,881 [INFO] HTTP Request: POST http://localhost:8001/v1/chat/completions "HTTP/1.1 200 OK"
2026-08-29 06:49:39,083 [INFO] HTTP Request: POST http://localhost:8001/v1/chat/completions "HTTP/1.1 200 OK"
2026-08-29 06:49:39,984 [INFO] HTTP Request: POST http://localhost:8001/v1/chat/completions "HTTP/1.1 200 OK"
2026-08-29 06:49:40,085 [INFO] HTTP Request: POST http://localhost:8001/v1/chat/completions "HTTP/1.1 200 OK"
2026-08-29 06:49:40,384 [INFO] HTTP Request: POST http://localhost:8001/v1/chat/completions "HTTP/1.1 200 OK"
2026-08-29 06:49:40,878 [INFO] HTTP Request: POST http://localhost:8001/v1/chat/completions "HTTP/1.1 200 OK"
2026-08-29 06:49:42,448 [INFO] HTTP Request: POST http://localhost:8001/v1/chat/completions "HTTP/1.1 200 OK"
2026-08-29 06:49:43,229 [INFO] HTTP Request: POST http://localhost:8001/v1/chat/completions "HTTP/1.1 200 OK"
2026-08-29 06:49:43,715 [INFO] HTTP Request: POST http://localhost:8001/v1/chat/completions "HTTP/1.1 200 OK"
2026-08-29 06:49:44,485 [INFO] HTTP Request: POST http://localhost:8001/v1/chat/completions "HTTP/1.1 200 OK"
2026-08-29 06:49:45,061 [INFO] HTTP Request: POST http://localhost:8001/v1/chat/completions "HTTP/1.1 200 OK"
2026-08-29 06:49:45,540 [INFO] HTTP Request: POST http://localhost:8001/v1/chat/completions "HTTP/1.1 200 OK"
2026-08-29 06:49:46,493 [INFO] HTTP Request: POST http://localhost:8001/v1/chat/completions "HTTP/1.1 200 OK"
2026-08-29 06:49:46,588 [INFO] HTTP Request: POST http://localhost:8001/v1/chat/completions "HTTP/1.1 200 OK"
2026-08-29 06:49:48,361 [INFO] HTTP Request: POST http://localhost:8001/v1/chat/completions "HTTP/1.1 200 OK"
2026-08-29 06:50:00,005 [INFO] HTTP Request: POST http://localhost:8001/v1/chat/completions "HTTP/1.1 200 OK"
2026-08-29 06:50:04,564 [INFO] HTTP Request: POST http://localhost:8001/v1/chat/completions "HTTP/1.1 200 OK"
2026-08-29 06:50:19,170 [INFO] HTTP Request: POST http://localhost:8001/v1/chat/completions "HTTP/1.1 200 OK"
2026-08-29 06:50:23,827 [INFO] HTTP Request: POST http://localhost:8001/v1/chat/completions "HTTP/1.1 200 OK"
2026-08-29 06:50:29,520 [INFO] HTTP Request: POST http://localhost:8001/v1/chat/completions "HTTP/1.1 200 OK"
2026-08-29 06:50:32,255 [INFO] HTTP Request: POST http://localhost:8001/v1/chat/completions "HTTP/1.1 200 OK"
2026-08-29 06:50:32,273 [INFO]   💾 128/405  [ok=126 skip=2 error=0]
2026-08-29 06:51:34,482 [INFO] HTTP Request: POST http://localhost:8001/v1/chat/completions "HTTP/1.1 200 OK"
2026-08-29 06:51:36,261 [INFO] HTTP Request: POST http://localhost:8001/v1/chat/completions "HTTP/1.1 200 OK"
2026-08-29 06:51:37,326 [INFO] HTTP Request: POST http://localhost:8001/v1/chat/completions "HTTP/1.1 200 OK"
2026-08-29 06:51:38,222 [INFO] HTTP Request: POST http://localhost:8001/v1/chat/completions "HTTP/1.1 200 OK"
2026-08-29 06:51:39,062 [INFO] HTTP Request: POST http://localhost:8001/v1/chat/completions "HTTP/1.1 200 OK"
2026-08-29 06:51:39,936 [INFO] HTTP Request: POST http://localhost:8001/v1/chat/completions "HTTP/1.1 200 OK"
2026-08-29 06:51:40,040 [INFO] HTTP Request: POST http://localhost:8001/v1/chat/completions "HTTP/1.1 200 OK"
2026-08-29 06:51:40,479 [INFO] HTTP Request: POST http://localhost:8001/v1/chat/completions "HTTP/1.1 200 OK"
2026-08-29 06:51:40,480 [INFO] HTTP Request: POST http://localhost:8001/v1/chat/completions "HTTP/1.1 200 OK"
2026-08-29 06:51:43,473 [INFO] HTTP Request: POST http://localhost:8001/v1/chat/completions "HTTP/1.1 200 OK"
2026-08-29 06:51:44,194 [INFO] HTTP Request: POST http://localhost:8001/v1/chat/completions "HTTP/1.1 200 OK"
2026-08-29 06:51:44,602 [INFO] HTTP Request: POST http://localhost:8001/v1/chat/completions "HTTP/1.1 200 OK"
2026-08-29 06:51:45,506 [INFO] HTTP Request: POST http://localhost:8001/v1/chat/completions "HTTP/1.1 200 OK"
2026-08-29 06:51:46,007 [INFO] HTTP Request: POST http://localhost:8001/v1/chat/completions "HTTP/1.1 200 OK"
2026-08-29 06:51:46,108 [INFO] HTTP Request: POST http://localhost:8001/v1/chat/completions "HTTP/1.1 200 OK"
2026-08-29 06:51:46,209 [INFO] HTTP Request: POST http://localhost:8001/v1/chat/completions "HTTP/1.1 200 OK"
2026-08-29 06:51:46,997 [INFO] HTTP Request: POST http://localhost:8001/v1/chat/completions "HTTP/1.1 200 OK"
2026-08-29 06:51:47,390 [INFO] HTTP Request: POST http://localhost:8001/v1/chat/completions "HTTP/1.1 200 OK"
2026-08-29 06:51:47,976 [INFO] HTTP Request: POST http://localhost:8001/v1/chat/completions "HTTP/1.1 200 OK"
2026-08-29 06:51:49,431 [INFO] HTTP Request: POST http://localhost:8001/v1/chat/completions "HTTP/1.1 200 OK"
2026-08-29 06:51:51,933 [INFO] HTTP Request: POST http://localhost:8001/v1/chat/completions "HTTP/1.1 200 OK"
2026-08-29 06:51:53,084 [INFO] HTTP Request: POST http://localhost:8001/v1/chat/completions "HTTP/1.1 200 OK"
2026-08-29 06:51:54,425 [INFO] HTTP Request: POST http://localhost:8001/v1/chat/completions "HTTP/1.1 200 OK"
2026-08-29 06:51:55,376 [INFO] HTTP Request: POST http://localhost:8001/v1/chat/completions "HTTP/1.1 200 OK"
2026-08-29 06:51:57,247 [INFO] HTTP Request: POST http://localhost:8001/v1/chat/completions "HTTP/1.1 200 OK"
2026-08-29 06:52:11,335 [INFO] HTTP Request: POST http://localhost:8001/v1/chat/completions "HTTP/1.1 200 OK"
2026-08-29 06:52:23,072 [INFO] HTTP Request: POST http://localhost:8001/v1/chat/completions "HTTP/1.1 200 OK"
2026-08-29 06:52:28,654 [INFO] HTTP Request: POST http://localhost:8001/v1/chat/completions "HTTP/1.1 200 OK"
2026-08-29 06:52:28,747 [INFO] HTTP Request: POST http://localhost:8001/v1/chat/completions "HTTP/1.1 200 OK"
2026-08-29 06:52:30,937 [INFO] HTTP Request: POST http://localhost:8001/v1/chat/completions "HTTP/1.1 200 OK"
2026-08-29 06:52:32,559 [INFO] HTTP Request: POST http://localhost:8001/v1/chat/completions "HTTP/1.1 200 OK"
2026-08-29 06:52:34,537 [INFO] HTTP Request: POST http://localhost:8001/v1/chat/completions "HTTP/1.1 200 OK"
2026-08-29 06:52:34,568 [INFO]   💾 160/405  [ok=158 skip=2 error=0]
2026-08-29 06:53:34,883 [INFO] HTTP Request: POST http://localhost:8001/v1/chat/completions "HTTP/1.1 200 OK"
2026-08-29 06:53:34,987 [INFO] HTTP Request: POST http://localhost:8001/v1/chat/completions "HTTP/1.1 200 OK"
2026-08-29 06:53:35,427 [INFO] HTTP Request: POST http://localhost:8001/v1/chat/completions "HTTP/1.1 200 OK"
2026-08-29 06:53:38,609 [INFO] HTTP Request: POST http://localhost:8001/v1/chat/completions "HTTP/1.1 200 OK"
2026-08-29 06:53:39,219 [INFO] HTTP Request: POST http://localhost:8001/v1/chat/completions "HTTP/1.1 200 OK"
2026-08-29 06:53:39,760 [INFO] HTTP Request: POST http://localhost:8001/v1/chat/completions "HTTP/1.1 200 OK"
2026-08-29 06:53:42,905 [INFO] HTTP Request: POST http://localhost:8001/v1/chat/completions "HTTP/1.1 200 OK"
2026-08-29 06:53:43,009 [INFO] HTTP Request: POST http://localhost:8001/v1/chat/completions "HTTP/1.1 200 OK"
2026-08-29 06:53:45,988 [INFO] HTTP Request: POST http://localhost:8001/v1/chat/completions "HTTP/1.1 200 OK"
2026-08-29 06:53:46,195 [INFO] HTTP Request: POST http://localhost:8001/v1/chat/completions "HTTP/1.1 200 OK"
2026-08-29 06:53:49,494 [INFO] HTTP Request: POST http://localhost:8001/v1/chat/completions "HTTP/1.1 200 OK"
2026-08-29 06:53:49,699 [INFO] HTTP Request: POST http://localhost:8001/v1/chat/completions "HTTP/1.1 200 OK"
2026-08-29 06:53:49,700 [INFO] HTTP Request: POST http://localhost:8001/v1/chat/completions "HTTP/1.1 200 OK"
2026-08-29 06:53:49,900 [INFO] HTTP Request: POST http://localhost:8001/v1/chat/completions "HTTP/1.1 200 OK"
2026-08-29 06:53:51,206 [INFO] HTTP Request: POST http://localhost:8001/v1/chat/completions "HTTP/1.1 200 OK"
2026-08-29 06:53:51,807 [INFO] HTTP Request: POST http://localhost:8001/v1/chat/completions "HTTP/1.1 200 OK"
2026-08-29 06:53:51,908 [INFO] HTTP Request: POST http://localhost:8001/v1/chat/completions "HTTP/1.1 200 OK"
2026-08-29 06:53:52,890 [INFO] HTTP Request: POST http://localhost:8001/v1/chat/completions "HTTP/1.1 200 OK"
2026-08-29 06:53:52,989 [INFO] HTTP Request: POST http://localhost:8001/v1/chat/completions "HTTP/1.1 200 OK"
2026-08-29 06:53:53,185 [INFO] HTTP Request: POST http://localhost:8001/v1/chat/completions "HTTP/1.1 200 OK"
2026-08-29 06:53:53,569 [INFO] HTTP Request: POST http://localhost:8001/v1/chat/completions "HTTP/1.1 200 OK"
2026-08-29 06:53:54,434 [INFO] HTTP Request: POST http://localhost:8001/v1/chat/completions "HTTP/1.1 200 OK"
2026-08-29 06:53:54,721 [INFO] HTTP Request: POST http://localhost:8001/v1/chat/completions "HTTP/1.1 200 OK"
2026-08-29 06:53:58,340 [INFO] HTTP Request: POST http://localhost:8001/v1/chat/completions "HTTP/1.1 200 OK"
2026-08-29 06:54:01,619 [INFO] HTTP Request: POST http://localhost:8001/v1/chat/completions "HTTP/1.1 200 OK"
2026-08-29 06:54:08,911 [INFO] HTTP Request: POST http://localhost:8001/v1/chat/completions "HTTP/1.1 200 OK"
2026-08-29 06:54:19,653 [INFO] HTTP Request: POST http://localhost:8001/v1/chat/completions "HTTP/1.1 200 OK"
2026-08-29 06:54:28,130 [INFO] HTTP Request: POST http://localhost:8001/v1/chat/completions "HTTP/1.1 200 OK"
2026-08-29 06:54:28,223 [INFO] HTTP Request: POST http://localhost:8001/v1/chat/completions "HTTP/1.1 200 OK"
2026-08-29 06:54:30,143 [INFO] HTTP Request: POST http://localhost:8001/v1/chat/completions "HTTP/1.1 200 OK"
2026-08-29 06:54:30,868 [INFO] HTTP Request: POST http://localhost:8001/v1/chat/completions "HTTP/1.1 200 OK"
2026-08-29 06:54:41,252 [INFO] HTTP Request: POST http://localhost:8001/v1/chat/completions "HTTP/1.1 200 OK"
2026-08-29 06:54:41,270 [INFO]   💾 192/405  [ok=190 skip=2 error=0]
2026-08-29 06:55:41,378 [INFO] HTTP Request: POST http://localhost:8001/v1/chat/completions "HTTP/1.1 200 OK"
2026-08-29 06:55:43,684 [INFO] HTTP Request: POST http://localhost:8001/v1/chat/completions "HTTP/1.1 200 OK"
2026-08-29 06:55:44,848 [INFO] HTTP Request: POST http://localhost:8001/v1/chat/completions "HTTP/1.1 200 OK"
2026-08-29 06:55:45,907 [INFO] HTTP Request: POST http://localhost:8001/v1/chat/completions "HTTP/1.1 200 OK"
2026-08-29 06:55:46,914 [INFO] HTTP Request: POST http://localhost:8001/v1/chat/completions "HTTP/1.1 200 OK"
2026-08-29 06:55:47,763 [INFO] HTTP Request: POST http://localhost:8001/v1/chat/completions "HTTP/1.1 200 OK"
2026-08-29 06:55:50,191 [INFO] HTTP Request: POST http://localhost:8001/v1/chat/completions "HTTP/1.1 200 OK"
2026-08-29 06:55:50,295 [INFO] HTTP Request: POST http://localhost:8001/v1/chat/completions "HTTP/1.1 200 OK"
2026-08-29 06:55:51,249 [INFO] HTTP Request: POST http://localhost:8001/v1/chat/completions "HTTP/1.1 200 OK"
2026-08-29 06:55:51,455 [INFO] HTTP Request: POST http://localhost:8001/v1/chat/completions "HTTP/1.1 200 OK"
2026-08-29 06:55:51,659 [INFO] HTTP Request: POST http://localhost:8001/v1/chat/completions "HTTP/1.1 200 OK"
2026-08-29 06:55:51,860 [INFO] HTTP Request: POST http://localhost:8001/v1/chat/completions "HTTP/1.1 200 OK"
2026-08-29 06:55:51,960 [INFO] HTTP Request: POST http://localhost:8001/v1/chat/completions "HTTP/1.1 200 OK"
2026-08-29 06:55:53,462 [INFO] HTTP Request: POST http://localhost:8001/v1/chat/completions "HTTP/1.1 200 OK"
2026-08-29 06:55:53,463 [INFO] HTTP Request: POST http://localhost:8001/v1/chat/completions "HTTP/1.1 200 OK"
2026-08-29 06:55:53,857 [INFO] HTTP Request: POST http://localhost:8001/v1/chat/completions "HTTP/1.1 200 OK"
2026-08-29 06:55:53,954 [INFO] HTTP Request: POST http://localhost:8001/v1/chat/completions "HTTP/1.1 200 OK"
2026-08-29 06:55:54,151 [INFO] HTTP Request: POST http://localhost:8001/v1/chat/completions "HTTP/1.1 200 OK"
2026-08-29 06:55:55,415 [INFO] HTTP Request: POST http://localhost:8001/v1/chat/completions "HTTP/1.1 200 OK"
2026-08-29 06:55:57,338 [INFO] HTTP Request: POST http://localhost:8001/v1/chat/completions "HTTP/1.1 200 OK"
2026-08-29 06:55:57,913 [INFO] HTTP Request: POST http://localhost:8001/v1/chat/completions "HTTP/1.1 200 OK"
2026-08-29 06:55:59,156 [INFO] HTTP Request: POST http://localhost:8001/v1/chat/completions "HTTP/1.1 200 OK"
2026-08-29 06:55:59,348 [INFO] HTTP Request: POST http://localhost:8001/v1/chat/completions "HTTP/1.1 200 OK"
2026-08-29 06:56:06,276 [INFO] HTTP Request: POST http://localhost:8001/v1/chat/completions "HTTP/1.1 200 OK"
2026-08-29 06:56:14,580 [INFO] HTTP Request: POST http://localhost:8001/v1/chat/completions "HTTP/1.1 200 OK"
2026-08-29 06:56:23,610 [INFO] HTTP Request: POST http://localhost:8001/v1/chat/completions "HTTP/1.1 200 OK"
2026-08-29 06:56:27,505 [INFO] HTTP Request: POST http://localhost:8001/v1/chat/completions "HTTP/1.1 200 OK"
2026-08-29 06:56:30,607 [INFO] HTTP Request: POST http://localhost:8001/v1/chat/completions "HTTP/1.1 200 OK"
2026-08-29 06:56:31,062 [INFO] HTTP Request: POST http://localhost:8001/v1/chat/completions "HTTP/1.1 200 OK"
2026-08-29 06:56:32,324 [INFO] HTTP Request: POST http://localhost:8001/v1/chat/completions "HTTP/1.1 200 OK"
2026-08-29 06:56:32,886 [INFO] HTTP Request: POST http://localhost:8001/v1/chat/completions "HTTP/1.1 200 OK"
2026-08-29 06:56:32,916 [INFO]   💾 224/405  [ok=221 skip=3 error=0]
2026-08-29 06:57:31,976 [INFO] HTTP Request: POST http://localhost:8001/v1/chat/completions "HTTP/1.1 200 OK"
2026-08-29 06:57:34,101 [INFO] HTTP Request: POST http://localhost:8001/v1/chat/completions "HTTP/1.1 200 OK"
2026-08-29 06:57:34,205 [INFO] HTTP Request: POST http://localhost:8001/v1/chat/completions "HTTP/1.1 200 OK"
2026-08-29 06:57:36,876 [INFO] HTTP Request: POST http://localhost:8001/v1/chat/completions "HTTP/1.1 200 OK"
2026-08-29 06:57:38,719 [INFO] HTTP Request: POST http://localhost:8001/v1/chat/completions "HTTP/1.1 200 OK"
2026-08-29 06:57:39,263 [INFO] HTTP Request: POST http://localhost:8001/v1/chat/completions "HTTP/1.1 200 OK"
2026-08-29 06:57:39,264 [INFO] HTTP Request: POST http://localhost:8001/v1/chat/completions "HTTP/1.1 200 OK"
2026-08-29 06:57:39,264 [INFO] HTTP Request: POST http://localhost:8001/v1/chat/completions "HTTP/1.1 200 OK"
2026-08-29 06:57:40,078 [INFO] HTTP Request: POST http://localhost:8001/v1/chat/completions "HTTP/1.1 200 OK"
2026-08-29 06:57:42,547 [INFO] HTTP Request: POST http://localhost:8001/v1/chat/completions "HTTP/1.1 200 OK"
2026-08-29 06:57:43,684 [INFO] HTTP Request: POST http://localhost:8001/v1/chat/completions "HTTP/1.1 200 OK"
2026-08-29 06:57:44,393 [INFO] HTTP Request: POST http://localhost:8001/v1/chat/completions "HTTP/1.1 200 OK"
2026-08-29 06:57:44,998 [INFO] HTTP Request: POST http://localhost:8001/v1/chat/completions "HTTP/1.1 200 OK"
2026-08-29 06:57:45,400 [INFO] HTTP Request: POST http://localhost:8001/v1/chat/completions "HTTP/1.1 200 OK"
2026-08-29 06:57:45,501 [INFO] HTTP Request: POST http://localhost:8001/v1/chat/completions "HTTP/1.1 200 OK"
2026-08-29 06:57:45,601 [INFO] HTTP Request: POST http://localhost:8001/v1/chat/completions "HTTP/1.1 200 OK"
2026-08-29 06:57:45,702 [INFO] HTTP Request: POST http://localhost:8001/v1/chat/completions "HTTP/1.1 200 OK"
2026-08-29 06:57:46,193 [INFO] HTTP Request: POST http://localhost:8001/v1/chat/completions "HTTP/1.1 200 OK"
2026-08-29 06:57:47,172 [INFO] HTTP Request: POST http://localhost:8001/v1/chat/completions "HTTP/1.1 200 OK"
2026-08-29 06:57:48,146 [INFO] HTTP Request: POST http://localhost:8001/v1/chat/completions "HTTP/1.1 200 OK"
2026-08-29 06:57:48,339 [INFO] HTTP Request: POST http://localhost:8001/v1/chat/completions "HTTP/1.1 200 OK"
2026-08-29 06:57:48,628 [INFO] HTTP Request: POST http://localhost:8001/v1/chat/completions "HTTP/1.1 200 OK"
2026-08-29 06:57:49,585 [INFO] HTTP Request: POST http://localhost:8001/v1/chat/completions "HTTP/1.1 200 OK"
2026-08-29 06:58:03,218 [INFO] HTTP Request: POST http://localhost:8001/v1/chat/completions "HTTP/1.1 200 OK"
2026-08-29 06:58:14,448 [INFO] HTTP Request: POST http://localhost:8001/v1/chat/completions "HTTP/1.1 200 OK"
2026-08-29 06:58:18,838 [INFO] HTTP Request: POST http://localhost:8001/v1/chat/completions "HTTP/1.1 200 OK"
2026-08-29 06:58:19,306 [INFO] HTTP Request: POST http://localhost:8001/v1/chat/completions "HTTP/1.1 200 OK"
2026-08-29 06:58:21,451 [INFO] HTTP Request: POST http://localhost:8001/v1/chat/completions "HTTP/1.1 200 OK"
2026-08-29 06:58:25,387 [INFO] HTTP Request: POST http://localhost:8001/v1/chat/completions "HTTP/1.1 200 OK"
2026-08-29 06:58:26,028 [INFO] HTTP Request: POST http://localhost:8001/v1/chat/completions "HTTP/1.1 200 OK"
2026-08-29 06:58:27,836 [INFO] HTTP Request: POST http://localhost:8001/v1/chat/completions "HTTP/1.1 200 OK"
2026-08-29 06:58:31,231 [INFO] HTTP Request: POST http://localhost:8001/v1/chat/completions "HTTP/1.1 200 OK"
2026-08-29 06:58:31,253 [INFO]   💾 256/405  [ok=253 skip=3 error=0]
2026-08-29 06:59:29,981 [INFO] HTTP Request: POST http://localhost:8001/v1/chat/completions "HTTP/1.1 200 OK"
2026-08-29 06:59:32,003 [INFO] HTTP Request: POST http://localhost:8001/v1/chat/completions "HTTP/1.1 200 OK"
2026-08-29 06:59:33,714 [INFO] HTTP Request: POST http://localhost:8001/v1/chat/completions "HTTP/1.1 200 OK"
2026-08-29 06:59:35,247 [INFO] HTTP Request: POST http://localhost:8001/v1/chat/completions "HTTP/1.1 200 OK"
2026-08-29 06:59:36,126 [INFO] HTTP Request: POST http://localhost:8001/v1/chat/completions "HTTP/1.1 200 OK"
2026-08-29 06:59:36,230 [INFO] HTTP Request: POST http://localhost:8001/v1/chat/completions "HTTP/1.1 200 OK"
2026-08-29 06:59:36,231 [INFO] HTTP Request: POST http://localhost:8001/v1/chat/completions "HTTP/1.1 200 OK"
2026-08-29 06:59:36,665 [INFO] HTTP Request: POST http://localhost:8001/v1/chat/completions "HTTP/1.1 200 OK"
2026-08-29 06:59:39,357 [INFO] HTTP Request: POST http://localhost:8001/v1/chat/completions "HTTP/1.1 200 OK"
2026-08-29 06:59:40,496 [INFO] HTTP Request: POST http://localhost:8001/v1/chat/completions "HTTP/1.1 200 OK"
2026-08-29 06:59:41,309 [INFO] HTTP Request: POST http://localhost:8001/v1/chat/completions "HTTP/1.1 200 OK"
2026-08-29 06:59:41,410 [INFO] HTTP Request: POST http://localhost:8001/v1/chat/completions "HTTP/1.1 200 OK"
2026-08-29 06:59:42,615 [INFO] HTTP Request: POST http://localhost:8001/v1/chat/completions "HTTP/1.1 200 OK"
2026-08-29 06:59:43,520 [INFO] HTTP Request: POST http://localhost:8001/v1/chat/completions "HTTP/1.1 200 OK"
2026-08-29 06:59:43,621 [INFO] HTTP Request: POST http://localhost:8001/v1/chat/completions "HTTP/1.1 200 OK"
2026-08-29 06:59:43,622 [INFO] HTTP Request: POST http://localhost:8001/v1/chat/completions "HTTP/1.1 200 OK"
2026-08-29 06:59:43,819 [INFO] HTTP Request: POST http://localhost:8001/v1/chat/completions "HTTP/1.1 200 OK"
2026-08-29 06:59:45,681 [INFO] HTTP Request: POST http://localhost:8001/v1/chat/completions "HTTP/1.1 200 OK"
2026-08-29 06:59:45,876 [INFO] HTTP Request: POST http://localhost:8001/v1/chat/completions "HTTP/1.1 200 OK"
2026-08-29 06:59:48,186 [INFO] HTTP Request: POST http://localhost:8001/v1/chat/completions "HTTP/1.1 200 OK"
2026-08-29 06:59:48,379 [INFO] HTTP Request: POST http://localhost:8001/v1/chat/completions "HTTP/1.1 200 OK"
2026-08-29 06:59:49,242 [INFO] HTTP Request: POST http://localhost:8001/v1/chat/completions "HTTP/1.1 200 OK"
2026-08-29 06:59:52,960 [INFO] HTTP Request: POST http://localhost:8001/v1/chat/completions "HTTP/1.1 200 OK"
2026-08-29 07:00:04,276 [INFO] HTTP Request: POST http://localhost:8001/v1/chat/completions "HTTP/1.1 200 OK"
2026-08-29 07:00:15,494 [INFO] HTTP Request: POST http://localhost:8001/v1/chat/completions "HTTP/1.1 200 OK"
2026-08-29 07:00:20,718 [INFO] HTTP Request: POST http://localhost:8001/v1/chat/completions "HTTP/1.1 200 OK"
2026-08-29 07:00:22,022 [INFO] HTTP Request: POST http://localhost:8001/v1/chat/completions "HTTP/1.1 200 OK"
2026-08-29 07:00:22,756 [INFO] HTTP Request: POST http://localhost:8001/v1/chat/completions "HTTP/1.1 200 OK"
2026-08-29 07:00:24,675 [INFO] HTTP Request: POST http://localhost:8001/v1/chat/completions "HTTP/1.1 200 OK"
2026-08-29 07:00:24,857 [INFO] HTTP Request: POST http://localhost:8001/v1/chat/completions "HTTP/1.1 200 OK"
2026-08-29 07:00:28,912 [INFO] HTTP Request: POST http://localhost:8001/v1/chat/completions "HTTP/1.1 200 OK"
2026-08-29 07:00:28,943 [INFO]   💾 288/405  [ok=284 skip=4 error=0]
2026-08-29 07:01:29,587 [INFO] HTTP Request: POST http://localhost:8001/v1/chat/completions "HTTP/1.1 200 OK"
2026-08-29 07:01:32,058 [INFO] HTTP Request: POST http://localhost:8001/v1/chat/completions "HTTP/1.1 200 OK"
2026-08-29 07:01:33,064 [INFO] HTTP Request: POST http://localhost:8001/v1/chat/completions "HTTP/1.1 200 OK"
2026-08-29 07:01:35,312 [INFO] HTTP Request: POST http://localhost:8001/v1/chat/completions "HTTP/1.1 200 OK"
2026-08-29 07:01:36,307 [INFO] HTTP Request: POST http://localhost:8001/v1/chat/completions "HTTP/1.1 200 OK"
2026-08-29 07:01:37,211 [INFO] HTTP Request: POST http://localhost:8001/v1/chat/completions "HTTP/1.1 200 OK"
2026-08-29 07:01:38,218 [INFO] HTTP Request: POST http://localhost:8001/v1/chat/completions "HTTP/1.1 200 OK"
2026-08-29 07:01:38,322 [INFO] HTTP Request: POST http://localhost:8001/v1/chat/completions "HTTP/1.1 200 OK"
2026-08-29 07:01:40,465 [INFO] HTTP Request: POST http://localhost:8001/v1/chat/completions "HTTP/1.1 200 OK"
2026-08-29 07:01:40,466 [INFO] HTTP Request: POST http://localhost:8001/v1/chat/completions "HTTP/1.1 200 OK"
2026-08-29 07:01:40,999 [INFO] HTTP Request: POST http://localhost:8001/v1/chat/completions "HTTP/1.1 200 OK"
2026-08-29 07:01:41,360 [INFO] HTTP Request: POST http://localhost:8001/v1/chat/completions "HTTP/1.1 200 OK"
2026-08-29 07:01:41,463 [INFO] HTTP Request: POST http://localhost:8001/v1/chat/completions "HTTP/1.1 200 OK"
2026-08-29 07:01:42,168 [INFO] HTTP Request: POST http://localhost:8001/v1/chat/completions "HTTP/1.1 200 OK"
2026-08-29 07:01:42,168 [INFO] HTTP Request: POST http://localhost:8001/v1/chat/completions "HTTP/1.1 200 OK"
2026-08-29 07:01:42,858 [INFO] HTTP Request: POST http://localhost:8001/v1/chat/completions "HTTP/1.1 200 OK"
2026-08-29 07:01:43,056 [INFO] HTTP Request: POST http://localhost:8001/v1/chat/completions "HTTP/1.1 200 OK"
2026-08-29 07:01:43,057 [INFO] HTTP Request: POST http://localhost:8001/v1/chat/completions "HTTP/1.1 200 OK"
2026-08-29 07:01:43,348 [INFO] HTTP Request: POST http://localhost:8001/v1/chat/completions "HTTP/1.1 200 OK"
2026-08-29 07:01:46,431 [INFO] HTTP Request: POST http://localhost:8001/v1/chat/completions "HTTP/1.1 200 OK"
2026-08-29 07:01:46,719 [INFO] HTTP Request: POST http://localhost:8001/v1/chat/completions "HTTP/1.1 200 OK"
2026-08-29 07:01:47,868 [INFO] HTTP Request: POST http://localhost:8001/v1/chat/completions "HTTP/1.1 200 OK"
2026-08-29 07:02:02,677 [INFO] HTTP Request: POST http://localhost:8001/v1/chat/completions "HTTP/1.1 200 OK"
2026-08-29 07:02:13,257 [INFO] HTTP Request: POST http://localhost:8001/v1/chat/completions "HTTP/1.1 200 OK"
2026-08-29 07:02:15,222 [INFO] HTTP Request: POST http://localhost:8001/v1/chat/completions "HTTP/1.1 200 OK"
2026-08-29 07:02:18,303 [INFO] HTTP Request: POST http://localhost:8001/v1/chat/completions "HTTP/1.1 200 OK"
2026-08-29 07:02:18,303 [INFO] HTTP Request: POST http://localhost:8001/v1/chat/completions "HTTP/1.1 200 OK"
2026-08-29 07:02:20,594 [INFO] HTTP Request: POST http://localhost:8001/v1/chat/completions "HTTP/1.1 200 OK"
2026-08-29 07:02:20,960 [INFO] HTTP Request: POST http://localhost:8001/v1/chat/completions "HTTP/1.1 200 OK"
2026-08-29 07:02:21,413 [INFO] HTTP Request: POST http://localhost:8001/v1/chat/completions "HTTP/1.1 200 OK"
2026-08-29 07:02:23,204 [INFO] HTTP Request: POST http://localhost:8001/v1/chat/completions "HTTP/1.1 200 OK"
2026-08-29 07:02:23,241 [INFO]   💾 320/405  [ok=315 skip=5 error=0]
2026-08-29 07:03:24,041 [INFO] HTTP Request: POST http://localhost:8001/v1/chat/completions "HTTP/1.1 200 OK"
2026-08-29 07:03:24,601 [INFO] HTTP Request: POST http://localhost:8001/v1/chat/completions "HTTP/1.1 200 OK"
2026-08-29 07:03:24,704 [INFO] HTTP Request: POST http://localhost:8001/v1/chat/completions "HTTP/1.1 200 OK"
2026-08-29 07:03:27,568 [INFO] HTTP Request: POST http://localhost:8001/v1/chat/completions "HTTP/1.1 200 OK"
2026-08-29 07:03:28,102 [INFO] HTTP Request: POST http://localhost:8001/v1/chat/completions "HTTP/1.1 200 OK"
2026-08-29 07:03:28,940 [INFO] HTTP Request: POST http://localhost:8001/v1/chat/completions "HTTP/1.1 200 OK"
2026-08-29 07:03:29,401 [INFO] HTTP Request: POST http://localhost:8001/v1/chat/completions "HTTP/1.1 200 OK"
2026-08-29 07:03:30,615 [INFO] HTTP Request: POST http://localhost:8001/v1/chat/completions "HTTP/1.1 200 OK"
2026-08-29 07:03:31,020 [INFO] HTTP Request: POST http://localhost:8001/v1/chat/completions "HTTP/1.1 200 OK"
2026-08-29 07:03:31,022 [INFO] HTTP Request: POST http://localhost:8001/v1/chat/completions "HTTP/1.1 200 OK"
2026-08-29 07:03:31,319 [INFO] HTTP Request: POST http://localhost:8001/v1/chat/completions "HTTP/1.1 200 OK"
2026-08-29 07:03:31,517 [INFO] HTTP Request: POST http://localhost:8001/v1/chat/completions "HTTP/1.1 200 OK"
2026-08-29 07:03:32,010 [INFO] HTTP Request: POST http://localhost:8001/v1/chat/completions "HTTP/1.1 200 OK"
2026-08-29 07:03:32,011 [INFO] HTTP Request: POST http://localhost:8001/v1/chat/completions "HTTP/1.1 200 OK"
2026-08-29 07:03:32,687 [INFO] HTTP Request: POST http://localhost:8001/v1/chat/completions "HTTP/1.1 200 OK"
2026-08-29 07:03:33,459 [INFO] HTTP Request: POST http://localhost:8001/v1/chat/completions "HTTP/1.1 200 OK"
2026-08-29 07:03:34,037 [INFO] HTTP Request: POST http://localhost:8001/v1/chat/completions "HTTP/1.1 200 OK"
2026-08-29 07:03:34,229 [INFO] HTTP Request: POST http://localhost:8001/v1/chat/completions "HTTP/1.1 200 OK"
2026-08-29 07:03:34,511 [INFO] HTTP Request: POST http://localhost:8001/v1/chat/completions "HTTP/1.1 200 OK"
2026-08-29 07:03:35,447 [INFO] HTTP Request: POST http://localhost:8001/v1/chat/completions "HTTP/1.1 200 OK"
2026-08-29 07:03:36,753 [INFO] HTTP Request: POST http://localhost:8001/v1/chat/completions "HTTP/1.1 200 OK"
2026-08-29 07:03:41,976 [INFO] HTTP Request: POST http://localhost:8001/v1/chat/completions "HTTP/1.1 200 OK"
2026-08-29 07:03:57,685 [INFO] HTTP Request: POST http://localhost:8001/v1/chat/completions "HTTP/1.1 200 OK"
2026-08-29 07:04:07,278 [INFO] HTTP Request: POST http://localhost:8001/v1/chat/completions "HTTP/1.1 200 OK"
2026-08-29 07:04:08,274 [INFO] HTTP Request: POST http://localhost:8001/v1/chat/completions "HTTP/1.1 200 OK"
2026-08-29 07:04:08,930 [INFO] HTTP Request: POST http://localhost:8001/v1/chat/completions "HTTP/1.1 200 OK"
2026-08-29 07:04:08,961 [INFO]   💾 352/405  [ok=341 skip=11 error=0]
2026-08-29 07:05:09,348 [INFO] HTTP Request: POST http://localhost:8001/v1/chat/completions "HTTP/1.1 200 OK"
2026-08-29 07:05:10,873 [INFO] HTTP Request: POST http://localhost:8001/v1/chat/completions "HTTP/1.1 200 OK"
2026-08-29 07:05:11,782 [INFO] HTTP Request: POST http://localhost:8001/v1/chat/completions "HTTP/1.1 200 OK"
2026-08-29 07:05:12,799 [INFO] HTTP Request: POST http://localhost:8001/v1/chat/completions "HTTP/1.1 200 OK"
2026-08-29 07:05:13,701 [INFO] HTTP Request: POST http://localhost:8001/v1/chat/completions "HTTP/1.1 200 OK"
2026-08-29 07:05:14,236 [INFO] HTTP Request: POST http://localhost:8001/v1/chat/completions "HTTP/1.1 200 OK"
2026-08-29 07:05:15,514 [INFO] HTTP Request: POST http://localhost:8001/v1/chat/completions "HTTP/1.1 200 OK"
2026-08-29 07:05:16,050 [INFO] HTTP Request: POST http://localhost:8001/v1/chat/completions "HTTP/1.1 200 OK"
2026-08-29 07:05:16,051 [INFO] HTTP Request: POST http://localhost:8001/v1/chat/completions "HTTP/1.1 200 OK"
2026-08-29 07:05:16,455 [INFO] HTTP Request: POST http://localhost:8001/v1/chat/completions "HTTP/1.1 200 OK"
2026-08-29 07:05:18,872 [INFO] HTTP Request: POST http://localhost:8001/v1/chat/completions "HTTP/1.1 200 OK"
2026-08-29 07:05:20,899 [INFO] HTTP Request: POST http://localhost:8001/v1/chat/completions "HTTP/1.1 200 OK"
2026-08-29 07:05:21,203 [INFO] HTTP Request: POST http://localhost:8001/v1/chat/completions "HTTP/1.1 200 OK"
2026-08-29 07:05:21,303 [INFO] HTTP Request: POST http://localhost:8001/v1/chat/completions "HTTP/1.1 200 OK"
2026-08-29 07:05:21,304 [INFO] HTTP Request: POST http://localhost:8001/v1/chat/completions "HTTP/1.1 200 OK"
2026-08-29 07:05:21,404 [INFO] HTTP Request: POST http://localhost:8001/v1/chat/completions "HTTP/1.1 200 OK"
2026-08-29 07:05:21,997 [INFO] HTTP Request: POST http://localhost:8001/v1/chat/completions "HTTP/1.1 200 OK"
2026-08-29 07:05:22,390 [INFO] HTTP Request: POST http://localhost:8001/v1/chat/completions "HTTP/1.1 200 OK"
2026-08-29 07:05:22,684 [INFO] HTTP Request: POST http://localhost:8001/v1/chat/completions "HTTP/1.1 200 OK"
2026-08-29 07:05:23,561 [INFO] HTTP Request: POST http://localhost:8001/v1/chat/completions "HTTP/1.1 200 OK"
2026-08-29 07:05:23,753 [INFO] HTTP Request: POST http://localhost:8001/v1/chat/completions "HTTP/1.1 200 OK"
2026-08-29 07:05:27,112 [INFO] HTTP Request: POST http://localhost:8001/v1/chat/completions "HTTP/1.1 200 OK"
2026-08-29 07:05:38,800 [INFO] HTTP Request: POST http://localhost:8001/v1/chat/completions "HTTP/1.1 200 OK"
2026-08-29 07:05:57,753 [INFO] HTTP Request: POST http://localhost:8001/v1/chat/completions "HTTP/1.1 200 OK"
2026-08-29 07:05:58,599 [INFO] HTTP Request: POST http://localhost:8001/v1/chat/completions "HTTP/1.1 200 OK"
2026-08-29 07:05:58,880 [INFO] HTTP Request: POST http://localhost:8001/v1/chat/completions "HTTP/1.1 200 OK"
2026-08-29 07:05:58,881 [INFO] HTTP Request: POST http://localhost:8001/v1/chat/completions "HTTP/1.1 200 OK"
2026-08-29 07:05:59,348 [INFO] HTTP Request: POST http://localhost:8001/v1/chat/completions "HTTP/1.1 200 OK"
2026-08-29 07:05:59,898 [INFO] HTTP Request: POST http://localhost:8001/v1/chat/completions "HTTP/1.1 200 OK"
2026-08-29 07:06:00,082 [INFO] HTTP Request: POST http://localhost:8001/v1/chat/completions "HTTP/1.1 200 OK"
2026-08-29 07:06:00,173 [INFO] HTTP Request: POST http://localhost:8001/v1/chat/completions "HTTP/1.1 200 OK"
2026-08-29 07:06:02,339 [INFO] HTTP Request: POST http://localhost:8001/v1/chat/completions "HTTP/1.1 200 OK"
2026-08-29 07:06:02,359 [INFO]   💾 384/405  [ok=373 skip=11 error=0]
2026-08-29 07:06:59,668 [INFO] HTTP Request: POST http://localhost:8001/v1/chat/completions "HTTP/1.1 200 OK"
2026-08-29 07:07:00,479 [INFO] HTTP Request: POST http://localhost:8001/v1/chat/completions "HTTP/1.1 200 OK"
2026-08-29 07:07:00,580 [INFO] HTTP Request: POST http://localhost:8001/v1/chat/completions "HTTP/1.1 200 OK"
2026-08-29 07:07:00,883 [INFO] HTTP Request: POST http://localhost:8001/v1/chat/completions "HTTP/1.1 200 OK"
2026-08-29 07:07:01,085 [INFO] HTTP Request: POST http://localhost:8001/v1/chat/completions "HTTP/1.1 200 OK"
2026-08-29 07:07:01,782 [INFO] HTTP Request: POST http://localhost:8001/v1/chat/completions "HTTP/1.1 200 OK"
2026-08-29 07:07:01,782 [INFO] HTTP Request: POST http://localhost:8001/v1/chat/completions "HTTP/1.1 200 OK"
2026-08-29 07:07:01,783 [INFO] HTTP Request: POST http://localhost:8001/v1/chat/completions "HTTP/1.1 200 OK"
2026-08-29 07:07:02,269 [INFO] HTTP Request: POST http://localhost:8001/v1/chat/completions "HTTP/1.1 200 OK"
2026-08-29 07:07:02,463 [INFO] HTTP Request: POST http://localhost:8001/v1/chat/completions "HTTP/1.1 200 OK"
2026-08-29 07:07:02,464 [INFO] HTTP Request: POST http://localhost:8001/v1/chat/completions "HTTP/1.1 200 OK"
2026-08-29 07:07:02,464 [INFO] HTTP Request: POST http://localhost:8001/v1/chat/completions "HTTP/1.1 200 OK"
2026-08-29 07:07:02,942 [INFO] HTTP Request: POST http://localhost:8001/v1/chat/completions "HTTP/1.1 200 OK"
2026-08-29 07:07:02,943 [INFO] HTTP Request: POST http://localhost:8001/v1/chat/completions "HTTP/1.1 200 OK"
2026-08-29 07:07:03,038 [INFO] HTTP Request: POST http://localhost:8001/v1/chat/completions "HTTP/1.1 200 OK"
2026-08-29 07:07:04,535 [INFO] HTTP Request: POST http://localhost:8001/v1/chat/completions "HTTP/1.1 200 OK"
2026-08-29 07:07:04,628 [INFO] HTTP Request: POST http://localhost:8001/v1/chat/completions "HTTP/1.1 200 OK"
2026-08-29 07:07:04,628 [INFO] HTTP Request: POST http://localhost:8001/v1/chat/completions "HTTP/1.1 200 OK"
2026-08-29 07:07:04,813 [INFO] HTTP Request: POST http://localhost:8001/v1/chat/completions "HTTP/1.1 200 OK"
2026-08-29 07:07:05,900 [INFO] HTTP Request: POST http://localhost:8001/v1/chat/completions "HTTP/1.1 200 OK"
2026-08-29 07:07:09,766 [INFO] HTTP Request: POST http://localhost:8001/v1/chat/completions "HTTP/1.1 200 OK"
2026-08-29 07:07:09,793 [INFO]   💾 405/405  [ok=394 skip=11 error=0]
2026-08-29 07:07:09,795 [INFO] [reddit_global_dataset.csv] ✅ Validación OK: todos los *_just rellenos en filas pertinentes (388).
2026-08-29 07:07:09,795 [INFO] ✅ reddit_global_dataset.csv → reddit_global_dataset_reanalizado_schema.csv  [ok=394  skip=11  error=0]
2026-08-29 07:07:09,796 [INFO]   → Procesando: youtube_global_dataset.csv
2026-08-29 07:07:09,796 [INFO]   ♻️  Reanudando desde output parcial: youtube_global_dataset_reanalizado_schema.csv
2026-08-29 07:07:09,849 [INFO] Primera fila pendiente: 0
2026-08-29 07:07:09,849 [INFO] youtube_global_dataset.csv: 13866 filas pendientes de 13866 totales
2026-08-29 07:08:07,050 [INFO] HTTP Request: POST http://localhost:8001/v1/chat/completions "HTTP/1.1 200 OK"
2026-08-29 07:08:10,712 [INFO] HTTP Request: POST http://localhost:8001/v1/chat/completions "HTTP/1.1 200 OK"
2026-08-29 07:08:11,244 [INFO] HTTP Request: POST http://localhost:8001/v1/chat/completions "HTTP/1.1 200 OK"
2026-08-29 07:08:13,047 [INFO] HTTP Request: POST http://localhost:8001/v1/chat/completions "HTTP/1.1 200 OK"
2026-08-29 07:08:13,150 [INFO] HTTP Request: POST http://localhost:8001/v1/chat/completions "HTTP/1.1 200 OK"
2026-08-29 07:08:13,150 [INFO] HTTP Request: POST http://localhost:8001/v1/chat/completions "HTTP/1.1 200 OK"
2026-08-29 07:08:14,458 [INFO] HTTP Request: POST http://localhost:8001/v1/chat/completions "HTTP/1.1 200 OK"
2026-08-29 07:08:17,392 [INFO] HTTP Request: POST http://localhost:8001/v1/chat/completions "HTTP/1.1 200 OK"
2026-08-29 07:08:18,366 [INFO] HTTP Request: POST http://localhost:8001/v1/chat/completions "HTTP/1.1 200 OK"
2026-08-29 07:08:19,389 [INFO] HTTP Request: POST http://localhost:8001/v1/chat/completions "HTTP/1.1 200 OK"
2026-08-29 07:08:19,389 [INFO] HTTP Request: POST http://localhost:8001/v1/chat/completions "HTTP/1.1 200 OK"
2026-08-29 07:08:21,341 [INFO] HTTP Request: POST http://localhost:8001/v1/chat/completions "HTTP/1.1 200 OK"
2026-08-29 07:08:21,543 [INFO] HTTP Request: POST http://localhost:8001/v1/chat/completions "HTTP/1.1 200 OK"
2026-08-29 07:08:21,644 [INFO] HTTP Request: POST http://localhost:8001/v1/chat/completions "HTTP/1.1 200 OK"
2026-08-29 07:08:21,848 [INFO] HTTP Request: POST http://localhost:8001/v1/chat/completions "HTTP/1.1 200 OK"
2026-08-29 07:08:22,047 [INFO] HTTP Request: POST http://localhost:8001/v1/chat/completions "HTTP/1.1 200 OK"
2026-08-29 07:08:23,333 [INFO] HTTP Request: POST http://localhost:8001/v1/chat/completions "HTTP/1.1 200 OK"
2026-08-29 07:08:23,531 [INFO] HTTP Request: POST http://localhost:8001/v1/chat/completions "HTTP/1.1 200 OK"
2026-08-29 07:08:23,532 [INFO] HTTP Request: POST http://localhost:8001/v1/chat/completions "HTTP/1.1 200 OK"
2026-08-29 07:08:27,912 [INFO] HTTP Request: POST http://localhost:8001/v1/chat/completions "HTTP/1.1 200 OK"
2026-08-29 07:08:29,453 [INFO] HTTP Request: POST http://localhost:8001/v1/chat/completions "HTTP/1.1 200 OK"
2026-08-29 07:08:32,529 [INFO] HTTP Request: POST http://localhost:8001/v1/chat/completions "HTTP/1.1 200 OK"
2026-08-29 07:08:49,226 [INFO] HTTP Request: POST http://localhost:8001/v1/chat/completions "HTTP/1.1 200 OK"
2026-08-29 07:08:53,720 [INFO] HTTP Request: POST http://localhost:8001/v1/chat/completions "HTTP/1.1 200 OK"
2026-08-29 07:08:56,539 [INFO] HTTP Request: POST http://localhost:8001/v1/chat/completions "HTTP/1.1 200 OK"
2026-08-29 07:08:58,415 [INFO] HTTP Request: POST http://localhost:8001/v1/chat/completions "HTTP/1.1 200 OK"
2026-08-29 07:08:58,976 [INFO] HTTP Request: POST http://localhost:8001/v1/chat/completions "HTTP/1.1 200 OK"
2026-08-29 07:09:00,370 [INFO] HTTP Request: POST http://localhost:8001/v1/chat/completions "HTTP/1.1 200 OK"
2026-08-29 07:09:00,554 [INFO] HTTP Request: POST http://localhost:8001/v1/chat/completions "HTTP/1.1 200 OK"
2026-08-29 07:09:00,830 [INFO] HTTP Request: POST http://localhost:8001/v1/chat/completions "HTTP/1.1 200 OK"
2026-08-29 07:09:02,639 [INFO] HTTP Request: POST http://localhost:8001/v1/chat/completions "HTTP/1.1 200 OK"
2026-08-29 07:09:08,489 [INFO] HTTP Request: POST http://localhost:8001/v1/chat/completions "HTTP/1.1 200 OK"
2026-08-29 07:09:08,561 [INFO]   💾 32/13866  [ok=32 skip=0 error=0]
2026-08-29 07:10:01,836 [INFO] HTTP Request: POST http://localhost:8001/v1/chat/completions "HTTP/1.1 200 OK"
2026-08-29 07:10:07,554 [INFO] HTTP Request: POST http://localhost:8001/v1/chat/completions "HTTP/1.1 200 OK"
2026-08-29 07:10:08,595 [INFO] HTTP Request: POST http://localhost:8001/v1/chat/completions "HTTP/1.1 200 OK"
2026-08-29 07:10:09,130 [INFO] HTTP Request: POST http://localhost:8001/v1/chat/completions "HTTP/1.1 200 OK"
2026-08-29 07:10:10,671 [INFO] HTTP Request: POST http://localhost:8001/v1/chat/completions "HTTP/1.1 200 OK"
2026-08-29 07:10:10,672 [INFO] HTTP Request: POST http://localhost:8001/v1/chat/completions "HTTP/1.1 200 OK"
2026-08-29 07:10:11,649 [INFO] HTTP Request: POST http://localhost:8001/v1/chat/completions "HTTP/1.1 200 OK"
2026-08-29 07:10:12,969 [INFO] HTTP Request: POST http://localhost:8001/v1/chat/completions "HTTP/1.1 200 OK"
2026-08-29 07:10:14,275 [INFO] HTTP Request: POST http://localhost:8001/v1/chat/completions "HTTP/1.1 200 OK"
2026-08-29 07:10:14,808 [INFO] HTTP Request: POST http://localhost:8001/v1/chat/completions "HTTP/1.1 200 OK"
2026-08-29 07:10:15,246 [INFO] HTTP Request: POST http://localhost:8001/v1/chat/completions "HTTP/1.1 200 OK"
2026-08-29 07:10:17,117 [INFO] HTTP Request: POST http://localhost:8001/v1/chat/completions "HTTP/1.1 200 OK"
2026-08-29 07:10:18,130 [INFO] HTTP Request: POST http://localhost:8001/v1/chat/completions "HTTP/1.1 200 OK"
2026-08-29 07:10:19,037 [INFO] HTTP Request: POST http://localhost:8001/v1/chat/completions "HTTP/1.1 200 OK"
2026-08-29 07:10:20,047 [INFO] HTTP Request: POST http://localhost:8001/v1/chat/completions "HTTP/1.1 200 OK"
2026-08-29 07:10:20,549 [INFO] HTTP Request: POST http://localhost:8001/v1/chat/completions "HTTP/1.1 200 OK"
2026-08-29 07:10:20,848 [INFO] HTTP Request: POST http://localhost:8001/v1/chat/completions "HTTP/1.1 200 OK"
2026-08-29 07:10:22,129 [INFO] HTTP Request: POST http://localhost:8001/v1/chat/completions "HTTP/1.1 200 OK"
2026-08-29 07:10:23,110 [INFO] HTTP Request: POST http://localhost:8001/v1/chat/completions "HTTP/1.1 200 OK"
2026-08-29 07:10:24,282 [INFO] HTTP Request: POST http://localhost:8001/v1/chat/completions "HTTP/1.1 200 OK"
2026-08-29 07:10:24,379 [INFO] HTTP Request: POST http://localhost:8001/v1/chat/completions "HTTP/1.1 200 OK"
2026-08-29 07:10:39,094 [INFO] HTTP Request: POST http://localhost:8001/v1/chat/completions "HTTP/1.1 200 OK"
2026-08-29 07:10:53,601 [INFO] HTTP Request: POST http://localhost:8001/v1/chat/completions "HTTP/1.1 200 OK"
2026-08-29 07:10:55,707 [INFO] HTTP Request: POST http://localhost:8001/v1/chat/completions "HTTP/1.1 200 OK"
2026-08-29 07:10:56,178 [INFO] HTTP Request: POST http://localhost:8001/v1/chat/completions "HTTP/1.1 200 OK"
2026-08-29 07:10:57,680 [INFO] HTTP Request: POST http://localhost:8001/v1/chat/completions "HTTP/1.1 200 OK"
2026-08-29 07:10:58,334 [INFO] HTTP Request: POST http://localhost:8001/v1/chat/completions "HTTP/1.1 200 OK"
2026-08-29 07:10:58,707 [INFO] HTTP Request: POST http://localhost:8001/v1/chat/completions "HTTP/1.1 200 OK"
2026-08-29 07:10:59,900 [INFO] HTTP Request: POST http://localhost:8001/v1/chat/completions "HTTP/1.1 200 OK"
2026-08-29 07:10:59,991 [INFO] HTTP Request: POST http://localhost:8001/v1/chat/completions "HTTP/1.1 200 OK"
2026-08-29 07:11:00,444 [INFO] HTTP Request: POST http://localhost:8001/v1/chat/completions "HTTP/1.1 200 OK"
2026-08-29 07:11:05,443 [INFO] HTTP Request: POST http://localhost:8001/v1/chat/completions "HTTP/1.1 200 OK"
2026-08-29 07:11:05,525 [INFO]   💾 64/13866  [ok=64 skip=0 error=0]
2026-08-29 07:12:02,624 [INFO] HTTP Request: POST http://localhost:8001/v1/chat/completions "HTTP/1.1 200 OK"
2026-08-29 07:12:07,012 [INFO] HTTP Request: POST http://localhost:8001/v1/chat/completions "HTTP/1.1 200 OK"
2026-08-29 07:12:07,113 [INFO] HTTP Request: POST http://localhost:8001/v1/chat/completions "HTTP/1.1 200 OK"
2026-08-29 07:12:07,542 [INFO] HTTP Request: POST http://localhost:8001/v1/chat/completions "HTTP/1.1 200 OK"
2026-08-29 07:12:09,300 [INFO] HTTP Request: POST http://localhost:8001/v1/chat/completions "HTTP/1.1 200 OK"
2026-08-29 07:12:09,743 [INFO] HTTP Request: POST http://localhost:8001/v1/chat/completions "HTTP/1.1 200 OK"
2026-08-29 07:12:10,183 [INFO] HTTP Request: POST http://localhost:8001/v1/chat/completions "HTTP/1.1 200 OK"
2026-08-29 07:12:10,184 [INFO] HTTP Request: POST http://localhost:8001/v1/chat/completions "HTTP/1.1 200 OK"
2026-08-29 07:12:12,820 [INFO] HTTP Request: POST http://localhost:8001/v1/chat/completions "HTTP/1.1 200 OK"
2026-08-29 07:12:13,255 [INFO] HTTP Request: POST http://localhost:8001/v1/chat/completions "HTTP/1.1 200 OK"
2026-08-29 07:12:15,365 [INFO] HTTP Request: POST http://localhost:8001/v1/chat/completions "HTTP/1.1 200 OK"
2026-08-29 07:12:15,365 [INFO] HTTP Request: POST http://localhost:8001/v1/chat/completions "HTTP/1.1 200 OK"
2026-08-29 07:12:16,634 [INFO] HTTP Request: POST http://localhost:8001/v1/chat/completions "HTTP/1.1 200 OK"
2026-08-29 07:12:16,939 [INFO] HTTP Request: POST http://localhost:8001/v1/chat/completions "HTTP/1.1 200 OK"
2026-08-29 07:12:16,939 [INFO] HTTP Request: POST http://localhost:8001/v1/chat/completions "HTTP/1.1 200 OK"
2026-08-29 07:12:17,844 [INFO] HTTP Request: POST http://localhost:8001/v1/chat/completions "HTTP/1.1 200 OK"
2026-08-29 07:12:17,945 [INFO] HTTP Request: POST http://localhost:8001/v1/chat/completions "HTTP/1.1 200 OK"
2026-08-29 07:12:19,032 [INFO] HTTP Request: POST http://localhost:8001/v1/chat/completions "HTTP/1.1 200 OK"
2026-08-29 07:12:19,915 [INFO] HTTP Request: POST http://localhost:8001/v1/chat/completions "HTTP/1.1 200 OK"
2026-08-29 07:12:22,064 [INFO] HTTP Request: POST http://localhost:8001/v1/chat/completions "HTTP/1.1 200 OK"
2026-08-29 07:12:28,429 [INFO] HTTP Request: POST http://localhost:8001/v1/chat/completions "HTTP/1.1 200 OK"
2026-08-29 07:12:44,628 [INFO] HTTP Request: POST http://localhost:8001/v1/chat/completions "HTTP/1.1 200 OK"
2026-08-29 07:12:54,727 [INFO] HTTP Request: POST http://localhost:8001/v1/chat/completions "HTTP/1.1 200 OK"
2026-08-29 07:12:55,111 [INFO] HTTP Request: POST http://localhost:8001/v1/chat/completions "HTTP/1.1 200 OK"
2026-08-29 07:12:55,959 [INFO] HTTP Request: POST http://localhost:8001/v1/chat/completions "HTTP/1.1 200 OK"
2026-08-29 07:12:56,991 [INFO] HTTP Request: POST http://localhost:8001/v1/chat/completions "HTTP/1.1 200 OK"
2026-08-29 07:13:00,172 [INFO] HTTP Request: POST http://localhost:8001/v1/chat/completions "HTTP/1.1 200 OK"
2026-08-29 07:13:00,360 [INFO] HTTP Request: POST http://localhost:8001/v1/chat/completions "HTTP/1.1 200 OK"
2026-08-29 07:13:00,544 [INFO] HTTP Request: POST http://localhost:8001/v1/chat/completions "HTTP/1.1 200 OK"
2026-08-29 07:13:03,564 [INFO] HTTP Request: POST http://localhost:8001/v1/chat/completions "HTTP/1.1 200 OK"
2026-08-29 07:13:04,017 [INFO] HTTP Request: POST http://localhost:8001/v1/chat/completions "HTTP/1.1 200 OK"
2026-08-29 07:13:04,201 [INFO] HTTP Request: POST http://localhost:8001/v1/chat/completions "HTTP/1.1 200 OK"
2026-08-29 07:13:04,275 [INFO]   💾 96/13866  [ok=96 skip=0 error=0]
2026-08-29 07:14:00,672 [INFO] HTTP Request: POST http://localhost:8001/v1/chat/completions "HTTP/1.1 200 OK"
2026-08-29 07:14:02,129 [INFO] HTTP Request: POST http://localhost:8001/v1/chat/completions "HTTP/1.1 200 OK"
2026-08-29 07:14:03,580 [INFO] HTTP Request: POST http://localhost:8001/v1/chat/completions "HTTP/1.1 200 OK"
2026-08-29 07:14:04,727 [INFO] HTTP Request: POST http://localhost:8001/v1/chat/completions "HTTP/1.1 200 OK"
2026-08-29 07:14:04,829 [INFO] HTTP Request: POST http://localhost:8001/v1/chat/completions "HTTP/1.1 200 OK"
2026-08-29 07:14:08,792 [INFO] HTTP Request: POST http://localhost:8001/v1/chat/completions "HTTP/1.1 200 OK"
2026-08-29 07:14:10,046 [INFO] HTTP Request: POST http://localhost:8001/v1/chat/completions "HTTP/1.1 200 OK"
2026-08-29 07:14:10,581 [INFO] HTTP Request: POST http://localhost:8001/v1/chat/completions "HTTP/1.1 200 OK"
2026-08-29 07:14:10,999 [INFO] HTTP Request: POST http://localhost:8001/v1/chat/completions "HTTP/1.1 200 OK"
2026-08-29 07:14:13,356 [INFO] HTTP Request: POST http://localhost:8001/v1/chat/completions "HTTP/1.1 200 OK"
2026-08-29 07:14:13,458 [INFO] HTTP Request: POST http://localhost:8001/v1/chat/completions "HTTP/1.1 200 OK"
2026-08-29 07:14:16,094 [INFO] HTTP Request: POST http://localhost:8001/v1/chat/completions "HTTP/1.1 200 OK"
2026-08-29 07:14:18,226 [INFO] HTTP Request: POST http://localhost:8001/v1/chat/completions "HTTP/1.1 200 OK"
2026-08-29 07:14:18,329 [INFO] HTTP Request: POST http://localhost:8001/v1/chat/completions "HTTP/1.1 200 OK"
2026-08-29 07:14:18,935 [INFO] HTTP Request: POST http://localhost:8001/v1/chat/completions "HTTP/1.1 200 OK"
2026-08-29 07:14:19,541 [INFO] HTTP Request: POST http://localhost:8001/v1/chat/completions "HTTP/1.1 200 OK"
2026-08-29 07:14:19,741 [INFO] HTTP Request: POST http://localhost:8001/v1/chat/completions "HTTP/1.1 200 OK"
2026-08-29 07:14:20,235 [INFO] HTTP Request: POST http://localhost:8001/v1/chat/completions "HTTP/1.1 200 OK"
2026-08-29 07:14:23,193 [INFO] HTTP Request: POST http://localhost:8001/v1/chat/completions "HTTP/1.1 200 OK"
2026-08-29 07:14:23,683 [INFO] HTTP Request: POST http://localhost:8001/v1/chat/completions "HTTP/1.1 200 OK"
2026-08-29 07:14:27,066 [INFO] HTTP Request: POST http://localhost:8001/v1/chat/completions "HTTP/1.1 200 OK"
2026-08-29 07:14:51,007 [INFO] HTTP Request: POST http://localhost:8001/v1/chat/completions "HTTP/1.1 200 OK"
2026-08-29 07:14:51,200 [INFO] HTTP Request: POST http://localhost:8001/v1/chat/completions "HTTP/1.1 200 OK"
2026-08-29 07:14:52,736 [INFO] HTTP Request: POST http://localhost:8001/v1/chat/completions "HTTP/1.1 200 OK"
2026-08-29 07:14:53,020 [INFO] HTTP Request: POST http://localhost:8001/v1/chat/completions "HTTP/1.1 200 OK"
2026-08-29 07:14:53,207 [INFO] HTTP Request: POST http://localhost:8001/v1/chat/completions "HTTP/1.1 200 OK"
2026-08-29 07:14:54,237 [INFO] HTTP Request: POST http://localhost:8001/v1/chat/completions "HTTP/1.1 200 OK"
2026-08-29 07:14:54,797 [INFO] HTTP Request: POST http://localhost:8001/v1/chat/completions "HTTP/1.1 200 OK"
2026-08-29 07:14:55,165 [INFO] HTTP Request: POST http://localhost:8001/v1/chat/completions "HTTP/1.1 200 OK"
2026-08-29 07:14:55,714 [INFO] HTTP Request: POST http://localhost:8001/v1/chat/completions "HTTP/1.1 200 OK"
2026-08-29 07:15:00,147 [INFO] HTTP Request: POST http://localhost:8001/v1/chat/completions "HTTP/1.1 200 OK"
2026-08-29 07:15:01,088 [INFO] HTTP Request: POST http://localhost:8001/v1/chat/completions "HTTP/1.1 200 OK"
2026-08-29 07:15:01,178 [INFO]   💾 128/13866  [ok=128 skip=0 error=0]
2026-08-29 07:15:57,350 [INFO] HTTP Request: POST http://localhost:8001/v1/chat/completions "HTTP/1.1 200 OK"
2026-08-29 07:15:59,338 [INFO] HTTP Request: POST http://localhost:8001/v1/chat/completions "HTTP/1.1 200 OK"
2026-08-29 07:16:00,817 [INFO] HTTP Request: POST http://localhost:8001/v1/chat/completions "HTTP/1.1 200 OK"
2026-08-29 07:16:01,870 [INFO] HTTP Request: POST http://localhost:8001/v1/chat/completions "HTTP/1.1 200 OK"
2026-08-29 07:16:03,230 [INFO] HTTP Request: POST http://localhost:8001/v1/chat/completions "HTTP/1.1 200 OK"
2026-08-29 07:16:04,486 [INFO] HTTP Request: POST http://localhost:8001/v1/chat/completions "HTTP/1.1 200 OK"
2026-08-29 07:16:05,554 [INFO] HTTP Request: POST http://localhost:8001/v1/chat/completions "HTTP/1.1 200 OK"
2026-08-29 07:16:06,913 [INFO] HTTP Request: POST http://localhost:8001/v1/chat/completions "HTTP/1.1 200 OK"
2026-08-29 07:16:07,015 [INFO] HTTP Request: POST http://localhost:8001/v1/chat/completions "HTTP/1.1 200 OK"
2026-08-29 07:16:08,829 [INFO] HTTP Request: POST http://localhost:8001/v1/chat/completions "HTTP/1.1 200 OK"
2026-08-29 07:16:08,931 [INFO] HTTP Request: POST http://localhost:8001/v1/chat/completions "HTTP/1.1 200 OK"
2026-08-29 07:16:10,245 [INFO] HTTP Request: POST http://localhost:8001/v1/chat/completions "HTTP/1.1 200 OK"
2026-08-29 07:16:12,058 [INFO] HTTP Request: POST http://localhost:8001/v1/chat/completions "HTTP/1.1 200 OK"
2026-08-29 07:16:12,463 [INFO] HTTP Request: POST http://localhost:8001/v1/chat/completions "HTTP/1.1 200 OK"
2026-08-29 07:16:12,969 [INFO] HTTP Request: POST http://localhost:8001/v1/chat/completions "HTTP/1.1 200 OK"
2026-08-29 07:16:13,979 [INFO] HTTP Request: POST http://localhost:8001/v1/chat/completions "HTTP/1.1 200 OK"
2026-08-29 07:16:16,556 [INFO] HTTP Request: POST http://localhost:8001/v1/chat/completions "HTTP/1.1 200 OK"
2026-08-29 07:16:19,521 [INFO] HTTP Request: POST http://localhost:8001/v1/chat/completions "HTTP/1.1 200 OK"
2026-08-29 07:16:21,094 [INFO] HTTP Request: POST http://localhost:8001/v1/chat/completions "HTTP/1.1 200 OK"
2026-08-29 07:16:22,165 [INFO] HTTP Request: POST http://localhost:8001/v1/chat/completions "HTTP/1.1 200 OK"
2026-08-29 07:16:28,942 [INFO] HTTP Request: POST http://localhost:8001/v1/chat/completions "HTTP/1.1 200 OK"
2026-08-29 07:16:48,453 [INFO] HTTP Request: POST http://localhost:8001/v1/chat/completions "HTTP/1.1 200 OK"
2026-08-29 07:16:50,383 [INFO] HTTP Request: POST http://localhost:8001/v1/chat/completions "HTTP/1.1 200 OK"
2026-08-29 07:16:50,575 [INFO] HTTP Request: POST http://localhost:8001/v1/chat/completions "HTTP/1.1 200 OK"
2026-08-29 07:16:51,989 [INFO] HTTP Request: POST http://localhost:8001/v1/chat/completions "HTTP/1.1 200 OK"
2026-08-29 07:16:53,773 [INFO] HTTP Request: POST http://localhost:8001/v1/chat/completions "HTTP/1.1 200 OK"
2026-08-29 07:16:53,961 [INFO] HTTP Request: POST http://localhost:8001/v1/chat/completions "HTTP/1.1 200 OK"
2026-08-29 07:16:54,148 [INFO] HTTP Request: POST http://localhost:8001/v1/chat/completions "HTTP/1.1 200 OK"
2026-08-29 07:16:55,341 [INFO] HTTP Request: POST http://localhost:8001/v1/chat/completions "HTTP/1.1 200 OK"
2026-08-29 07:16:58,819 [INFO] HTTP Request: POST http://localhost:8001/v1/chat/completions "HTTP/1.1 200 OK"
2026-08-29 07:16:59,182 [INFO] HTTP Request: POST http://localhost:8001/v1/chat/completions "HTTP/1.1 200 OK"
2026-08-29 07:17:00,499 [INFO] HTTP Request: POST http://localhost:8001/v1/chat/completions "HTTP/1.1 200 OK"
2026-08-29 07:17:00,591 [INFO]   💾 160/13866  [ok=160 skip=0 error=0]
2026-08-29 07:17:58,365 [INFO] HTTP Request: POST http://localhost:8001/v1/chat/completions "HTTP/1.1 200 OK"
2026-08-29 07:18:01,578 [INFO] HTTP Request: POST http://localhost:8001/v1/chat/completions "HTTP/1.1 200 OK"
2026-08-29 07:18:01,579 [INFO] HTTP Request: POST http://localhost:8001/v1/chat/completions "HTTP/1.1 200 OK"
2026-08-29 07:18:02,557 [INFO] HTTP Request: POST http://localhost:8001/v1/chat/completions "HTTP/1.1 200 OK"
2026-08-29 07:18:02,558 [INFO] HTTP Request: POST http://localhost:8001/v1/chat/completions "HTTP/1.1 200 OK"
2026-08-29 07:18:04,317 [INFO] HTTP Request: POST http://localhost:8001/v1/chat/completions "HTTP/1.1 200 OK"
2026-08-29 07:18:05,200 [INFO] HTTP Request: POST http://localhost:8001/v1/chat/completions "HTTP/1.1 200 OK"
2026-08-29 07:18:06,523 [INFO] HTTP Request: POST http://localhost:8001/v1/chat/completions "HTTP/1.1 200 OK"
2026-08-29 07:18:06,823 [INFO] HTTP Request: POST http://localhost:8001/v1/chat/completions "HTTP/1.1 200 OK"
2026-08-29 07:18:08,846 [INFO] HTTP Request: POST http://localhost:8001/v1/chat/completions "HTTP/1.1 200 OK"
2026-08-29 07:18:09,379 [INFO] HTTP Request: POST http://localhost:8001/v1/chat/completions "HTTP/1.1 200 OK"
2026-08-29 07:18:10,266 [INFO] HTTP Request: POST http://localhost:8001/v1/chat/completions "HTTP/1.1 200 OK"
2026-08-29 07:18:10,717 [INFO] HTTP Request: POST http://localhost:8001/v1/chat/completions "HTTP/1.1 200 OK"
2026-08-29 07:18:13,082 [INFO] HTTP Request: POST http://localhost:8001/v1/chat/completions "HTTP/1.1 200 OK"
2026-08-29 07:18:13,893 [INFO] HTTP Request: POST http://localhost:8001/v1/chat/completions "HTTP/1.1 200 OK"
2026-08-29 07:18:14,804 [INFO] HTTP Request: POST http://localhost:8001/v1/chat/completions "HTTP/1.1 200 OK"
2026-08-29 07:18:14,804 [INFO] HTTP Request: POST http://localhost:8001/v1/chat/completions "HTTP/1.1 200 OK"
2026-08-29 07:18:14,904 [INFO] HTTP Request: POST http://localhost:8001/v1/chat/completions "HTTP/1.1 200 OK"
2026-08-29 07:18:14,905 [INFO] HTTP Request: POST http://localhost:8001/v1/chat/completions "HTTP/1.1 200 OK"
2026-08-29 07:18:15,978 [INFO] HTTP Request: POST http://localhost:8001/v1/chat/completions "HTTP/1.1 200 OK"
2026-08-29 07:18:38,726 [INFO] HTTP Request: POST http://localhost:8001/v1/chat/completions "HTTP/1.1 200 OK"
2026-08-29 07:18:47,421 [INFO] HTTP Request: POST http://localhost:8001/v1/chat/completions "HTTP/1.1 200 OK"
2026-08-29 07:18:50,315 [INFO] HTTP Request: POST http://localhost:8001/v1/chat/completions "HTTP/1.1 200 OK"
2026-08-29 07:18:50,604 [INFO] HTTP Request: POST http://localhost:8001/v1/chat/completions "HTTP/1.1 200 OK"
2026-08-29 07:18:50,889 [INFO] HTTP Request: POST http://localhost:8001/v1/chat/completions "HTTP/1.1 200 OK"
2026-08-29 07:18:53,610 [INFO] HTTP Request: POST http://localhost:8001/v1/chat/completions "HTTP/1.1 200 OK"
2026-08-29 07:18:54,079 [INFO] HTTP Request: POST http://localhost:8001/v1/chat/completions "HTTP/1.1 200 OK"
2026-08-29 07:18:54,360 [INFO] HTTP Request: POST http://localhost:8001/v1/chat/completions "HTTP/1.1 200 OK"
2026-08-29 07:18:54,453 [INFO] HTTP Request: POST http://localhost:8001/v1/chat/completions "HTTP/1.1 200 OK"
2026-08-29 07:18:55,277 [INFO] HTTP Request: POST http://localhost:8001/v1/chat/completions "HTTP/1.1 200 OK"
2026-08-29 07:18:55,729 [INFO] HTTP Request: POST http://localhost:8001/v1/chat/completions "HTTP/1.1 200 OK"
2026-08-29 07:18:55,730 [INFO] HTTP Request: POST http://localhost:8001/v1/chat/completions "HTTP/1.1 200 OK"
2026-08-29 07:18:55,827 [INFO]   💾 192/13866  [ok=192 skip=0 error=0]
2026-08-29 07:19:54,759 [INFO] HTTP Request: POST http://localhost:8001/v1/chat/completions "HTTP/1.1 200 OK"
2026-08-29 07:19:57,735 [INFO] HTTP Request: POST http://localhost:8001/v1/chat/completions "HTTP/1.1 200 OK"
2026-08-29 07:19:58,714 [INFO] HTTP Request: POST http://localhost:8001/v1/chat/completions "HTTP/1.1 200 OK"
2026-08-29 07:19:59,148 [INFO] HTTP Request: POST http://localhost:8001/v1/chat/completions "HTTP/1.1 200 OK"
2026-08-29 07:20:01,622 [INFO] HTTP Request: POST http://localhost:8001/v1/chat/completions "HTTP/1.1 200 OK"
2026-08-29 07:20:01,623 [INFO] HTTP Request: POST http://localhost:8001/v1/chat/completions "HTTP/1.1 200 OK"
2026-08-29 07:20:03,679 [INFO] HTTP Request: POST http://localhost:8001/v1/chat/completions "HTTP/1.1 200 OK"
2026-08-29 07:20:04,860 [INFO] HTTP Request: POST http://localhost:8001/v1/chat/completions "HTTP/1.1 200 OK"
2026-08-29 07:20:05,949 [INFO] HTTP Request: POST http://localhost:8001/v1/chat/completions "HTTP/1.1 200 OK"
2026-08-29 07:20:06,050 [INFO] HTTP Request: POST http://localhost:8001/v1/chat/completions "HTTP/1.1 200 OK"
2026-08-29 07:20:08,188 [INFO] HTTP Request: POST http://localhost:8001/v1/chat/completions "HTTP/1.1 200 OK"
2026-08-29 07:20:08,721 [INFO] HTTP Request: POST http://localhost:8001/v1/chat/completions "HTTP/1.1 200 OK"
2026-08-29 07:20:08,722 [INFO] HTTP Request: POST http://localhost:8001/v1/chat/completions "HTTP/1.1 200 OK"
2026-08-29 07:20:09,169 [INFO] HTTP Request: POST http://localhost:8001/v1/chat/completions "HTTP/1.1 200 OK"
2026-08-29 07:20:11,000 [INFO] HTTP Request: POST http://localhost:8001/v1/chat/completions "HTTP/1.1 200 OK"
2026-08-29 07:20:13,224 [INFO] HTTP Request: POST http://localhost:8001/v1/chat/completions "HTTP/1.1 200 OK"
2026-08-29 07:20:13,722 [INFO] HTTP Request: POST http://localhost:8001/v1/chat/completions "HTTP/1.1 200 OK"
2026-08-29 07:20:14,119 [INFO] HTTP Request: POST http://localhost:8001/v1/chat/completions "HTTP/1.1 200 OK"
2026-08-29 07:20:16,284 [INFO] HTTP Request: POST http://localhost:8001/v1/chat/completions "HTTP/1.1 200 OK"
2026-08-29 07:20:29,963 [INFO] HTTP Request: POST http://localhost:8001/v1/chat/completions "HTTP/1.1 200 OK"
2026-08-29 07:20:41,012 [INFO] HTTP Request: POST http://localhost:8001/v1/chat/completions "HTTP/1.1 200 OK"
2026-08-29 07:20:48,369 [INFO] HTTP Request: POST http://localhost:8001/v1/chat/completions "HTTP/1.1 200 OK"
2026-08-29 07:20:49,238 [INFO] HTTP Request: POST http://localhost:8001/v1/chat/completions "HTTP/1.1 200 OK"
2026-08-29 07:20:50,298 [INFO] HTTP Request: POST http://localhost:8001/v1/chat/completions "HTTP/1.1 200 OK"
2026-08-29 07:20:50,583 [INFO] HTTP Request: POST http://localhost:8001/v1/chat/completions "HTTP/1.1 200 OK"
2026-08-29 07:20:51,147 [INFO] HTTP Request: POST http://localhost:8001/v1/chat/completions "HTTP/1.1 200 OK"
2026-08-29 07:20:53,115 [INFO] HTTP Request: POST http://localhost:8001/v1/chat/completions "HTTP/1.1 200 OK"
2026-08-29 07:20:53,115 [INFO] HTTP Request: POST http://localhost:8001/v1/chat/completions "HTTP/1.1 200 OK"
2026-08-29 07:20:55,409 [INFO] HTTP Request: POST http://localhost:8001/v1/chat/completions "HTTP/1.1 200 OK"
2026-08-29 07:20:56,415 [INFO] HTTP Request: POST http://localhost:8001/v1/chat/completions "HTTP/1.1 200 OK"
2026-08-29 07:20:57,231 [INFO] HTTP Request: POST http://localhost:8001/v1/chat/completions "HTTP/1.1 200 OK"
2026-08-29 07:21:00,909 [INFO] HTTP Request: POST http://localhost:8001/v1/chat/completions "HTTP/1.1 200 OK"
2026-08-29 07:21:00,990 [INFO]   💾 224/13866  [ok=224 skip=0 error=0]
2026-08-29 07:21:59,340 [INFO] HTTP Request: POST http://localhost:8001/v1/chat/completions "HTTP/1.1 200 OK"
2026-08-29 07:21:59,870 [INFO] HTTP Request: POST http://localhost:8001/v1/chat/completions "HTTP/1.1 200 OK"
2026-08-29 07:22:02,167 [INFO] HTTP Request: POST http://localhost:8001/v1/chat/completions "HTTP/1.1 200 OK"
2026-08-29 07:22:04,473 [INFO] HTTP Request: POST http://localhost:8001/v1/chat/completions "HTTP/1.1 200 OK"
2026-08-29 07:22:04,473 [INFO] HTTP Request: POST http://localhost:8001/v1/chat/completions "HTTP/1.1 200 OK"
2026-08-29 07:22:04,573 [INFO] HTTP Request: POST http://localhost:8001/v1/chat/completions "HTTP/1.1 200 OK"
2026-08-29 07:22:07,288 [INFO] HTTP Request: POST http://localhost:8001/v1/chat/completions "HTTP/1.1 200 OK"
2026-08-29 07:22:08,469 [INFO] HTTP Request: POST http://localhost:8001/v1/chat/completions "HTTP/1.1 200 OK"
2026-08-29 07:22:10,264 [INFO] HTTP Request: POST http://localhost:8001/v1/chat/completions "HTTP/1.1 200 OK"
2026-08-29 07:22:10,796 [INFO] HTTP Request: POST http://localhost:8001/v1/chat/completions "HTTP/1.1 200 OK"
2026-08-29 07:22:10,797 [INFO] HTTP Request: POST http://localhost:8001/v1/chat/completions "HTTP/1.1 200 OK"
2026-08-29 07:22:13,276 [INFO] HTTP Request: POST http://localhost:8001/v1/chat/completions "HTTP/1.1 200 OK"
2026-08-29 07:22:14,708 [INFO] HTTP Request: POST http://localhost:8001/v1/chat/completions "HTTP/1.1 200 OK"
2026-08-29 07:22:15,115 [INFO] HTTP Request: POST http://localhost:8001/v1/chat/completions "HTTP/1.1 200 OK"
2026-08-29 07:22:15,520 [INFO] HTTP Request: POST http://localhost:8001/v1/chat/completions "HTTP/1.1 200 OK"
2026-08-29 07:22:15,621 [INFO] HTTP Request: POST http://localhost:8001/v1/chat/completions "HTTP/1.1 200 OK"
2026-08-29 07:22:15,822 [INFO] HTTP Request: POST http://localhost:8001/v1/chat/completions "HTTP/1.1 200 OK"
2026-08-29 07:22:17,507 [INFO] HTTP Request: POST http://localhost:8001/v1/chat/completions "HTTP/1.1 200 OK"
2026-08-29 07:22:17,508 [INFO] HTTP Request: POST http://localhost:8001/v1/chat/completions "HTTP/1.1 200 OK"
2026-08-29 07:22:26,203 [INFO] HTTP Request: POST http://localhost:8001/v1/chat/completions "HTTP/1.1 200 OK"
2026-08-29 07:22:48,685 [INFO] HTTP Request: POST http://localhost:8001/v1/chat/completions "HTTP/1.1 200 OK"
2026-08-29 07:22:50,911 [INFO] HTTP Request: POST http://localhost:8001/v1/chat/completions "HTTP/1.1 200 OK"
2026-08-29 07:22:53,424 [INFO] HTTP Request: POST http://localhost:8001/v1/chat/completions "HTTP/1.1 200 OK"
2026-08-29 07:22:54,099 [INFO] HTTP Request: POST http://localhost:8001/v1/chat/completions "HTTP/1.1 200 OK"
2026-08-29 07:22:55,607 [INFO] HTTP Request: POST http://localhost:8001/v1/chat/completions "HTTP/1.1 200 OK"
2026-08-29 07:22:56,171 [INFO] HTTP Request: POST http://localhost:8001/v1/chat/completions "HTTP/1.1 200 OK"
2026-08-29 07:22:57,014 [INFO] HTTP Request: POST http://localhost:8001/v1/chat/completions "HTTP/1.1 200 OK"
2026-08-29 07:22:58,604 [INFO] HTTP Request: POST http://localhost:8001/v1/chat/completions "HTTP/1.1 200 OK"
2026-08-29 07:22:59,156 [INFO] HTTP Request: POST http://localhost:8001/v1/chat/completions "HTTP/1.1 200 OK"
2026-08-29 07:22:59,705 [INFO] HTTP Request: POST http://localhost:8001/v1/chat/completions "HTTP/1.1 200 OK"
2026-08-29 07:23:00,340 [INFO] HTTP Request: POST http://localhost:8001/v1/chat/completions "HTTP/1.1 200 OK"
2026-08-29 07:23:08,928 [INFO] HTTP Request: POST http://localhost:8001/v1/chat/completions "HTTP/1.1 200 OK"
2026-08-29 07:23:09,010 [INFO]   💾 256/13866  [ok=256 skip=0 error=0]
2026-08-29 07:24:07,286 [INFO] HTTP Request: POST http://localhost:8001/v1/chat/completions "HTTP/1.1 200 OK"
2026-08-29 07:24:08,574 [INFO] HTTP Request: POST http://localhost:8001/v1/chat/completions "HTTP/1.1 200 OK"
2026-08-29 07:24:08,575 [INFO] HTTP Request: POST http://localhost:8001/v1/chat/completions "HTTP/1.1 200 OK"
2026-08-29 07:24:10,530 [INFO] HTTP Request: POST http://localhost:8001/v1/chat/completions "HTTP/1.1 200 OK"
2026-08-29 07:24:10,630 [INFO] HTTP Request: POST http://localhost:8001/v1/chat/completions "HTTP/1.1 200 OK"
2026-08-29 07:24:11,058 [INFO] HTTP Request: POST http://localhost:8001/v1/chat/completions "HTTP/1.1 200 OK"
2026-08-29 07:24:13,700 [INFO] HTTP Request: POST http://localhost:8001/v1/chat/completions "HTTP/1.1 200 OK"
2026-08-29 07:24:15,012 [INFO] HTTP Request: POST http://localhost:8001/v1/chat/completions "HTTP/1.1 200 OK"
2026-08-29 07:24:16,606 [INFO] HTTP Request: POST http://localhost:8001/v1/chat/completions "HTTP/1.1 200 OK"
2026-08-29 07:24:17,136 [INFO] HTTP Request: POST http://localhost:8001/v1/chat/completions "HTTP/1.1 200 OK"
2026-08-29 07:24:17,590 [INFO] HTTP Request: POST http://localhost:8001/v1/chat/completions "HTTP/1.1 200 OK"
2026-08-29 07:24:18,475 [INFO] HTTP Request: POST http://localhost:8001/v1/chat/completions "HTTP/1.1 200 OK"
2026-08-29 07:24:18,909 [INFO] HTTP Request: POST http://localhost:8001/v1/chat/completions "HTTP/1.1 200 OK"
2026-08-29 07:24:19,790 [INFO] HTTP Request: POST http://localhost:8001/v1/chat/completions "HTTP/1.1 200 OK"
2026-08-29 07:24:20,238 [INFO] HTTP Request: POST http://localhost:8001/v1/chat/completions "HTTP/1.1 200 OK"
2026-08-29 07:24:22,827 [INFO] HTTP Request: POST http://localhost:8001/v1/chat/completions "HTTP/1.1 200 OK"
2026-08-29 07:24:23,525 [INFO] HTTP Request: POST http://localhost:8001/v1/chat/completions "HTTP/1.1 200 OK"
2026-08-29 07:24:24,219 [INFO] HTTP Request: POST http://localhost:8001/v1/chat/completions "HTTP/1.1 200 OK"
2026-08-29 07:24:33,781 [INFO] HTTP Request: POST http://localhost:8001/v1/chat/completions "HTTP/1.1 200 OK"
2026-08-29 07:24:35,739 [INFO] HTTP Request: POST http://localhost:8001/v1/chat/completions "HTTP/1.1 200 OK"
2026-08-29 07:24:57,074 [INFO] HTTP Request: POST http://localhost:8001/v1/chat/completions "HTTP/1.1 200 OK"
2026-08-29 07:24:57,268 [INFO] HTTP Request: POST http://localhost:8001/v1/chat/completions "HTTP/1.1 200 OK"
2026-08-29 07:24:58,718 [INFO] HTTP Request: POST http://localhost:8001/v1/chat/completions "HTTP/1.1 200 OK"
2026-08-29 07:24:59,877 [INFO] HTTP Request: POST http://localhost:8001/v1/chat/completions "HTTP/1.1 200 OK"
2026-08-29 07:25:00,350 [INFO] HTTP Request: POST http://localhost:8001/v1/chat/completions "HTTP/1.1 200 OK"
2026-08-29 07:25:01,759 [INFO] HTTP Request: POST http://localhost:8001/v1/chat/completions "HTTP/1.1 200 OK"
2026-08-29 07:25:01,853 [INFO] HTTP Request: POST http://localhost:8001/v1/chat/completions "HTTP/1.1 200 OK"
2026-08-29 07:25:01,854 [INFO] HTTP Request: POST http://localhost:8001/v1/chat/completions "HTTP/1.1 200 OK"
2026-08-29 07:25:02,130 [INFO] HTTP Request: POST http://localhost:8001/v1/chat/completions "HTTP/1.1 200 OK"
2026-08-29 07:25:02,771 [INFO] HTTP Request: POST http://localhost:8001/v1/chat/completions "HTTP/1.1 200 OK"
2026-08-29 07:25:02,771 [INFO] HTTP Request: POST http://localhost:8001/v1/chat/completions "HTTP/1.1 200 OK"
2026-08-29 07:25:04,844 [INFO] HTTP Request: POST http://localhost:8001/v1/chat/completions "HTTP/1.1 200 OK"
2026-08-29 07:25:04,928 [INFO]   💾 288/13866  [ok=288 skip=0 error=0]
2026-08-29 07:26:00,516 [INFO] HTTP Request: POST http://localhost:8001/v1/chat/completions "HTTP/1.1 200 OK"
2026-08-29 07:26:04,760 [INFO] HTTP Request: POST http://localhost:8001/v1/chat/completions "HTTP/1.1 200 OK"
2026-08-29 07:26:06,458 [INFO] HTTP Request: POST http://localhost:8001/v1/chat/completions "HTTP/1.1 200 OK"
2026-08-29 07:26:06,989 [INFO] HTTP Request: POST http://localhost:8001/v1/chat/completions "HTTP/1.1 200 OK"
2026-08-29 07:26:06,990 [INFO] HTTP Request: POST http://localhost:8001/v1/chat/completions "HTTP/1.1 200 OK"
2026-08-29 07:26:07,442 [INFO] HTTP Request: POST http://localhost:8001/v1/chat/completions "HTTP/1.1 200 OK"
2026-08-29 07:26:13,033 [INFO] HTTP Request: POST http://localhost:8001/v1/chat/completions "HTTP/1.1 200 OK"
2026-08-29 07:26:14,259 [INFO] HTTP Request: POST http://localhost:8001/v1/chat/completions "HTTP/1.1 200 OK"
2026-08-29 07:26:15,547 [INFO] HTTP Request: POST http://localhost:8001/v1/chat/completions "HTTP/1.1 200 OK"
2026-08-29 07:26:17,419 [INFO] HTTP Request: POST http://localhost:8001/v1/chat/completions "HTTP/1.1 200 OK"
2026-08-29 07:26:17,563 [INFO] HTTP Request: POST http://localhost:8001/v1/chat/completions "HTTP/1.1 200 OK"
2026-08-29 07:26:17,994 [INFO] HTTP Request: POST http://localhost:8001/v1/chat/completions "HTTP/1.1 200 OK"
2026-08-29 07:26:17,995 [INFO] HTTP Request: POST http://localhost:8001/v1/chat/completions "HTTP/1.1 200 OK"
2026-08-29 07:26:18,877 [INFO] HTTP Request: POST http://localhost:8001/v1/chat/completions "HTTP/1.1 200 OK"
2026-08-29 07:26:20,485 [INFO] HTTP Request: POST http://localhost:8001/v1/chat/completions "HTTP/1.1 200 OK"
2026-08-29 07:26:20,486 [INFO] HTTP Request: POST http://localhost:8001/v1/chat/completions "HTTP/1.1 200 OK"
2026-08-29 07:26:21,579 [INFO] HTTP Request: POST http://localhost:8001/v1/chat/completions "HTTP/1.1 200 OK"
2026-08-29 07:26:22,866 [INFO] HTTP Request: POST http://localhost:8001/v1/chat/completions "HTTP/1.1 200 OK"
2026-08-29 07:26:27,005 [INFO] HTTP Request: POST http://localhost:8001/v1/chat/completions "HTTP/1.1 200 OK"
2026-08-29 07:26:36,719 [INFO] HTTP Request: POST http://localhost:8001/v1/chat/completions "HTTP/1.1 200 OK"
2026-08-29 07:26:51,067 [INFO] HTTP Request: POST http://localhost:8001/v1/chat/completions "HTTP/1.1 200 OK"
2026-08-29 07:26:54,650 [INFO] HTTP Request: POST http://localhost:8001/v1/chat/completions "HTTP/1.1 200 OK"
2026-08-29 07:26:55,520 [INFO] HTTP Request: POST http://localhost:8001/v1/chat/completions "HTTP/1.1 200 OK"
2026-08-29 07:26:57,257 [INFO] HTTP Request: POST http://localhost:8001/v1/chat/completions "HTTP/1.1 200 OK"
2026-08-29 07:26:58,952 [INFO] HTTP Request: POST http://localhost:8001/v1/chat/completions "HTTP/1.1 200 OK"
2026-08-29 07:26:59,047 [INFO] HTTP Request: POST http://localhost:8001/v1/chat/completions "HTTP/1.1 200 OK"
2026-08-29 07:26:59,047 [INFO] HTTP Request: POST http://localhost:8001/v1/chat/completions "HTTP/1.1 200 OK"
2026-08-29 07:26:59,981 [INFO] HTTP Request: POST http://localhost:8001/v1/chat/completions "HTTP/1.1 200 OK"
2026-08-29 07:27:01,265 [INFO] HTTP Request: POST http://localhost:8001/v1/chat/completions "HTTP/1.1 200 OK"
2026-08-29 07:27:01,357 [INFO] HTTP Request: POST http://localhost:8001/v1/chat/completions "HTTP/1.1 200 OK"
2026-08-29 07:27:01,719 [INFO] HTTP Request: POST http://localhost:8001/v1/chat/completions "HTTP/1.1 200 OK"
2026-08-29 07:27:04,169 [INFO] HTTP Request: POST http://localhost:8001/v1/chat/completions "HTTP/1.1 200 OK"
2026-08-29 07:27:04,244 [INFO]   💾 320/13866  [ok=320 skip=0 error=0]
2026-08-29 07:28:02,954 [INFO] HTTP Request: POST http://localhost:8001/v1/chat/completions "HTTP/1.1 200 OK"
2026-08-29 07:28:02,955 [INFO] HTTP Request: POST http://localhost:8001/v1/chat/completions "HTTP/1.1 200 OK"
2026-08-29 07:28:03,938 [INFO] HTTP Request: POST http://localhost:8001/v1/chat/completions "HTTP/1.1 200 OK"
2026-08-29 07:28:05,986 [INFO] HTTP Request: POST http://localhost:8001/v1/chat/completions "HTTP/1.1 200 OK"
2026-08-29 07:28:06,088 [INFO] HTTP Request: POST http://localhost:8001/v1/chat/completions "HTTP/1.1 200 OK"
2026-08-29 07:28:08,416 [INFO] HTTP Request: POST http://localhost:8001/v1/chat/completions "HTTP/1.1 200 OK"
2026-08-29 07:28:08,950 [INFO] HTTP Request: POST http://localhost:8001/v1/chat/completions "HTTP/1.1 200 OK"
2026-08-29 07:28:08,950 [INFO] HTTP Request: POST http://localhost:8001/v1/chat/completions "HTTP/1.1 200 OK"
2026-08-29 07:28:10,954 [INFO] HTTP Request: POST http://localhost:8001/v1/chat/completions "HTTP/1.1 200 OK"
2026-08-29 07:28:12,493 [INFO] HTTP Request: POST http://localhost:8001/v1/chat/completions "HTTP/1.1 200 OK"
2026-08-29 07:28:14,847 [INFO] HTTP Request: POST http://localhost:8001/v1/chat/completions "HTTP/1.1 200 OK"
2026-08-29 07:28:16,344 [INFO] HTTP Request: POST http://localhost:8001/v1/chat/completions "HTTP/1.1 200 OK"
2026-08-29 07:28:17,571 [INFO] HTTP Request: POST http://localhost:8001/v1/chat/completions "HTTP/1.1 200 OK"
2026-08-29 07:28:19,747 [INFO] HTTP Request: POST http://localhost:8001/v1/chat/completions "HTTP/1.1 200 OK"
2026-08-29 07:28:20,458 [INFO] HTTP Request: POST http://localhost:8001/v1/chat/completions "HTTP/1.1 200 OK"
2026-08-29 07:28:21,369 [INFO] HTTP Request: POST http://localhost:8001/v1/chat/completions "HTTP/1.1 200 OK"
2026-08-29 07:28:21,470 [INFO] HTTP Request: POST http://localhost:8001/v1/chat/completions "HTTP/1.1 200 OK"
2026-08-29 07:28:22,364 [INFO] HTTP Request: POST http://localhost:8001/v1/chat/completions "HTTP/1.1 200 OK"
2026-08-29 07:28:23,154 [INFO] HTTP Request: POST http://localhost:8001/v1/chat/completions "HTTP/1.1 200 OK"
2026-08-29 07:28:27,182 [INFO] HTTP Request: POST http://localhost:8001/v1/chat/completions "HTTP/1.1 200 OK"
2026-08-29 07:28:46,784 [INFO] HTTP Request: POST http://localhost:8001/v1/chat/completions "HTTP/1.1 200 OK"
2026-08-29 07:28:51,729 [INFO] HTTP Request: POST http://localhost:8001/v1/chat/completions "HTTP/1.1 200 OK"
2026-08-29 07:28:54,535 [INFO] HTTP Request: POST http://localhost:8001/v1/chat/completions "HTTP/1.1 200 OK"
2026-08-29 07:28:56,848 [INFO] HTTP Request: POST http://localhost:8001/v1/chat/completions "HTTP/1.1 200 OK"
2026-08-29 07:28:58,547 [INFO] HTTP Request: POST http://localhost:8001/v1/chat/completions "HTTP/1.1 200 OK"
2026-08-29 07:28:58,641 [INFO] HTTP Request: POST http://localhost:8001/v1/chat/completions "HTTP/1.1 200 OK"
2026-08-29 07:28:58,736 [INFO] HTTP Request: POST http://localhost:8001/v1/chat/completions "HTTP/1.1 200 OK"
2026-08-29 07:28:59,111 [INFO] HTTP Request: POST http://localhost:8001/v1/chat/completions "HTTP/1.1 200 OK"
2026-08-29 07:29:00,122 [INFO] HTTP Request: POST http://localhost:8001/v1/chat/completions "HTTP/1.1 200 OK"
2026-08-29 07:29:01,586 [INFO] HTTP Request: POST http://localhost:8001/v1/chat/completions "HTTP/1.1 200 OK"
